2026-04-27 21:59:31,741 | INFO | loaded field candidate file=/Users/zpdedn/Documents/project/Worldquantbrain/runs/research-contracts/2026-04-27-pv13-remaining-field_candidates.json
2026-04-27 21:59:31,742 | INFO | batch_id=2026-04-27-pv13-remaining-batch-01
2026-04-27 21:59:31,742 | INFO | field_count=10
2026-04-27 21:59:31,742 | INFO | generated_candidates=240
2026-04-27 21:59:31,881 | WARNING | similarity warning candidate=2026-04-27-pv13-remaining-batch-01:pv13_ustomergraphrank_auth_rank:1:20:None score=0.772 match_level=structural
2026-04-27 21:59:32,008 | WARNING | similarity warning candidate=2026-04-27-pv13-remaining-batch-01:pv13_ustomergraphrank_auth_rank:1:20:Market score=0.772 match_level=structural
2026-04-27 21:59:32,130 | WARNING | similarity warning candidate=2026-04-27-pv13-remaining-batch-01:pv13_ustomergraphrank_auth_rank:1:60:None score=0.772 match_level=structural
2026-04-27 21:59:32,252 | WARNING | similarity warning candidate=2026-04-27-pv13-remaining-batch-01:pv13_ustomergraphrank_auth_rank:1:60:Market score=0.772 match_level=structural
2026-04-27 21:59:32,370 | WARNING | similarity warning candidate=2026-04-27-pv13-remaining-batch-01:pv13_ustomergraphrank_auth_rank:1:120:None score=0.773 match_level=structural
2026-04-27 21:59:32,489 | WARNING | similarity warning candidate=2026-04-27-pv13-remaining-batch-01:pv13_ustomergraphrank_auth_rank:1:120:Market score=0.773 match_level=structural
2026-04-27 21:59:32,609 | WARNING | similarity warning candidate=2026-04-27-pv13-remaining-batch-01:pv13_ustomergraphrank_auth_rank:2:20:None score=0.769 match_level=structural
2026-04-27 21:59:32,733 | WARNING | similarity warning candidate=2026-04-27-pv13-remaining-batch-01:pv13_ustomergraphrank_auth_rank:2:20:Market score=0.769 match_level=structural
2026-04-27 21:59:32,857 | WARNING | similarity warning candidate=2026-04-27-pv13-remaining-batch-01:pv13_ustomergraphrank_auth_rank:2:60:None score=0.760 match_level=structural
2026-04-27 21:59:32,978 | WARNING | similarity warning candidate=2026-04-27-pv13-remaining-batch-01:pv13_ustomergraphrank_auth_rank:2:60:Market score=0.760 match_level=structural
2026-04-27 21:59:33,104 | WARNING | similarity warning candidate=2026-04-27-pv13-remaining-batch-01:pv13_ustomergraphrank_auth_rank:2:120:None score=0.774 match_level=structural
2026-04-27 21:59:33,226 | WARNING | similarity warning candidate=2026-04-27-pv13-remaining-batch-01:pv13_ustomergraphrank_auth_rank:2:120:Market score=0.774 match_level=structural
2026-04-27 21:59:34,923 | WARNING | similarity warning candidate=2026-04-27-pv13-remaining-batch-01:pv13_ustomergraphrank_hub_rank:1:20:None score=0.767 match_level=structural
2026-04-27 21:59:35,037 | WARNING | similarity warning candidate=2026-04-27-pv13-remaining-batch-01:pv13_ustomergraphrank_hub_rank:1:20:Market score=0.767 match_level=structural
2026-04-27 21:59:35,150 | WARNING | similarity warning candidate=2026-04-27-pv13-remaining-batch-01:pv13_ustomergraphrank_hub_rank:1:60:None score=0.767 match_level=structural
2026-04-27 21:59:35,263 | WARNING | similarity warning candidate=2026-04-27-pv13-remaining-batch-01:pv13_ustomergraphrank_hub_rank:1:60:Market score=0.767 match_level=structural
2026-04-27 21:59:35,380 | WARNING | similarity warning candidate=2026-04-27-pv13-remaining-batch-01:pv13_ustomergraphrank_hub_rank:1:120:None score=0.768 match_level=structural
2026-04-27 21:59:35,497 | WARNING | similarity warning candidate=2026-04-27-pv13-remaining-batch-01:pv13_ustomergraphrank_hub_rank:1:120:Market score=0.768 match_level=structural
2026-04-27 21:59:35,617 | WARNING | similarity warning candidate=2026-04-27-pv13-remaining-batch-01:pv13_ustomergraphrank_hub_rank:2:20:None score=0.764 match_level=structural
2026-04-27 21:59:35,736 | WARNING | similarity warning candidate=2026-04-27-pv13-remaining-batch-01:pv13_ustomergraphrank_hub_rank:2:20:Market score=0.764 match_level=structural
2026-04-27 21:59:35,856 | WARNING | similarity warning candidate=2026-04-27-pv13-remaining-batch-01:pv13_ustomergraphrank_hub_rank:2:60:None score=0.756 match_level=structural
2026-04-27 21:59:35,976 | WARNING | similarity warning candidate=2026-04-27-pv13-remaining-batch-01:pv13_ustomergraphrank_hub_rank:2:60:Market score=0.756 match_level=structural
2026-04-27 21:59:36,097 | WARNING | similarity warning candidate=2026-04-27-pv13-remaining-batch-01:pv13_ustomergraphrank_hub_rank:2:120:None score=0.769 match_level=structural
2026-04-27 21:59:36,217 | WARNING | similarity warning candidate=2026-04-27-pv13-remaining-batch-01:pv13_ustomergraphrank_hub_rank:2:120:Market score=0.769 match_level=structural
2026-04-27 21:59:38,013 | WARNING | similarity warning candidate=2026-04-27-pv13-remaining-batch-01:pv13_ompetitorgraphrank_hub_rank:1:20:None score=0.731 match_level=structural
2026-04-27 21:59:38,133 | WARNING | similarity warning candidate=2026-04-27-pv13-remaining-batch-01:pv13_ompetitorgraphrank_hub_rank:1:20:Market score=0.731 match_level=structural
2026-04-27 21:59:38,253 | WARNING | similarity warning candidate=2026-04-27-pv13-remaining-batch-01:pv13_ompetitorgraphrank_hub_rank:1:60:None score=0.731 match_level=structural
2026-04-27 21:59:38,374 | WARNING | similarity warning candidate=2026-04-27-pv13-remaining-batch-01:pv13_ompetitorgraphrank_hub_rank:1:60:Market score=0.731 match_level=structural
2026-04-27 21:59:38,496 | WARNING | similarity warning candidate=2026-04-27-pv13-remaining-batch-01:pv13_ompetitorgraphrank_hub_rank:1:120:None score=0.733 match_level=structural
2026-04-27 21:59:38,619 | WARNING | similarity warning candidate=2026-04-27-pv13-remaining-batch-01:pv13_ompetitorgraphrank_hub_rank:1:120:Market score=0.733 match_level=structural
2026-04-27 21:59:38,743 | WARNING | similarity warning candidate=2026-04-27-pv13-remaining-batch-01:pv13_ompetitorgraphrank_hub_rank:2:20:None score=0.730 match_level=structural
2026-04-27 21:59:38,867 | WARNING | similarity warning candidate=2026-04-27-pv13-remaining-batch-01:pv13_ompetitorgraphrank_hub_rank:2:20:Market score=0.730 match_level=structural
2026-04-27 21:59:38,995 | WARNING | similarity warning candidate=2026-04-27-pv13-remaining-batch-01:pv13_ompetitorgraphrank_hub_rank:2:60:None score=0.722 match_level=structural
2026-04-27 21:59:39,124 | WARNING | similarity warning candidate=2026-04-27-pv13-remaining-batch-01:pv13_ompetitorgraphrank_hub_rank:2:60:Market score=0.722 match_level=structural
2026-04-27 21:59:39,256 | WARNING | similarity warning candidate=2026-04-27-pv13-remaining-batch-01:pv13_ompetitorgraphrank_hub_rank:2:120:None score=0.735 match_level=structural
2026-04-27 21:59:39,385 | WARNING | similarity warning candidate=2026-04-27-pv13-remaining-batch-01:pv13_ompetitorgraphrank_hub_rank:2:120:Market score=0.735 match_level=structural
2026-04-27 21:59:43,065 | WARNING | similarity warning candidate=2026-04-27-pv13-remaining-batch-01:pv13_com_rk_au:1:20:None score=0.729 match_level=structural
2026-04-27 21:59:43,145 | WARNING | similarity warning candidate=2026-04-27-pv13-remaining-batch-01:pv13_com_rk_au:1:20:Market score=0.729 match_level=structural
2026-04-27 21:59:43,227 | WARNING | similarity warning candidate=2026-04-27-pv13-remaining-batch-01:pv13_com_rk_au:1:60:None score=0.729 match_level=structural
2026-04-27 21:59:43,304 | WARNING | similarity warning candidate=2026-04-27-pv13-remaining-batch-01:pv13_com_rk_au:1:60:Market score=0.729 match_level=structural
2026-04-27 21:59:43,384 | WARNING | similarity warning candidate=2026-04-27-pv13-remaining-batch-01:pv13_com_rk_au:1:120:None score=0.731 match_level=structural
2026-04-27 21:59:43,465 | WARNING | similarity warning candidate=2026-04-27-pv13-remaining-batch-01:pv13_com_rk_au:1:120:Market score=0.731 match_level=structural
2026-04-27 21:59:43,548 | WARNING | similarity warning candidate=2026-04-27-pv13-remaining-batch-01:pv13_com_rk_au:2:20:None score=0.728 match_level=structural
2026-04-27 21:59:43,631 | WARNING | similarity warning candidate=2026-04-27-pv13-remaining-batch-01:pv13_com_rk_au:2:20:Market score=0.728 match_level=structural
2026-04-27 21:59:43,714 | WARNING | similarity warning candidate=2026-04-27-pv13-remaining-batch-01:pv13_com_rk_au:2:60:None score=0.715 match_level=structural
2026-04-27 21:59:43,798 | WARNING | similarity warning candidate=2026-04-27-pv13-remaining-batch-01:pv13_com_rk_au:2:60:Market score=0.715 match_level=structural
2026-04-27 21:59:43,883 | WARNING | similarity warning candidate=2026-04-27-pv13-remaining-batch-01:pv13_com_rk_au:2:120:None score=0.735 match_level=structural
2026-04-27 21:59:43,968 | WARNING | similarity warning candidate=2026-04-27-pv13-remaining-batch-01:pv13_com_rk_au:2:120:Market score=0.735 match_level=structural
2026-04-27 21:59:44,550 | WARNING | similarity warning candidate=2026-04-27-pv13-remaining-batch-01:pv13_com_rk_au:4:20:None score=0.701 match_level=structural
2026-04-27 21:59:44,660 | WARNING | similarity warning candidate=2026-04-27-pv13-remaining-batch-01:pv13_com_rk_au:4:20:Market score=0.701 match_level=structural
2026-04-27 21:59:44,768 | WARNING | similarity warning candidate=2026-04-27-pv13-remaining-batch-01:pv13_com_rk_au:4:60:None score=0.711 match_level=structural
2026-04-27 21:59:44,878 | WARNING | similarity warning candidate=2026-04-27-pv13-remaining-batch-01:pv13_com_rk_au:4:60:Market score=0.711 match_level=structural
2026-04-27 21:59:49,221 | WARNING | similarity warning candidate=2026-04-27-pv13-remaining-batch-01:pv13_revere_key_sector_total:1:20:None score=0.990 match_level=structural
2026-04-27 21:59:49,339 | WARNING | similarity warning candidate=2026-04-27-pv13-remaining-batch-01:pv13_revere_key_sector_total:1:20:Market score=0.990 match_level=structural
2026-04-27 21:59:49,339 | INFO | duplicate skipped candidate=2026-04-27-pv13-remaining-batch-01:pv13_revere_key_sector_total:1:60:None match_level=exact score=1.000
2026-04-27 21:59:49,339 | INFO | duplicate skipped candidate=2026-04-27-pv13-remaining-batch-01:pv13_revere_key_sector_total:1:60:Market match_level=exact score=1.000
2026-04-27 21:59:49,452 | WARNING | similarity warning candidate=2026-04-27-pv13-remaining-batch-01:pv13_revere_key_sector_total:1:120:None score=0.985 match_level=structural
2026-04-27 21:59:49,564 | WARNING | similarity warning candidate=2026-04-27-pv13-remaining-batch-01:pv13_revere_key_sector_total:1:120:Market score=0.985 match_level=structural
2026-04-27 21:59:50,379 | WARNING | similarity warning candidate=2026-04-27-pv13-remaining-batch-01:pv13_revere_key_sector_total:3:20:None score=0.754 match_level=structural
2026-04-27 21:59:50,494 | WARNING | similarity warning candidate=2026-04-27-pv13-remaining-batch-01:pv13_revere_key_sector_total:3:20:Market score=0.754 match_level=structural
2026-04-27 21:59:50,606 | WARNING | similarity warning candidate=2026-04-27-pv13-remaining-batch-01:pv13_revere_key_sector_total:3:60:None score=0.763 match_level=structural
2026-04-27 21:59:50,716 | WARNING | similarity warning candidate=2026-04-27-pv13-remaining-batch-01:pv13_revere_key_sector_total:3:60:Market score=0.763 match_level=structural
2026-04-27 21:59:50,830 | WARNING | similarity warning candidate=2026-04-27-pv13-remaining-batch-01:pv13_revere_key_sector_total:3:120:None score=0.750 match_level=structural
2026-04-27 21:59:50,947 | WARNING | similarity warning candidate=2026-04-27-pv13-remaining-batch-01:pv13_revere_key_sector_total:3:120:Market score=0.750 match_level=structural
2026-04-27 21:59:51,091 | WARNING | similarity warning candidate=2026-04-27-pv13-remaining-batch-01:pv13_revere_key_sector_total:4:20:None score=0.992 match_level=structural
2026-04-27 21:59:51,232 | WARNING | similarity warning candidate=2026-04-27-pv13-remaining-batch-01:pv13_revere_key_sector_total:4:20:Market score=0.992 match_level=structural
2026-04-27 21:59:51,233 | INFO | duplicate skipped candidate=2026-04-27-pv13-remaining-batch-01:pv13_revere_key_sector_total:4:60:None match_level=exact score=1.000
2026-04-27 21:59:51,233 | INFO | duplicate skipped candidate=2026-04-27-pv13-remaining-batch-01:pv13_revere_key_sector_total:4:60:Market match_level=exact score=1.000
2026-04-27 21:59:51,380 | WARNING | similarity warning candidate=2026-04-27-pv13-remaining-batch-01:pv13_revere_key_sector_total:4:120:None score=0.989 match_level=structural
2026-04-27 21:59:51,523 | WARNING | similarity warning candidate=2026-04-27-pv13-remaining-batch-01:pv13_revere_key_sector_total:4:120:Market score=0.989 match_level=structural
2026-04-27 21:59:53,571 | WARNING | similarity warning candidate=2026-04-27-pv13-remaining-batch-01:pv13_revere_index_value:1:20:None score=0.989 match_level=structural
2026-04-27 21:59:53,670 | WARNING | similarity warning candidate=2026-04-27-pv13-remaining-batch-01:pv13_revere_index_value:1:20:Market score=0.989 match_level=structural
2026-04-27 21:59:53,670 | INFO | duplicate skipped candidate=2026-04-27-pv13-remaining-batch-01:pv13_revere_index_value:1:60:None match_level=exact score=1.000
2026-04-27 21:59:53,670 | INFO | duplicate skipped candidate=2026-04-27-pv13-remaining-batch-01:pv13_revere_index_value:1:60:Market match_level=exact score=1.000
2026-04-27 21:59:53,772 | WARNING | similarity warning candidate=2026-04-27-pv13-remaining-batch-01:pv13_revere_index_value:1:120:None score=0.983 match_level=structural
2026-04-27 21:59:53,872 | WARNING | similarity warning candidate=2026-04-27-pv13-remaining-batch-01:pv13_revere_index_value:1:120:Market score=0.983 match_level=structural
2026-04-27 21:59:54,597 | WARNING | similarity warning candidate=2026-04-27-pv13-remaining-batch-01:pv13_revere_index_value:3:20:None score=0.747 match_level=structural
2026-04-27 21:59:54,695 | WARNING | similarity warning candidate=2026-04-27-pv13-remaining-batch-01:pv13_revere_index_value:3:20:Market score=0.747 match_level=structural
2026-04-27 21:59:54,794 | WARNING | similarity warning candidate=2026-04-27-pv13-remaining-batch-01:pv13_revere_index_value:3:60:None score=0.756 match_level=structural
2026-04-27 21:59:54,892 | WARNING | similarity warning candidate=2026-04-27-pv13-remaining-batch-01:pv13_revere_index_value:3:60:Market score=0.756 match_level=structural
2026-04-27 21:59:54,993 | WARNING | similarity warning candidate=2026-04-27-pv13-remaining-batch-01:pv13_revere_index_value:3:120:None score=0.743 match_level=structural
2026-04-27 21:59:55,094 | WARNING | similarity warning candidate=2026-04-27-pv13-remaining-batch-01:pv13_revere_index_value:3:120:Market score=0.743 match_level=structural
2026-04-27 21:59:55,226 | WARNING | similarity warning candidate=2026-04-27-pv13-remaining-batch-01:pv13_revere_index_value:4:20:None score=0.991 match_level=structural
2026-04-27 21:59:55,358 | WARNING | similarity warning candidate=2026-04-27-pv13-remaining-batch-01:pv13_revere_index_value:4:20:Market score=0.991 match_level=structural
2026-04-27 21:59:55,358 | INFO | duplicate skipped candidate=2026-04-27-pv13-remaining-batch-01:pv13_revere_index_value:4:60:None match_level=exact score=1.000
2026-04-27 21:59:55,358 | INFO | duplicate skipped candidate=2026-04-27-pv13-remaining-batch-01:pv13_revere_index_value:4:60:Market match_level=exact score=1.000
2026-04-27 21:59:55,489 | WARNING | similarity warning candidate=2026-04-27-pv13-remaining-batch-01:pv13_revere_index_value:4:120:None score=0.987 match_level=structural
2026-04-27 21:59:55,622 | WARNING | similarity warning candidate=2026-04-27-pv13-remaining-batch-01:pv13_revere_index_value:4:120:Market score=0.987 match_level=structural
2026-04-27 21:59:55,622 | INFO | dedupe summary total=240 duplicates=8 warnings=80 remaining=232
2026-04-27 21:59:55,625 | INFO | live mode start
2026-04-27 21:59:55,625 | INFO | planned_candidates=50
2026-04-27 21:59:55,625 | INFO | project_root=/Users/zpdedn/Documents/project/Worldquantbrain
2026-04-27 21:59:55,625 | INFO | fields_file=/Users/zpdedn/Documents/project/Worldquantbrain/runs/research-contracts/2026-04-27-pv13-remaining-field_candidates.json
2026-04-27 21:59:55,625 | INFO | ledger_path=/Users/zpdedn/Documents/project/Worldquantbrain/runs/evidence/result_ledger.db
2026-04-27 21:59:55,625 | INFO | progress_path=/Users/zpdedn/Documents/project/Worldquantbrain/runs/evidence/batch_progress.json
2026-04-27 21:59:55,625 | INFO | run_mode=live test_mode=False
2026-04-27 21:59:55,625 | INFO | api_base_url=https://api.worldquantbrain.com
2026-04-27 21:59:55,625 | INFO | auth_mode=basic
2026-04-27 21:59:55,625 | INFO | missing_config=none
2026-04-27 21:59:55,625 | INFO | daily_count=4 warn_at=3800 limit=4000
2026-04-27 21:59:57,116 | INFO | progress saved path=/Users/zpdedn/Documents/project/Worldquantbrain/runs/evidence/batch_progress.json records=5
2026-04-27 22:02:15,097 | WARNING | poll timed out alpha_id=https://api.worldquantbrain.com/simulations/3QeQdT23P4PlaLsmUgspXp7 after 20 retries
2026-04-27 22:02:15,099 | WARNING | poll timeout or pending result candidate=2026-04-27-pv13-remaining-batch-01:pv13_revere_index_value:1:120:Market submission=https://api.worldquantbrain.com/simulations/3QeQdT23P4PlaLsmUgspXp7
2026-04-27 22:02:15,105 | INFO | progress saved path=/Users/zpdedn/Documents/project/Worldquantbrain/runs/evidence/batch_progress.json records=5
2026-04-27 22:02:15,440 | INFO | progress saved path=/Users/zpdedn/Documents/project/Worldquantbrain/runs/evidence/batch_progress.json records=6
2026-04-27 22:02:45,513 | WARNING | poll transient network error alpha_id=https://api.worldquantbrain.com/simulations/3Gb4xS7pe5089U11kXlxuZJ attempt=1 error=('Connection aborted.', RemoteDisconnected('Remote end closed connection without response'))
2026-04-27 22:05:15,150 | WARNING | poll timed out alpha_id=https://api.worldquantbrain.com/simulations/3Gb4xS7pe5089U11kXlxuZJ after 20 retries
2026-04-27 22:05:15,152 | WARNING | poll timeout or pending result candidate=2026-04-27-pv13-remaining-batch-01:pv13_revere_key_sector_total:1:120:Market submission=https://api.worldquantbrain.com/simulations/3Gb4xS7pe5089U11kXlxuZJ
2026-04-27 22:05:15,155 | INFO | progress saved path=/Users/zpdedn/Documents/project/Worldquantbrain/runs/evidence/batch_progress.json records=6
2026-04-27 22:05:15,508 | INFO | progress saved path=/Users/zpdedn/Documents/project/Worldquantbrain/runs/evidence/batch_progress.json records=7
2026-04-27 22:05:46,453 | WARNING | poll transient network error alpha_id=https://api.worldquantbrain.com/simulations/45hXQieXE54190aBhAEtHd0 attempt=1 error=('Connection aborted.', RemoteDisconnected('Remote end closed connection without response'))
2026-04-27 22:08:02,497 | WARNING | poll timed out alpha_id=https://api.worldquantbrain.com/simulations/45hXQieXE54190aBhAEtHd0 after 20 retries
2026-04-27 22:08:02,499 | WARNING | poll timeout or pending result candidate=2026-04-27-pv13-remaining-batch-01:pv13_ompetitorgraphrank_hub_rank:1:120:Market submission=https://api.worldquantbrain.com/simulations/45hXQieXE54190aBhAEtHd0
2026-04-27 22:08:02,508 | INFO | progress saved path=/Users/zpdedn/Documents/project/Worldquantbrain/runs/evidence/batch_progress.json records=7
2026-04-27 22:08:02,878 | INFO | progress saved path=/Users/zpdedn/Documents/project/Worldquantbrain/runs/evidence/batch_progress.json records=8
2026-04-27 22:08:32,891 | WARNING | poll transient network error alpha_id=https://api.worldquantbrain.com/simulations/qMUsogRR4qIc9F10UNncSmL attempt=1 error=('Connection aborted.', RemoteDisconnected('Remote end closed connection without response'))
2026-04-27 22:10:21,830 | WARNING | poll transient network error alpha_id=https://api.worldquantbrain.com/simulations/qMUsogRR4qIc9F10UNncSmL attempt=12 error=('Connection aborted.', RemoteDisconnected('Remote end closed connection without response'))
2026-04-27 22:11:54,528 | WARNING | poll transient network error alpha_id=https://api.worldquantbrain.com/simulations/qMUsogRR4qIc9F10UNncSmL attempt=15 error=('Connection aborted.', RemoteDisconnected('Remote end closed connection without response'))
2026-04-27 22:13:28,922 | WARNING | poll transient network error alpha_id=https://api.worldquantbrain.com/simulations/qMUsogRR4qIc9F10UNncSmL attempt=18 error=('Connection aborted.', RemoteDisconnected('Remote end closed connection without response'))
2026-04-27 22:18:34,575 | INFO | loaded field candidate file=/Users/zpdedn/Documents/project/Worldquantbrain/runs/research-contracts/2026-04-27-pv13-remaining-field_candidates.json
2026-04-27 22:18:34,575 | INFO | batch_id=2026-04-27-pv13-remaining-batch-01
2026-04-27 22:18:34,575 | INFO | field_count=10
2026-04-27 22:18:34,575 | INFO | generated_candidates=240
2026-04-27 22:18:34,716 | WARNING | similarity warning candidate=2026-04-27-pv13-remaining-batch-01:pv13_ustomergraphrank_auth_rank:1:20:None score=0.772 match_level=structural
2026-04-27 22:18:34,842 | WARNING | similarity warning candidate=2026-04-27-pv13-remaining-batch-01:pv13_ustomergraphrank_auth_rank:1:20:Market score=0.772 match_level=structural
2026-04-27 22:18:34,969 | WARNING | similarity warning candidate=2026-04-27-pv13-remaining-batch-01:pv13_ustomergraphrank_auth_rank:1:60:None score=0.772 match_level=structural
2026-04-27 22:18:35,093 | WARNING | similarity warning candidate=2026-04-27-pv13-remaining-batch-01:pv13_ustomergraphrank_auth_rank:1:60:Market score=0.772 match_level=structural
2026-04-27 22:18:35,213 | WARNING | similarity warning candidate=2026-04-27-pv13-remaining-batch-01:pv13_ustomergraphrank_auth_rank:1:120:None score=0.773 match_level=structural
2026-04-27 22:18:35,333 | WARNING | similarity warning candidate=2026-04-27-pv13-remaining-batch-01:pv13_ustomergraphrank_auth_rank:1:120:Market score=0.773 match_level=structural
2026-04-27 22:18:35,456 | WARNING | similarity warning candidate=2026-04-27-pv13-remaining-batch-01:pv13_ustomergraphrank_auth_rank:2:20:None score=0.769 match_level=structural
2026-04-27 22:18:35,578 | WARNING | similarity warning candidate=2026-04-27-pv13-remaining-batch-01:pv13_ustomergraphrank_auth_rank:2:20:Market score=0.769 match_level=structural
2026-04-27 22:18:35,702 | WARNING | similarity warning candidate=2026-04-27-pv13-remaining-batch-01:pv13_ustomergraphrank_auth_rank:2:60:None score=0.760 match_level=structural
2026-04-27 22:18:35,826 | WARNING | similarity warning candidate=2026-04-27-pv13-remaining-batch-01:pv13_ustomergraphrank_auth_rank:2:60:Market score=0.760 match_level=structural
2026-04-27 22:18:35,952 | WARNING | similarity warning candidate=2026-04-27-pv13-remaining-batch-01:pv13_ustomergraphrank_auth_rank:2:120:None score=0.774 match_level=structural
2026-04-27 22:18:36,079 | WARNING | similarity warning candidate=2026-04-27-pv13-remaining-batch-01:pv13_ustomergraphrank_auth_rank:2:120:Market score=0.774 match_level=structural
2026-04-27 22:18:37,858 | WARNING | similarity warning candidate=2026-04-27-pv13-remaining-batch-01:pv13_ustomergraphrank_hub_rank:1:20:None score=0.767 match_level=structural
2026-04-27 22:18:37,974 | WARNING | similarity warning candidate=2026-04-27-pv13-remaining-batch-01:pv13_ustomergraphrank_hub_rank:1:20:Market score=0.767 match_level=structural
2026-04-27 22:18:38,091 | WARNING | similarity warning candidate=2026-04-27-pv13-remaining-batch-01:pv13_ustomergraphrank_hub_rank:1:60:None score=0.767 match_level=structural
2026-04-27 22:18:38,208 | WARNING | similarity warning candidate=2026-04-27-pv13-remaining-batch-01:pv13_ustomergraphrank_hub_rank:1:60:Market score=0.767 match_level=structural
2026-04-27 22:18:38,328 | WARNING | similarity warning candidate=2026-04-27-pv13-remaining-batch-01:pv13_ustomergraphrank_hub_rank:1:120:None score=0.768 match_level=structural
2026-04-27 22:18:38,446 | WARNING | similarity warning candidate=2026-04-27-pv13-remaining-batch-01:pv13_ustomergraphrank_hub_rank:1:120:Market score=0.768 match_level=structural
2026-04-27 22:18:38,566 | WARNING | similarity warning candidate=2026-04-27-pv13-remaining-batch-01:pv13_ustomergraphrank_hub_rank:2:20:None score=0.764 match_level=structural
2026-04-27 22:18:38,687 | WARNING | similarity warning candidate=2026-04-27-pv13-remaining-batch-01:pv13_ustomergraphrank_hub_rank:2:20:Market score=0.764 match_level=structural
2026-04-27 22:18:38,807 | WARNING | similarity warning candidate=2026-04-27-pv13-remaining-batch-01:pv13_ustomergraphrank_hub_rank:2:60:None score=0.756 match_level=structural
2026-04-27 22:18:38,928 | WARNING | similarity warning candidate=2026-04-27-pv13-remaining-batch-01:pv13_ustomergraphrank_hub_rank:2:60:Market score=0.756 match_level=structural
2026-04-27 22:18:39,050 | WARNING | similarity warning candidate=2026-04-27-pv13-remaining-batch-01:pv13_ustomergraphrank_hub_rank:2:120:None score=0.769 match_level=structural
2026-04-27 22:18:39,174 | WARNING | similarity warning candidate=2026-04-27-pv13-remaining-batch-01:pv13_ustomergraphrank_hub_rank:2:120:Market score=0.769 match_level=structural
2026-04-27 22:18:40,892 | WARNING | similarity warning candidate=2026-04-27-pv13-remaining-batch-01:pv13_ompetitorgraphrank_hub_rank:1:20:None score=0.996 match_level=structural
2026-04-27 22:18:41,013 | WARNING | similarity warning candidate=2026-04-27-pv13-remaining-batch-01:pv13_ompetitorgraphrank_hub_rank:1:20:Market score=0.996 match_level=structural
2026-04-27 22:18:41,134 | WARNING | similarity warning candidate=2026-04-27-pv13-remaining-batch-01:pv13_ompetitorgraphrank_hub_rank:1:60:None score=0.987 match_level=structural
2026-04-27 22:18:41,253 | WARNING | similarity warning candidate=2026-04-27-pv13-remaining-batch-01:pv13_ompetitorgraphrank_hub_rank:1:60:Market score=0.987 match_level=structural
2026-04-27 22:18:41,254 | INFO | duplicate skipped candidate=2026-04-27-pv13-remaining-batch-01:pv13_ompetitorgraphrank_hub_rank:1:120:None match_level=exact score=1.000
2026-04-27 22:18:41,254 | INFO | duplicate skipped candidate=2026-04-27-pv13-remaining-batch-01:pv13_ompetitorgraphrank_hub_rank:1:120:Market match_level=exact score=1.000
2026-04-27 22:18:41,378 | WARNING | similarity warning candidate=2026-04-27-pv13-remaining-batch-01:pv13_ompetitorgraphrank_hub_rank:2:20:None score=0.730 match_level=structural
2026-04-27 22:18:41,503 | WARNING | similarity warning candidate=2026-04-27-pv13-remaining-batch-01:pv13_ompetitorgraphrank_hub_rank:2:20:Market score=0.730 match_level=structural
2026-04-27 22:18:41,627 | WARNING | similarity warning candidate=2026-04-27-pv13-remaining-batch-01:pv13_ompetitorgraphrank_hub_rank:2:60:None score=0.722 match_level=structural
2026-04-27 22:18:41,754 | WARNING | similarity warning candidate=2026-04-27-pv13-remaining-batch-01:pv13_ompetitorgraphrank_hub_rank:2:60:Market score=0.722 match_level=structural
2026-04-27 22:18:41,883 | WARNING | similarity warning candidate=2026-04-27-pv13-remaining-batch-01:pv13_ompetitorgraphrank_hub_rank:2:120:None score=0.735 match_level=structural
2026-04-27 22:18:42,013 | WARNING | similarity warning candidate=2026-04-27-pv13-remaining-batch-01:pv13_ompetitorgraphrank_hub_rank:2:120:Market score=0.735 match_level=structural
2026-04-27 22:18:42,133 | WARNING | similarity warning candidate=2026-04-27-pv13-remaining-batch-01:pv13_ompetitorgraphrank_hub_rank:3:20:None score=0.708 match_level=structural
2026-04-27 22:18:42,256 | WARNING | similarity warning candidate=2026-04-27-pv13-remaining-batch-01:pv13_ompetitorgraphrank_hub_rank:3:20:Market score=0.708 match_level=structural
2026-04-27 22:18:42,619 | WARNING | similarity warning candidate=2026-04-27-pv13-remaining-batch-01:pv13_ompetitorgraphrank_hub_rank:3:120:None score=0.712 match_level=structural
2026-04-27 22:18:42,743 | WARNING | similarity warning candidate=2026-04-27-pv13-remaining-batch-01:pv13_ompetitorgraphrank_hub_rank:3:120:Market score=0.712 match_level=structural
2026-04-27 22:18:42,894 | WARNING | similarity warning candidate=2026-04-27-pv13-remaining-batch-01:pv13_ompetitorgraphrank_hub_rank:4:20:None score=0.799 match_level=structural
2026-04-27 22:18:43,045 | WARNING | similarity warning candidate=2026-04-27-pv13-remaining-batch-01:pv13_ompetitorgraphrank_hub_rank:4:20:Market score=0.799 match_level=structural
2026-04-27 22:18:43,196 | WARNING | similarity warning candidate=2026-04-27-pv13-remaining-batch-01:pv13_ompetitorgraphrank_hub_rank:4:60:None score=0.791 match_level=structural
2026-04-27 22:18:43,348 | WARNING | similarity warning candidate=2026-04-27-pv13-remaining-batch-01:pv13_ompetitorgraphrank_hub_rank:4:60:Market score=0.791 match_level=structural
2026-04-27 22:18:43,503 | WARNING | similarity warning candidate=2026-04-27-pv13-remaining-batch-01:pv13_ompetitorgraphrank_hub_rank:4:120:None score=0.803 match_level=structural
2026-04-27 22:18:43,657 | WARNING | similarity warning candidate=2026-04-27-pv13-remaining-batch-01:pv13_ompetitorgraphrank_hub_rank:4:120:Market score=0.803 match_level=structural
2026-04-27 22:18:45,689 | WARNING | similarity warning candidate=2026-04-27-pv13-remaining-batch-01:pv13_com_rk_au:1:20:None score=0.992 match_level=structural
2026-04-27 22:18:45,766 | WARNING | similarity warning candidate=2026-04-27-pv13-remaining-batch-01:pv13_com_rk_au:1:20:Market score=0.992 match_level=structural
2026-04-27 22:18:45,842 | WARNING | similarity warning candidate=2026-04-27-pv13-remaining-batch-01:pv13_com_rk_au:1:60:None score=0.977 match_level=structural
2026-04-27 22:18:45,919 | WARNING | similarity warning candidate=2026-04-27-pv13-remaining-batch-01:pv13_com_rk_au:1:60:Market score=0.977 match_level=structural
2026-04-27 22:18:45,919 | INFO | duplicate skipped candidate=2026-04-27-pv13-remaining-batch-01:pv13_com_rk_au:1:120:None match_level=exact score=1.000
2026-04-27 22:18:45,919 | INFO | duplicate skipped candidate=2026-04-27-pv13-remaining-batch-01:pv13_com_rk_au:1:120:Market match_level=exact score=1.000
2026-04-27 22:18:46,000 | WARNING | similarity warning candidate=2026-04-27-pv13-remaining-batch-01:pv13_com_rk_au:2:20:None score=0.728 match_level=structural
2026-04-27 22:18:46,082 | WARNING | similarity warning candidate=2026-04-27-pv13-remaining-batch-01:pv13_com_rk_au:2:20:Market score=0.728 match_level=structural
2026-04-27 22:18:46,163 | WARNING | similarity warning candidate=2026-04-27-pv13-remaining-batch-01:pv13_com_rk_au:2:60:None score=0.715 match_level=structural
2026-04-27 22:18:46,245 | WARNING | similarity warning candidate=2026-04-27-pv13-remaining-batch-01:pv13_com_rk_au:2:60:Market score=0.715 match_level=structural
2026-04-27 22:18:46,328 | WARNING | similarity warning candidate=2026-04-27-pv13-remaining-batch-01:pv13_com_rk_au:2:120:None score=0.735 match_level=structural
2026-04-27 22:18:46,411 | WARNING | similarity warning candidate=2026-04-27-pv13-remaining-batch-01:pv13_com_rk_au:2:120:Market score=0.735 match_level=structural
2026-04-27 22:18:46,796 | WARNING | similarity warning candidate=2026-04-27-pv13-remaining-batch-01:pv13_com_rk_au:3:120:None score=0.700 match_level=structural
2026-04-27 22:18:46,875 | WARNING | similarity warning candidate=2026-04-27-pv13-remaining-batch-01:pv13_com_rk_au:3:120:Market score=0.700 match_level=structural
2026-04-27 22:18:46,981 | WARNING | similarity warning candidate=2026-04-27-pv13-remaining-batch-01:pv13_com_rk_au:4:20:None score=0.770 match_level=structural
2026-04-27 22:18:47,088 | WARNING | similarity warning candidate=2026-04-27-pv13-remaining-batch-01:pv13_com_rk_au:4:20:Market score=0.770 match_level=structural
2026-04-27 22:18:47,196 | WARNING | similarity warning candidate=2026-04-27-pv13-remaining-batch-01:pv13_com_rk_au:4:60:None score=0.758 match_level=structural
2026-04-27 22:18:47,305 | WARNING | similarity warning candidate=2026-04-27-pv13-remaining-batch-01:pv13_com_rk_au:4:60:Market score=0.758 match_level=structural
2026-04-27 22:18:47,414 | WARNING | similarity warning candidate=2026-04-27-pv13-remaining-batch-01:pv13_com_rk_au:4:120:None score=0.777 match_level=structural
2026-04-27 22:18:47,523 | WARNING | similarity warning candidate=2026-04-27-pv13-remaining-batch-01:pv13_com_rk_au:4:120:Market score=0.777 match_level=structural
2026-04-27 22:18:51,530 | WARNING | similarity warning candidate=2026-04-27-pv13-remaining-batch-01:pv13_revere_key_sector_total:1:20:None score=0.995 match_level=structural
2026-04-27 22:18:51,640 | WARNING | similarity warning candidate=2026-04-27-pv13-remaining-batch-01:pv13_revere_key_sector_total:1:20:Market score=0.995 match_level=structural
2026-04-27 22:18:51,640 | INFO | duplicate skipped candidate=2026-04-27-pv13-remaining-batch-01:pv13_revere_key_sector_total:1:60:None match_level=exact score=1.000
2026-04-27 22:18:51,640 | INFO | duplicate skipped candidate=2026-04-27-pv13-remaining-batch-01:pv13_revere_key_sector_total:1:60:Market match_level=exact score=1.000
2026-04-27 22:18:51,640 | INFO | duplicate skipped candidate=2026-04-27-pv13-remaining-batch-01:pv13_revere_key_sector_total:1:120:None match_level=exact score=1.000
2026-04-27 22:18:51,640 | INFO | duplicate skipped candidate=2026-04-27-pv13-remaining-batch-01:pv13_revere_key_sector_total:1:120:Market match_level=exact score=1.000
2026-04-27 22:18:52,447 | WARNING | similarity warning candidate=2026-04-27-pv13-remaining-batch-01:pv13_revere_key_sector_total:3:20:None score=0.754 match_level=structural
2026-04-27 22:18:52,558 | WARNING | similarity warning candidate=2026-04-27-pv13-remaining-batch-01:pv13_revere_key_sector_total:3:20:Market score=0.754 match_level=structural
2026-04-27 22:18:52,669 | WARNING | similarity warning candidate=2026-04-27-pv13-remaining-batch-01:pv13_revere_key_sector_total:3:60:None score=0.763 match_level=structural
2026-04-27 22:18:52,779 | WARNING | similarity warning candidate=2026-04-27-pv13-remaining-batch-01:pv13_revere_key_sector_total:3:60:Market score=0.763 match_level=structural
2026-04-27 22:18:52,892 | WARNING | similarity warning candidate=2026-04-27-pv13-remaining-batch-01:pv13_revere_key_sector_total:3:120:None score=0.750 match_level=structural
2026-04-27 22:18:53,005 | WARNING | similarity warning candidate=2026-04-27-pv13-remaining-batch-01:pv13_revere_key_sector_total:3:120:Market score=0.750 match_level=structural
2026-04-27 22:18:53,147 | WARNING | similarity warning candidate=2026-04-27-pv13-remaining-batch-01:pv13_revere_key_sector_total:4:20:None score=0.992 match_level=structural
2026-04-27 22:18:53,288 | WARNING | similarity warning candidate=2026-04-27-pv13-remaining-batch-01:pv13_revere_key_sector_total:4:20:Market score=0.992 match_level=structural
2026-04-27 22:18:53,289 | INFO | duplicate skipped candidate=2026-04-27-pv13-remaining-batch-01:pv13_revere_key_sector_total:4:60:None match_level=exact score=1.000
2026-04-27 22:18:53,289 | INFO | duplicate skipped candidate=2026-04-27-pv13-remaining-batch-01:pv13_revere_key_sector_total:4:60:Market match_level=exact score=1.000
2026-04-27 22:18:53,432 | WARNING | similarity warning candidate=2026-04-27-pv13-remaining-batch-01:pv13_revere_key_sector_total:4:120:None score=0.989 match_level=structural
2026-04-27 22:18:53,576 | WARNING | similarity warning candidate=2026-04-27-pv13-remaining-batch-01:pv13_revere_key_sector_total:4:120:Market score=0.989 match_level=structural
2026-04-27 22:18:55,625 | WARNING | similarity warning candidate=2026-04-27-pv13-remaining-batch-01:pv13_revere_index_value:1:20:None score=0.994 match_level=structural
2026-04-27 22:18:55,724 | WARNING | similarity warning candidate=2026-04-27-pv13-remaining-batch-01:pv13_revere_index_value:1:20:Market score=0.994 match_level=structural
2026-04-27 22:18:55,724 | INFO | duplicate skipped candidate=2026-04-27-pv13-remaining-batch-01:pv13_revere_index_value:1:60:None match_level=exact score=1.000
2026-04-27 22:18:55,724 | INFO | duplicate skipped candidate=2026-04-27-pv13-remaining-batch-01:pv13_revere_index_value:1:60:Market match_level=exact score=1.000
2026-04-27 22:18:55,724 | INFO | duplicate skipped candidate=2026-04-27-pv13-remaining-batch-01:pv13_revere_index_value:1:120:None match_level=exact score=1.000
2026-04-27 22:18:55,724 | INFO | duplicate skipped candidate=2026-04-27-pv13-remaining-batch-01:pv13_revere_index_value:1:120:Market match_level=exact score=1.000
2026-04-27 22:18:56,444 | WARNING | similarity warning candidate=2026-04-27-pv13-remaining-batch-01:pv13_revere_index_value:3:20:None score=0.747 match_level=structural
2026-04-27 22:18:56,542 | WARNING | similarity warning candidate=2026-04-27-pv13-remaining-batch-01:pv13_revere_index_value:3:20:Market score=0.747 match_level=structural
2026-04-27 22:18:56,640 | WARNING | similarity warning candidate=2026-04-27-pv13-remaining-batch-01:pv13_revere_index_value:3:60:None score=0.756 match_level=structural
2026-04-27 22:18:56,738 | WARNING | similarity warning candidate=2026-04-27-pv13-remaining-batch-01:pv13_revere_index_value:3:60:Market score=0.756 match_level=structural
2026-04-27 22:18:56,839 | WARNING | similarity warning candidate=2026-04-27-pv13-remaining-batch-01:pv13_revere_index_value:3:120:None score=0.743 match_level=structural
2026-04-27 22:18:56,940 | WARNING | similarity warning candidate=2026-04-27-pv13-remaining-batch-01:pv13_revere_index_value:3:120:Market score=0.743 match_level=structural
2026-04-27 22:18:57,069 | WARNING | similarity warning candidate=2026-04-27-pv13-remaining-batch-01:pv13_revere_index_value:4:20:None score=0.991 match_level=structural
2026-04-27 22:18:57,200 | WARNING | similarity warning candidate=2026-04-27-pv13-remaining-batch-01:pv13_revere_index_value:4:20:Market score=0.991 match_level=structural
2026-04-27 22:18:57,200 | INFO | duplicate skipped candidate=2026-04-27-pv13-remaining-batch-01:pv13_revere_index_value:4:60:None match_level=exact score=1.000
2026-04-27 22:18:57,200 | INFO | duplicate skipped candidate=2026-04-27-pv13-remaining-batch-01:pv13_revere_index_value:4:60:Market match_level=exact score=1.000
2026-04-27 22:18:57,333 | WARNING | similarity warning candidate=2026-04-27-pv13-remaining-batch-01:pv13_revere_index_value:4:120:None score=0.987 match_level=structural
2026-04-27 22:18:57,464 | WARNING | similarity warning candidate=2026-04-27-pv13-remaining-batch-01:pv13_revere_index_value:4:120:Market score=0.987 match_level=structural
2026-04-27 22:18:57,464 | INFO | dedupe summary total=240 duplicates=16 warnings=86 remaining=224
2026-04-27 22:18:57,468 | INFO | live mode start
2026-04-27 22:18:57,468 | INFO | planned_candidates=50
2026-04-27 22:18:57,468 | INFO | project_root=/Users/zpdedn/Documents/project/Worldquantbrain
2026-04-27 22:18:57,468 | INFO | fields_file=/Users/zpdedn/Documents/project/Worldquantbrain/runs/research-contracts/2026-04-27-pv13-remaining-field_candidates.json
2026-04-27 22:18:57,468 | INFO | ledger_path=/Users/zpdedn/Documents/project/Worldquantbrain/runs/evidence/result_ledger.db
2026-04-27 22:18:57,468 | INFO | progress_path=/Users/zpdedn/Documents/project/Worldquantbrain/runs/evidence/batch_progress.json
2026-04-27 22:18:57,468 | INFO | run_mode=live test_mode=False
2026-04-27 22:18:57,468 | INFO | api_base_url=https://api.worldquantbrain.com
2026-04-27 22:18:57,468 | INFO | auth_mode=basic
2026-04-27 22:18:57,468 | INFO | missing_config=none
2026-04-27 22:18:57,468 | INFO | daily_count=8 warn_at=3800 limit=4000
2026-04-27 22:18:59,497 | INFO | progress saved path=/Users/zpdedn/Documents/project/Worldquantbrain/runs/evidence/batch_progress.json records=9
2026-04-27 22:21:16,347 | WARNING | poll timed out alpha_id=https://api.worldquantbrain.com/simulations/2nfCh21pS4qZayoRm6VxVHJ after 20 retries
2026-04-27 22:21:16,349 | WARNING | poll timeout or pending result candidate=2026-04-27-pv13-remaining-batch-01:pv13_revere_index_value:1:20:Market submission=https://api.worldquantbrain.com/simulations/2nfCh21pS4qZayoRm6VxVHJ
2026-04-27 22:21:16,351 | INFO | progress saved path=/Users/zpdedn/Documents/project/Worldquantbrain/runs/evidence/batch_progress.json records=9
2026-04-27 22:21:16,669 | INFO | progress saved path=/Users/zpdedn/Documents/project/Worldquantbrain/runs/evidence/batch_progress.json records=10
2026-04-27 22:23:33,950 | WARNING | poll timed out alpha_id=https://api.worldquantbrain.com/simulations/30xJtfbEZ4We9RacbQWnqun after 20 retries
2026-04-27 22:23:33,952 | WARNING | poll timeout or pending result candidate=2026-04-27-pv13-remaining-batch-01:pv13_revere_key_sector_total:1:20:Market submission=https://api.worldquantbrain.com/simulations/30xJtfbEZ4We9RacbQWnqun
2026-04-27 22:23:33,955 | INFO | progress saved path=/Users/zpdedn/Documents/project/Worldquantbrain/runs/evidence/batch_progress.json records=10
2026-04-27 22:23:34,290 | INFO | progress saved path=/Users/zpdedn/Documents/project/Worldquantbrain/runs/evidence/batch_progress.json records=11
2026-04-27 22:26:19,465 | WARNING | poll transient network error alpha_id=https://api.worldquantbrain.com/simulations/2slNPB5Q255Qbgl130oIg9Kk attempt=13 error=('Connection aborted.', RemoteDisconnected('Remote end closed connection without response'))
2026-04-27 22:27:52,187 | WARNING | poll transient network error alpha_id=https://api.worldquantbrain.com/simulations/2slNPB5Q255Qbgl130oIg9Kk attempt=16 error=('Connection aborted.', RemoteDisconnected('Remote end closed connection without response'))
2026-04-27 22:29:57,773 | INFO | ledger insert complete row_id=271 alpha_id=bloG9E7N
2026-04-27 22:29:57,777 | INFO | progress saved path=/Users/zpdedn/Documents/project/Worldquantbrain/runs/evidence/batch_progress.json records=11
2026-04-27 22:29:57,777 | INFO | candidate completed candidate=2026-04-27-pv13-remaining-batch-01:pv13_ompetitorgraphrank_hub_rank:1:20:Market alpha_id=bloG9E7N status=COMPLETE
2026-04-27 22:29:58,196 | INFO | progress saved path=/Users/zpdedn/Documents/project/Worldquantbrain/runs/evidence/batch_progress.json records=12
2026-04-27 22:30:28,202 | WARNING | poll transient network error alpha_id=https://api.worldquantbrain.com/simulations/37Ul59bSD4CYaKZr5xzGdhV attempt=1 error=('Connection aborted.', RemoteDisconnected('Remote end closed connection without response'))
2026-04-27 22:32:48,179 | WARNING | poll timed out alpha_id=https://api.worldquantbrain.com/simulations/37Ul59bSD4CYaKZr5xzGdhV after 20 retries
2026-04-27 22:32:48,180 | WARNING | poll timeout or pending result candidate=2026-04-27-pv13-remaining-batch-01:pv13_com_rk_au:1:20:Market submission=https://api.worldquantbrain.com/simulations/37Ul59bSD4CYaKZr5xzGdhV
2026-04-27 22:32:48,183 | INFO | progress saved path=/Users/zpdedn/Documents/project/Worldquantbrain/runs/evidence/batch_progress.json records=12
2026-04-27 22:32:48,702 | INFO | progress saved path=/Users/zpdedn/Documents/project/Worldquantbrain/runs/evidence/batch_progress.json records=13
2026-04-27 22:35:08,094 | WARNING | poll timed out alpha_id=https://api.worldquantbrain.com/simulations/1Qe03La474Ve9DectGAgSX2 after 20 retries
2026-04-27 22:35:08,096 | WARNING | poll timeout or pending result candidate=2026-04-27-pv13-remaining-batch-01:rel_num_comp:1:120:Market submission=https://api.worldquantbrain.com/simulations/1Qe03La474Ve9DectGAgSX2
2026-04-27 22:35:08,099 | INFO | progress saved path=/Users/zpdedn/Documents/project/Worldquantbrain/runs/evidence/batch_progress.json records=13
2026-04-27 22:35:08,568 | INFO | progress saved path=/Users/zpdedn/Documents/project/Worldquantbrain/runs/evidence/batch_progress.json records=14
2026-04-27 22:37:42,170 | WARNING | poll transient network error alpha_id=https://api.worldquantbrain.com/simulations/3D6p4e6O04Zz9DE19dpY3lQz attempt=19 error=('Connection aborted.', RemoteDisconnected('Remote end closed connection without response'))
2026-04-27 22:38:13,488 | INFO | ledger insert complete row_id=274 alpha_id=O0bQpwEg
2026-04-27 22:38:13,496 | INFO | progress saved path=/Users/zpdedn/Documents/project/Worldquantbrain/runs/evidence/batch_progress.json records=14
2026-04-27 22:38:13,496 | INFO | candidate completed candidate=2026-04-27-pv13-remaining-batch-01:pv13_ustomergraphrank_auth_rank:1:120:Market alpha_id=O0bQpwEg status=COMPLETE
2026-04-27 22:38:13,961 | INFO | progress saved path=/Users/zpdedn/Documents/project/Worldquantbrain/runs/evidence/batch_progress.json records=15
2026-04-27 22:40:30,650 | WARNING | poll transient network error alpha_id=https://api.worldquantbrain.com/simulations/4nCsGk1uD5gx8FSLlOgXPix attempt=16 error=('Connection aborted.', RemoteDisconnected('Remote end closed connection without response'))
2026-04-27 22:41:40,071 | WARNING | poll transient network error alpha_id=https://api.worldquantbrain.com/simulations/4nCsGk1uD5gx8FSLlOgXPix attempt=18 error=HTTPSConnectionPool(host='api.worldquantbrain.com', port=443): Max retries exceeded with url: /simulations/4nCsGk1uD5gx8FSLlOgXPix (Caused by SSLError(SSLEOFError(8, 'EOF occurred in violation of protocol (_ssl.c:1129)')))
2026-04-27 22:42:41,445 | WARNING | poll transient network error alpha_id=https://api.worldquantbrain.com/simulations/4nCsGk1uD5gx8FSLlOgXPix attempt=20 error=('Connection aborted.', RemoteDisconnected('Remote end closed connection without response'))
2026-04-27 22:42:41,447 | WARNING | poll exhausted network retries alpha_id=https://api.worldquantbrain.com/simulations/4nCsGk1uD5gx8FSLlOgXPix
2026-04-27 22:42:41,448 | WARNING | poll timeout or pending result candidate=2026-04-27-pv13-remaining-batch-01:pv13_ustomergraphrank_hub_rank:1:120:Market submission=https://api.worldquantbrain.com/simulations/4nCsGk1uD5gx8FSLlOgXPix
2026-04-27 22:42:41,451 | INFO | progress saved path=/Users/zpdedn/Documents/project/Worldquantbrain/runs/evidence/batch_progress.json records=15
2026-04-27 22:42:42,615 | INFO | progress saved path=/Users/zpdedn/Documents/project/Worldquantbrain/runs/evidence/batch_progress.json records=16
2026-04-27 22:44:31,895 | INFO | loaded field candidate file=/Users/zpdedn/Documents/project/Worldquantbrain/runs/research-contracts/2026-04-27-pv13-remaining-field_candidates.json
2026-04-27 22:44:31,896 | INFO | batch_id=2026-04-27-pv13-remaining-batch-01
2026-04-27 22:44:31,896 | INFO | field_count=10
2026-04-27 22:44:31,896 | INFO | generated_candidates=240
2026-04-27 22:44:32,039 | WARNING | similarity warning candidate=2026-04-27-pv13-remaining-batch-01:pv13_ustomergraphrank_auth_rank:1:20:None score=0.995 match_level=structural
2026-04-27 22:44:32,166 | WARNING | similarity warning candidate=2026-04-27-pv13-remaining-batch-01:pv13_ustomergraphrank_auth_rank:1:20:Market score=0.995 match_level=structural
2026-04-27 22:44:32,292 | WARNING | similarity warning candidate=2026-04-27-pv13-remaining-batch-01:pv13_ustomergraphrank_auth_rank:1:60:None score=0.986 match_level=structural
2026-04-27 22:44:32,416 | WARNING | similarity warning candidate=2026-04-27-pv13-remaining-batch-01:pv13_ustomergraphrank_auth_rank:1:60:Market score=0.986 match_level=structural
2026-04-27 22:44:32,416 | INFO | duplicate skipped candidate=2026-04-27-pv13-remaining-batch-01:pv13_ustomergraphrank_auth_rank:1:120:None match_level=exact score=1.000
2026-04-27 22:44:32,416 | INFO | duplicate skipped candidate=2026-04-27-pv13-remaining-batch-01:pv13_ustomergraphrank_auth_rank:1:120:Market match_level=exact score=1.000
2026-04-27 22:44:32,539 | WARNING | similarity warning candidate=2026-04-27-pv13-remaining-batch-01:pv13_ustomergraphrank_auth_rank:2:20:None score=0.769 match_level=structural
2026-04-27 22:44:32,664 | WARNING | similarity warning candidate=2026-04-27-pv13-remaining-batch-01:pv13_ustomergraphrank_auth_rank:2:20:Market score=0.769 match_level=structural
2026-04-27 22:44:32,788 | WARNING | similarity warning candidate=2026-04-27-pv13-remaining-batch-01:pv13_ustomergraphrank_auth_rank:2:60:None score=0.760 match_level=structural
2026-04-27 22:44:32,913 | WARNING | similarity warning candidate=2026-04-27-pv13-remaining-batch-01:pv13_ustomergraphrank_auth_rank:2:60:Market score=0.760 match_level=structural
2026-04-27 22:44:33,040 | WARNING | similarity warning candidate=2026-04-27-pv13-remaining-batch-01:pv13_ustomergraphrank_auth_rank:2:120:None score=0.774 match_level=structural
2026-04-27 22:44:33,167 | WARNING | similarity warning candidate=2026-04-27-pv13-remaining-batch-01:pv13_ustomergraphrank_auth_rank:2:120:Market score=0.774 match_level=structural
2026-04-27 22:44:33,286 | WARNING | similarity warning candidate=2026-04-27-pv13-remaining-batch-01:pv13_ustomergraphrank_auth_rank:3:20:None score=0.707 match_level=structural
2026-04-27 22:44:33,405 | WARNING | similarity warning candidate=2026-04-27-pv13-remaining-batch-01:pv13_ustomergraphrank_auth_rank:3:20:Market score=0.707 match_level=structural
2026-04-27 22:44:33,766 | WARNING | similarity warning candidate=2026-04-27-pv13-remaining-batch-01:pv13_ustomergraphrank_auth_rank:3:120:None score=0.712 match_level=structural
2026-04-27 22:44:33,888 | WARNING | similarity warning candidate=2026-04-27-pv13-remaining-batch-01:pv13_ustomergraphrank_auth_rank:3:120:Market score=0.712 match_level=structural
2026-04-27 22:44:34,038 | WARNING | similarity warning candidate=2026-04-27-pv13-remaining-batch-01:pv13_ustomergraphrank_auth_rank:4:20:None score=0.797 match_level=structural
2026-04-27 22:44:34,189 | WARNING | similarity warning candidate=2026-04-27-pv13-remaining-batch-01:pv13_ustomergraphrank_auth_rank:4:20:Market score=0.797 match_level=structural
2026-04-27 22:44:34,339 | WARNING | similarity warning candidate=2026-04-27-pv13-remaining-batch-01:pv13_ustomergraphrank_auth_rank:4:60:None score=0.789 match_level=structural
2026-04-27 22:44:34,489 | WARNING | similarity warning candidate=2026-04-27-pv13-remaining-batch-01:pv13_ustomergraphrank_auth_rank:4:60:Market score=0.789 match_level=structural
2026-04-27 22:44:34,642 | WARNING | similarity warning candidate=2026-04-27-pv13-remaining-batch-01:pv13_ustomergraphrank_auth_rank:4:120:None score=0.802 match_level=structural
2026-04-27 22:44:34,795 | WARNING | similarity warning candidate=2026-04-27-pv13-remaining-batch-01:pv13_ustomergraphrank_auth_rank:4:120:Market score=0.802 match_level=structural
2026-04-27 22:44:34,911 | WARNING | similarity warning candidate=2026-04-27-pv13-remaining-batch-01:pv13_ustomergraphrank_hub_rank:1:20:None score=0.995 match_level=structural
2026-04-27 22:44:35,028 | WARNING | similarity warning candidate=2026-04-27-pv13-remaining-batch-01:pv13_ustomergraphrank_hub_rank:1:20:Market score=0.995 match_level=structural
2026-04-27 22:44:35,144 | WARNING | similarity warning candidate=2026-04-27-pv13-remaining-batch-01:pv13_ustomergraphrank_hub_rank:1:60:None score=0.986 match_level=structural
2026-04-27 22:44:35,261 | WARNING | similarity warning candidate=2026-04-27-pv13-remaining-batch-01:pv13_ustomergraphrank_hub_rank:1:60:Market score=0.986 match_level=structural
2026-04-27 22:44:35,261 | INFO | duplicate skipped candidate=2026-04-27-pv13-remaining-batch-01:pv13_ustomergraphrank_hub_rank:1:120:None match_level=exact score=1.000
2026-04-27 22:44:35,261 | INFO | duplicate skipped candidate=2026-04-27-pv13-remaining-batch-01:pv13_ustomergraphrank_hub_rank:1:120:Market match_level=exact score=1.000
2026-04-27 22:44:35,382 | WARNING | similarity warning candidate=2026-04-27-pv13-remaining-batch-01:pv13_ustomergraphrank_hub_rank:2:20:None score=0.764 match_level=structural
2026-04-27 22:44:35,503 | WARNING | similarity warning candidate=2026-04-27-pv13-remaining-batch-01:pv13_ustomergraphrank_hub_rank:2:20:Market score=0.764 match_level=structural
2026-04-27 22:44:35,625 | WARNING | similarity warning candidate=2026-04-27-pv13-remaining-batch-01:pv13_ustomergraphrank_hub_rank:2:60:None score=0.756 match_level=structural
2026-04-27 22:44:35,747 | WARNING | similarity warning candidate=2026-04-27-pv13-remaining-batch-01:pv13_ustomergraphrank_hub_rank:2:60:Market score=0.756 match_level=structural
2026-04-27 22:44:35,872 | WARNING | similarity warning candidate=2026-04-27-pv13-remaining-batch-01:pv13_ustomergraphrank_hub_rank:2:120:None score=0.769 match_level=structural
2026-04-27 22:44:35,997 | WARNING | similarity warning candidate=2026-04-27-pv13-remaining-batch-01:pv13_ustomergraphrank_hub_rank:2:120:Market score=0.769 match_level=structural
2026-04-27 22:44:36,114 | WARNING | similarity warning candidate=2026-04-27-pv13-remaining-batch-01:pv13_ustomergraphrank_hub_rank:3:20:None score=0.706 match_level=structural
2026-04-27 22:44:36,230 | WARNING | similarity warning candidate=2026-04-27-pv13-remaining-batch-01:pv13_ustomergraphrank_hub_rank:3:20:Market score=0.706 match_level=structural
2026-04-27 22:44:36,582 | WARNING | similarity warning candidate=2026-04-27-pv13-remaining-batch-01:pv13_ustomergraphrank_hub_rank:3:120:None score=0.711 match_level=structural
2026-04-27 22:44:36,701 | WARNING | similarity warning candidate=2026-04-27-pv13-remaining-batch-01:pv13_ustomergraphrank_hub_rank:3:120:Market score=0.711 match_level=structural
2026-04-27 22:44:36,850 | WARNING | similarity warning candidate=2026-04-27-pv13-remaining-batch-01:pv13_ustomergraphrank_hub_rank:4:20:None score=0.796 match_level=structural
2026-04-27 22:44:36,998 | WARNING | similarity warning candidate=2026-04-27-pv13-remaining-batch-01:pv13_ustomergraphrank_hub_rank:4:20:Market score=0.796 match_level=structural
2026-04-27 22:44:37,145 | WARNING | similarity warning candidate=2026-04-27-pv13-remaining-batch-01:pv13_ustomergraphrank_hub_rank:4:60:None score=0.788 match_level=structural
2026-04-27 22:44:37,293 | WARNING | similarity warning candidate=2026-04-27-pv13-remaining-batch-01:pv13_ustomergraphrank_hub_rank:4:60:Market score=0.788 match_level=structural
2026-04-27 22:44:37,453 | WARNING | similarity warning candidate=2026-04-27-pv13-remaining-batch-01:pv13_ustomergraphrank_hub_rank:4:120:None score=0.801 match_level=structural
2026-04-27 22:44:37,609 | WARNING | similarity warning candidate=2026-04-27-pv13-remaining-batch-01:pv13_ustomergraphrank_hub_rank:4:120:Market score=0.801 match_level=structural
2026-04-27 22:44:37,609 | INFO | duplicate skipped candidate=2026-04-27-pv13-remaining-batch-01:pv13_ompetitorgraphrank_hub_rank:1:20:None match_level=exact score=1.000
2026-04-27 22:44:37,609 | INFO | duplicate skipped candidate=2026-04-27-pv13-remaining-batch-01:pv13_ompetitorgraphrank_hub_rank:1:20:Market match_level=exact score=1.000
2026-04-27 22:44:37,732 | WARNING | similarity warning candidate=2026-04-27-pv13-remaining-batch-01:pv13_ompetitorgraphrank_hub_rank:1:60:None score=0.991 match_level=structural
2026-04-27 22:44:37,856 | WARNING | similarity warning candidate=2026-04-27-pv13-remaining-batch-01:pv13_ompetitorgraphrank_hub_rank:1:60:Market score=0.991 match_level=structural
2026-04-27 22:44:37,856 | INFO | duplicate skipped candidate=2026-04-27-pv13-remaining-batch-01:pv13_ompetitorgraphrank_hub_rank:1:120:None match_level=exact score=1.000
2026-04-27 22:44:37,856 | INFO | duplicate skipped candidate=2026-04-27-pv13-remaining-batch-01:pv13_ompetitorgraphrank_hub_rank:1:120:Market match_level=exact score=1.000
2026-04-27 22:44:37,985 | WARNING | similarity warning candidate=2026-04-27-pv13-remaining-batch-01:pv13_ompetitorgraphrank_hub_rank:2:20:None score=0.730 match_level=structural
2026-04-27 22:44:38,112 | WARNING | similarity warning candidate=2026-04-27-pv13-remaining-batch-01:pv13_ompetitorgraphrank_hub_rank:2:20:Market score=0.730 match_level=structural
2026-04-27 22:44:38,242 | WARNING | similarity warning candidate=2026-04-27-pv13-remaining-batch-01:pv13_ompetitorgraphrank_hub_rank:2:60:None score=0.722 match_level=structural
2026-04-27 22:44:38,371 | WARNING | similarity warning candidate=2026-04-27-pv13-remaining-batch-01:pv13_ompetitorgraphrank_hub_rank:2:60:Market score=0.722 match_level=structural
2026-04-27 22:44:38,501 | WARNING | similarity warning candidate=2026-04-27-pv13-remaining-batch-01:pv13_ompetitorgraphrank_hub_rank:2:120:None score=0.735 match_level=structural
2026-04-27 22:44:38,632 | WARNING | similarity warning candidate=2026-04-27-pv13-remaining-batch-01:pv13_ompetitorgraphrank_hub_rank:2:120:Market score=0.735 match_level=structural
2026-04-27 22:44:38,754 | WARNING | similarity warning candidate=2026-04-27-pv13-remaining-batch-01:pv13_ompetitorgraphrank_hub_rank:3:20:None score=0.712 match_level=structural
2026-04-27 22:44:38,877 | WARNING | similarity warning candidate=2026-04-27-pv13-remaining-batch-01:pv13_ompetitorgraphrank_hub_rank:3:20:Market score=0.712 match_level=structural
2026-04-27 22:44:39,001 | WARNING | similarity warning candidate=2026-04-27-pv13-remaining-batch-01:pv13_ompetitorgraphrank_hub_rank:3:60:None score=0.703 match_level=structural
2026-04-27 22:44:39,124 | WARNING | similarity warning candidate=2026-04-27-pv13-remaining-batch-01:pv13_ompetitorgraphrank_hub_rank:3:60:Market score=0.703 match_level=structural
2026-04-27 22:44:39,250 | WARNING | similarity warning candidate=2026-04-27-pv13-remaining-batch-01:pv13_ompetitorgraphrank_hub_rank:3:120:None score=0.712 match_level=structural
2026-04-27 22:44:39,375 | WARNING | similarity warning candidate=2026-04-27-pv13-remaining-batch-01:pv13_ompetitorgraphrank_hub_rank:3:120:Market score=0.712 match_level=structural
2026-04-27 22:44:39,530 | WARNING | similarity warning candidate=2026-04-27-pv13-remaining-batch-01:pv13_ompetitorgraphrank_hub_rank:4:20:None score=0.802 match_level=structural
2026-04-27 22:44:39,685 | WARNING | similarity warning candidate=2026-04-27-pv13-remaining-batch-01:pv13_ompetitorgraphrank_hub_rank:4:20:Market score=0.802 match_level=structural
2026-04-27 22:44:39,840 | WARNING | similarity warning candidate=2026-04-27-pv13-remaining-batch-01:pv13_ompetitorgraphrank_hub_rank:4:60:None score=0.794 match_level=structural
2026-04-27 22:44:39,994 | WARNING | similarity warning candidate=2026-04-27-pv13-remaining-batch-01:pv13_ompetitorgraphrank_hub_rank:4:60:Market score=0.794 match_level=structural
2026-04-27 22:44:40,153 | WARNING | similarity warning candidate=2026-04-27-pv13-remaining-batch-01:pv13_ompetitorgraphrank_hub_rank:4:120:None score=0.803 match_level=structural
2026-04-27 22:44:40,310 | WARNING | similarity warning candidate=2026-04-27-pv13-remaining-batch-01:pv13_ompetitorgraphrank_hub_rank:4:120:Market score=0.803 match_level=structural
2026-04-27 22:44:40,383 | WARNING | similarity warning candidate=2026-04-27-pv13-remaining-batch-01:rel_num_comp:1:20:None score=0.992 match_level=structural
2026-04-27 22:44:40,455 | WARNING | similarity warning candidate=2026-04-27-pv13-remaining-batch-01:rel_num_comp:1:20:Market score=0.992 match_level=structural
2026-04-27 22:44:40,528 | WARNING | similarity warning candidate=2026-04-27-pv13-remaining-batch-01:rel_num_comp:1:60:None score=0.976 match_level=structural
2026-04-27 22:44:40,601 | WARNING | similarity warning candidate=2026-04-27-pv13-remaining-batch-01:rel_num_comp:1:60:Market score=0.976 match_level=structural
2026-04-27 22:44:40,601 | INFO | duplicate skipped candidate=2026-04-27-pv13-remaining-batch-01:rel_num_comp:1:120:None match_level=exact score=1.000
2026-04-27 22:44:40,601 | INFO | duplicate skipped candidate=2026-04-27-pv13-remaining-batch-01:rel_num_comp:1:120:Market match_level=exact score=1.000
2026-04-27 22:44:41,617 | WARNING | similarity warning candidate=2026-04-27-pv13-remaining-batch-01:rel_num_comp:4:20:None score=0.765 match_level=structural
2026-04-27 22:44:41,722 | WARNING | similarity warning candidate=2026-04-27-pv13-remaining-batch-01:rel_num_comp:4:20:Market score=0.765 match_level=structural
2026-04-27 22:44:41,828 | WARNING | similarity warning candidate=2026-04-27-pv13-remaining-batch-01:rel_num_comp:4:60:None score=0.752 match_level=structural
2026-04-27 22:44:41,934 | WARNING | similarity warning candidate=2026-04-27-pv13-remaining-batch-01:rel_num_comp:4:60:Market score=0.752 match_level=structural
2026-04-27 22:44:42,041 | WARNING | similarity warning candidate=2026-04-27-pv13-remaining-batch-01:rel_num_comp:4:120:None score=0.773 match_level=structural
2026-04-27 22:44:42,147 | WARNING | similarity warning candidate=2026-04-27-pv13-remaining-batch-01:rel_num_comp:4:120:Market score=0.773 match_level=structural
2026-04-27 22:44:42,147 | INFO | duplicate skipped candidate=2026-04-27-pv13-remaining-batch-01:pv13_com_rk_au:1:20:None match_level=exact score=1.000
2026-04-27 22:44:42,147 | INFO | duplicate skipped candidate=2026-04-27-pv13-remaining-batch-01:pv13_com_rk_au:1:20:Market match_level=exact score=1.000
2026-04-27 22:44:42,225 | WARNING | similarity warning candidate=2026-04-27-pv13-remaining-batch-01:pv13_com_rk_au:1:60:None score=0.985 match_level=structural
2026-04-27 22:44:42,303 | WARNING | similarity warning candidate=2026-04-27-pv13-remaining-batch-01:pv13_com_rk_au:1:60:Market score=0.985 match_level=structural
2026-04-27 22:44:42,303 | INFO | duplicate skipped candidate=2026-04-27-pv13-remaining-batch-01:pv13_com_rk_au:1:120:None match_level=exact score=1.000
2026-04-27 22:44:42,303 | INFO | duplicate skipped candidate=2026-04-27-pv13-remaining-batch-01:pv13_com_rk_au:1:120:Market match_level=exact score=1.000
2026-04-27 22:44:42,386 | WARNING | similarity warning candidate=2026-04-27-pv13-remaining-batch-01:pv13_com_rk_au:2:20:None score=0.728 match_level=structural
2026-04-27 22:44:42,469 | WARNING | similarity warning candidate=2026-04-27-pv13-remaining-batch-01:pv13_com_rk_au:2:20:Market score=0.728 match_level=structural
2026-04-27 22:44:42,552 | WARNING | similarity warning candidate=2026-04-27-pv13-remaining-batch-01:pv13_com_rk_au:2:60:None score=0.715 match_level=structural
2026-04-27 22:44:42,635 | WARNING | similarity warning candidate=2026-04-27-pv13-remaining-batch-01:pv13_com_rk_au:2:60:Market score=0.715 match_level=structural
2026-04-27 22:44:42,721 | WARNING | similarity warning candidate=2026-04-27-pv13-remaining-batch-01:pv13_com_rk_au:2:120:None score=0.735 match_level=structural
2026-04-27 22:44:42,807 | WARNING | similarity warning candidate=2026-04-27-pv13-remaining-batch-01:pv13_com_rk_au:2:120:Market score=0.735 match_level=structural
2026-04-27 22:44:43,198 | WARNING | similarity warning candidate=2026-04-27-pv13-remaining-batch-01:pv13_com_rk_au:3:120:None score=0.700 match_level=structural
2026-04-27 22:44:43,278 | WARNING | similarity warning candidate=2026-04-27-pv13-remaining-batch-01:pv13_com_rk_au:3:120:Market score=0.700 match_level=structural
2026-04-27 22:44:43,389 | WARNING | similarity warning candidate=2026-04-27-pv13-remaining-batch-01:pv13_com_rk_au:4:20:None score=0.775 match_level=structural
2026-04-27 22:44:43,498 | WARNING | similarity warning candidate=2026-04-27-pv13-remaining-batch-01:pv13_com_rk_au:4:20:Market score=0.775 match_level=structural
2026-04-27 22:44:43,608 | WARNING | similarity warning candidate=2026-04-27-pv13-remaining-batch-01:pv13_com_rk_au:4:60:None score=0.762 match_level=structural
2026-04-27 22:44:43,719 | WARNING | similarity warning candidate=2026-04-27-pv13-remaining-batch-01:pv13_com_rk_au:4:60:Market score=0.762 match_level=structural
2026-04-27 22:44:43,831 | WARNING | similarity warning candidate=2026-04-27-pv13-remaining-batch-01:pv13_com_rk_au:4:120:None score=0.777 match_level=structural
2026-04-27 22:44:43,943 | WARNING | similarity warning candidate=2026-04-27-pv13-remaining-batch-01:pv13_com_rk_au:4:120:Market score=0.777 match_level=structural
2026-04-27 22:44:44,016 | WARNING | similarity warning candidate=2026-04-27-pv13-remaining-batch-01:rel_num_cust:1:20:None score=0.743 match_level=structural
2026-04-27 22:44:44,088 | WARNING | similarity warning candidate=2026-04-27-pv13-remaining-batch-01:rel_num_cust:1:20:Market score=0.743 match_level=structural
2026-04-27 22:44:44,160 | WARNING | similarity warning candidate=2026-04-27-pv13-remaining-batch-01:rel_num_cust:1:60:None score=0.727 match_level=structural
2026-04-27 22:44:44,233 | WARNING | similarity warning candidate=2026-04-27-pv13-remaining-batch-01:rel_num_cust:1:60:Market score=0.727 match_level=structural
2026-04-27 22:44:44,308 | WARNING | similarity warning candidate=2026-04-27-pv13-remaining-batch-01:rel_num_cust:1:120:None score=0.752 match_level=structural
2026-04-27 22:44:44,384 | WARNING | similarity warning candidate=2026-04-27-pv13-remaining-batch-01:rel_num_cust:1:120:Market score=0.752 match_level=structural
2026-04-27 22:44:46,303 | WARNING | similarity warning candidate=2026-04-27-pv13-remaining-batch-01:rel_ret_part:1:120:None score=0.704 match_level=structural
2026-04-27 22:44:46,379 | WARNING | similarity warning candidate=2026-04-27-pv13-remaining-batch-01:rel_ret_part:1:120:Market score=0.704 match_level=structural
2026-04-27 22:44:48,041 | WARNING | similarity warning candidate=2026-04-27-pv13-remaining-batch-01:pv13_revere_key_sector_total:1:20:None score=0.995 match_level=structural
2026-04-27 22:44:48,155 | WARNING | similarity warning candidate=2026-04-27-pv13-remaining-batch-01:pv13_revere_key_sector_total:1:20:Market score=0.995 match_level=structural
2026-04-27 22:44:48,155 | INFO | duplicate skipped candidate=2026-04-27-pv13-remaining-batch-01:pv13_revere_key_sector_total:1:60:None match_level=exact score=1.000
2026-04-27 22:44:48,155 | INFO | duplicate skipped candidate=2026-04-27-pv13-remaining-batch-01:pv13_revere_key_sector_total:1:60:Market match_level=exact score=1.000
2026-04-27 22:44:48,155 | INFO | duplicate skipped candidate=2026-04-27-pv13-remaining-batch-01:pv13_revere_key_sector_total:1:120:None match_level=exact score=1.000
2026-04-27 22:44:48,155 | INFO | duplicate skipped candidate=2026-04-27-pv13-remaining-batch-01:pv13_revere_key_sector_total:1:120:Market match_level=exact score=1.000
2026-04-27 22:44:48,984 | WARNING | similarity warning candidate=2026-04-27-pv13-remaining-batch-01:pv13_revere_key_sector_total:3:20:None score=0.754 match_level=structural
2026-04-27 22:44:49,097 | WARNING | similarity warning candidate=2026-04-27-pv13-remaining-batch-01:pv13_revere_key_sector_total:3:20:Market score=0.754 match_level=structural
2026-04-27 22:44:49,210 | WARNING | similarity warning candidate=2026-04-27-pv13-remaining-batch-01:pv13_revere_key_sector_total:3:60:None score=0.763 match_level=structural
2026-04-27 22:44:49,323 | WARNING | similarity warning candidate=2026-04-27-pv13-remaining-batch-01:pv13_revere_key_sector_total:3:60:Market score=0.763 match_level=structural
2026-04-27 22:44:49,439 | WARNING | similarity warning candidate=2026-04-27-pv13-remaining-batch-01:pv13_revere_key_sector_total:3:120:None score=0.750 match_level=structural
2026-04-27 22:44:49,555 | WARNING | similarity warning candidate=2026-04-27-pv13-remaining-batch-01:pv13_revere_key_sector_total:3:120:Market score=0.750 match_level=structural
2026-04-27 22:44:49,700 | WARNING | similarity warning candidate=2026-04-27-pv13-remaining-batch-01:pv13_revere_key_sector_total:4:20:None score=0.992 match_level=structural
2026-04-27 22:44:49,846 | WARNING | similarity warning candidate=2026-04-27-pv13-remaining-batch-01:pv13_revere_key_sector_total:4:20:Market score=0.992 match_level=structural
2026-04-27 22:44:49,847 | INFO | duplicate skipped candidate=2026-04-27-pv13-remaining-batch-01:pv13_revere_key_sector_total:4:60:None match_level=exact score=1.000
2026-04-27 22:44:49,847 | INFO | duplicate skipped candidate=2026-04-27-pv13-remaining-batch-01:pv13_revere_key_sector_total:4:60:Market match_level=exact score=1.000
2026-04-27 22:44:49,994 | WARNING | similarity warning candidate=2026-04-27-pv13-remaining-batch-01:pv13_revere_key_sector_total:4:120:None score=0.989 match_level=structural
2026-04-27 22:44:50,141 | WARNING | similarity warning candidate=2026-04-27-pv13-remaining-batch-01:pv13_revere_key_sector_total:4:120:Market score=0.989 match_level=structural
2026-04-27 22:44:50,214 | WARNING | similarity warning candidate=2026-04-27-pv13-remaining-batch-01:rel_num_part:1:20:None score=0.743 match_level=structural
2026-04-27 22:44:50,286 | WARNING | similarity warning candidate=2026-04-27-pv13-remaining-batch-01:rel_num_part:1:20:Market score=0.743 match_level=structural
2026-04-27 22:44:50,359 | WARNING | similarity warning candidate=2026-04-27-pv13-remaining-batch-01:rel_num_part:1:60:None score=0.727 match_level=structural
2026-04-27 22:44:50,431 | WARNING | similarity warning candidate=2026-04-27-pv13-remaining-batch-01:rel_num_part:1:60:Market score=0.727 match_level=structural
2026-04-27 22:44:50,506 | WARNING | similarity warning candidate=2026-04-27-pv13-remaining-batch-01:rel_num_part:1:120:None score=0.752 match_level=structural
2026-04-27 22:44:50,581 | WARNING | similarity warning candidate=2026-04-27-pv13-remaining-batch-01:rel_num_part:1:120:Market score=0.752 match_level=structural
2026-04-27 22:44:52,135 | INFO | duplicate skipped candidate=2026-04-27-pv13-remaining-batch-01:pv13_revere_index_value:1:20:None match_level=exact score=1.000
2026-04-27 22:44:52,135 | INFO | duplicate skipped candidate=2026-04-27-pv13-remaining-batch-01:pv13_revere_index_value:1:20:Market match_level=exact score=1.000
2026-04-27 22:44:52,135 | INFO | duplicate skipped candidate=2026-04-27-pv13-remaining-batch-01:pv13_revere_index_value:1:60:None match_level=exact score=1.000
2026-04-27 22:44:52,135 | INFO | duplicate skipped candidate=2026-04-27-pv13-remaining-batch-01:pv13_revere_index_value:1:60:Market match_level=exact score=1.000
2026-04-27 22:44:52,136 | INFO | duplicate skipped candidate=2026-04-27-pv13-remaining-batch-01:pv13_revere_index_value:1:120:None match_level=exact score=1.000
2026-04-27 22:44:52,136 | INFO | duplicate skipped candidate=2026-04-27-pv13-remaining-batch-01:pv13_revere_index_value:1:120:Market match_level=exact score=1.000
2026-04-27 22:44:52,877 | WARNING | similarity warning candidate=2026-04-27-pv13-remaining-batch-01:pv13_revere_index_value:3:20:None score=0.747 match_level=structural
2026-04-27 22:44:52,979 | WARNING | similarity warning candidate=2026-04-27-pv13-remaining-batch-01:pv13_revere_index_value:3:20:Market score=0.747 match_level=structural
2026-04-27 22:44:53,080 | WARNING | similarity warning candidate=2026-04-27-pv13-remaining-batch-01:pv13_revere_index_value:3:60:None score=0.756 match_level=structural
2026-04-27 22:44:53,182 | WARNING | similarity warning candidate=2026-04-27-pv13-remaining-batch-01:pv13_revere_index_value:3:60:Market score=0.756 match_level=structural
2026-04-27 22:44:53,286 | WARNING | similarity warning candidate=2026-04-27-pv13-remaining-batch-01:pv13_revere_index_value:3:120:None score=0.743 match_level=structural
2026-04-27 22:44:53,389 | WARNING | similarity warning candidate=2026-04-27-pv13-remaining-batch-01:pv13_revere_index_value:3:120:Market score=0.743 match_level=structural
2026-04-27 22:44:53,521 | WARNING | similarity warning candidate=2026-04-27-pv13-remaining-batch-01:pv13_revere_index_value:4:20:None score=0.991 match_level=structural
2026-04-27 22:44:53,654 | WARNING | similarity warning candidate=2026-04-27-pv13-remaining-batch-01:pv13_revere_index_value:4:20:Market score=0.991 match_level=structural
2026-04-27 22:44:53,654 | INFO | duplicate skipped candidate=2026-04-27-pv13-remaining-batch-01:pv13_revere_index_value:4:60:None match_level=exact score=1.000
2026-04-27 22:44:53,654 | INFO | duplicate skipped candidate=2026-04-27-pv13-remaining-batch-01:pv13_revere_index_value:4:60:Market match_level=exact score=1.000
2026-04-27 22:44:53,789 | WARNING | similarity warning candidate=2026-04-27-pv13-remaining-batch-01:pv13_revere_index_value:4:120:None score=0.987 match_level=structural
2026-04-27 22:44:53,924 | WARNING | similarity warning candidate=2026-04-27-pv13-remaining-batch-01:pv13_revere_index_value:4:120:Market score=0.987 match_level=structural
2026-04-27 22:44:53,924 | INFO | dedupe summary total=240 duplicates=28 warnings=122 remaining=212
2026-04-27 22:44:53,927 | INFO | live mode start
2026-04-27 22:44:53,927 | INFO | planned_candidates=50
2026-04-27 22:44:53,927 | INFO | project_root=/Users/zpdedn/Documents/project/Worldquantbrain
2026-04-27 22:44:53,927 | INFO | fields_file=/Users/zpdedn/Documents/project/Worldquantbrain/runs/research-contracts/2026-04-27-pv13-remaining-field_candidates.json
2026-04-27 22:44:53,928 | INFO | ledger_path=/Users/zpdedn/Documents/project/Worldquantbrain/runs/evidence/result_ledger.db
2026-04-27 22:44:53,928 | INFO | progress_path=/Users/zpdedn/Documents/project/Worldquantbrain/runs/evidence/batch_progress.json
2026-04-27 22:44:53,928 | INFO | run_mode=live test_mode=False
2026-04-27 22:44:53,928 | INFO | api_base_url=https://api.worldquantbrain.com
2026-04-27 22:44:53,928 | INFO | auth_mode=basic
2026-04-27 22:44:53,928 | INFO | missing_config=none
2026-04-27 22:44:53,928 | INFO | daily_count=16 warn_at=3800 limit=4000
2026-04-27 22:44:53,928 | INFO | resuming_pending=2
2026-04-27 22:47:06,256 | WARNING | poll transient network error alpha_id=https://api.worldquantbrain.com/simulations/30xJtfbEZ4We9RacbQWnqun attempt=5 error=('Connection aborted.', RemoteDisconnected('Remote end closed connection without response'))
2026-04-27 22:51:15,809 | WARNING | poll transient network error alpha_id=https://api.worldquantbrain.com/simulations/30xJtfbEZ4We9RacbQWnqun attempt=13 error=('Connection aborted.', RemoteDisconnected('Remote end closed connection without response'))
2026-04-27 22:53:19,639 | WARNING | poll transient network error alpha_id=https://api.worldquantbrain.com/simulations/30xJtfbEZ4We9RacbQWnqun attempt=17 error=('Connection aborted.', RemoteDisconnected('Remote end closed connection without response'))
2026-04-27 22:54:54,605 | INFO | ledger already contains alpha_id=9qaZRZLd, skipping duplicate insert
2026-04-27 22:55:56,480 | WARNING | poll transient network error alpha_id=https://api.worldquantbrain.com/simulations/353yjD5kW4nZ9aR1bsXvbS5A attempt=3 error=('Connection aborted.', RemoteDisconnected('Remote end closed connection without response'))
2026-04-27 22:57:29,385 | WARNING | poll transient network error alpha_id=https://api.worldquantbrain.com/simulations/353yjD5kW4nZ9aR1bsXvbS5A attempt=6 error=('Connection aborted.', RemoteDisconnected('Remote end closed connection without response'))
2026-04-27 22:59:33,553 | WARNING | poll transient network error alpha_id=https://api.worldquantbrain.com/simulations/353yjD5kW4nZ9aR1bsXvbS5A attempt=10 error=('Connection aborted.', RemoteDisconnected('Remote end closed connection without response'))
2026-04-27 23:04:46,552 | INFO | ledger already contains alpha_id=3qaQ7mGN, skipping duplicate insert
2026-04-27 23:04:46,869 | INFO | progress saved path=/Users/zpdedn/Documents/project/Worldquantbrain/runs/evidence/batch_progress.json records=17
2026-04-27 23:07:06,435 | INFO | ledger insert complete row_id=279 alpha_id=vRewvXpa
2026-04-27 23:07:06,442 | INFO | progress saved path=/Users/zpdedn/Documents/project/Worldquantbrain/runs/evidence/batch_progress.json records=17
2026-04-27 23:07:06,443 | INFO | candidate completed candidate=2026-04-27-pv13-remaining-batch-01:pv13_revere_index_value:2:120:Market alpha_id=vRewvXpa status=COMPLETE
2026-04-27 23:07:06,444 | INFO | skip completed candidate=2026-04-27-pv13-remaining-batch-01:pv13_revere_key_sector_total:1:20:Market
2026-04-27 23:07:07,175 | INFO | progress saved path=/Users/zpdedn/Documents/project/Worldquantbrain/runs/evidence/batch_progress.json records=18
2026-04-27 23:09:25,487 | WARNING | poll timed out alpha_id=https://api.worldquantbrain.com/simulations/3x71pn30F5amaZ0f4v7u6W7 after 20 retries
2026-04-27 23:09:25,488 | WARNING | poll timeout or pending result candidate=2026-04-27-pv13-remaining-batch-01:pv13_ompetitorgraphrank_hub_rank:1:60:Market submission=https://api.worldquantbrain.com/simulations/3x71pn30F5amaZ0f4v7u6W7
2026-04-27 23:09:25,494 | INFO | progress saved path=/Users/zpdedn/Documents/project/Worldquantbrain/runs/evidence/batch_progress.json records=18
2026-04-27 23:09:25,939 | INFO | progress saved path=/Users/zpdedn/Documents/project/Worldquantbrain/runs/evidence/batch_progress.json records=19
2026-04-27 23:11:52,224 | WARNING | poll transient network error alpha_id=https://api.worldquantbrain.com/simulations/3ku3uy4AT4DkanxtFxbab9h attempt=13 error=('Connection aborted.', RemoteDisconnected('Remote end closed connection without response'))
2026-04-27 23:12:53,972 | WARNING | poll transient network error alpha_id=https://api.worldquantbrain.com/simulations/3ku3uy4AT4DkanxtFxbab9h attempt=15 error=('Connection aborted.', RemoteDisconnected('Remote end closed connection without response'))
2026-04-27 23:13:55,381 | WARNING | poll transient network error alpha_id=https://api.worldquantbrain.com/simulations/3ku3uy4AT4DkanxtFxbab9h attempt=17 error=('Connection aborted.', RemoteDisconnected('Remote end closed connection without response'))
2026-04-27 23:14:56,731 | WARNING | poll transient network error alpha_id=https://api.worldquantbrain.com/simulations/3ku3uy4AT4DkanxtFxbab9h attempt=19 error=('Connection aborted.', RemoteDisconnected('Remote end closed connection without response'))
2026-04-27 23:15:28,542 | INFO | ledger insert complete row_id=280 alpha_id=E5gOGoG0
2026-04-27 23:15:28,552 | INFO | progress saved path=/Users/zpdedn/Documents/project/Worldquantbrain/runs/evidence/batch_progress.json records=19
2026-04-27 23:15:28,552 | INFO | candidate completed candidate=2026-04-27-pv13-remaining-batch-01:pv13_com_rk_au:1:60:Market alpha_id=E5gOGoG0 status=COMPLETE
2026-04-27 23:15:28,990 | INFO | progress saved path=/Users/zpdedn/Documents/project/Worldquantbrain/runs/evidence/batch_progress.json records=20
2026-04-27 23:17:48,130 | WARNING | poll timed out alpha_id=https://api.worldquantbrain.com/simulations/2Ngkjk60x4YabYPCZr1jaG0 after 20 retries
2026-04-27 23:17:48,132 | WARNING | poll timeout or pending result candidate=2026-04-27-pv13-remaining-batch-01:rel_num_comp:1:20:Market submission=https://api.worldquantbrain.com/simulations/2Ngkjk60x4YabYPCZr1jaG0
2026-04-27 23:17:48,140 | INFO | progress saved path=/Users/zpdedn/Documents/project/Worldquantbrain/runs/evidence/batch_progress.json records=20
2026-04-27 23:17:50,288 | INFO | progress saved path=/Users/zpdedn/Documents/project/Worldquantbrain/runs/evidence/batch_progress.json records=21
2026-04-27 23:20:10,081 | WARNING | poll timed out alpha_id=https://api.worldquantbrain.com/simulations/aMhiN3U05cyaBpXEIxSUR7 after 20 retries
2026-04-27 23:20:10,084 | WARNING | poll timeout or pending result candidate=2026-04-27-pv13-remaining-batch-01:pv13_ustomergraphrank_auth_rank:1:20:Market submission=https://api.worldquantbrain.com/simulations/aMhiN3U05cyaBpXEIxSUR7
2026-04-27 23:20:10,098 | INFO | progress saved path=/Users/zpdedn/Documents/project/Worldquantbrain/runs/evidence/batch_progress.json records=21
2026-04-27 23:20:10,581 | INFO | progress saved path=/Users/zpdedn/Documents/project/Worldquantbrain/runs/evidence/batch_progress.json records=22
2026-04-27 23:22:54,458 | WARNING | poll transient network error alpha_id=https://api.worldquantbrain.com/simulations/N0V2Pat74mv9HT1fQN00Qrg attempt=16 error=('Connection aborted.', RemoteDisconnected('Remote end closed connection without response'))
2026-04-27 23:24:27,290 | WARNING | poll transient network error alpha_id=https://api.worldquantbrain.com/simulations/N0V2Pat74mv9HT1fQN00Qrg attempt=19 error=('Connection aborted.', RemoteDisconnected('Remote end closed connection without response'))
2026-04-27 23:24:59,251 | INFO | ledger insert complete row_id=281 alpha_id=bloGj7Xm
2026-04-27 23:24:59,258 | INFO | progress saved path=/Users/zpdedn/Documents/project/Worldquantbrain/runs/evidence/batch_progress.json records=22
2026-04-27 23:24:59,258 | INFO | candidate completed candidate=2026-04-27-pv13-remaining-batch-01:pv13_ustomergraphrank_hub_rank:1:20:Market alpha_id=bloGj7Xm status=COMPLETE
2026-04-27 23:24:59,258 | INFO | skip completed candidate=2026-04-27-pv13-remaining-batch-01:rel_num_part:1:120:Market
2026-04-27 23:24:59,852 | INFO | progress saved path=/Users/zpdedn/Documents/project/Worldquantbrain/runs/evidence/batch_progress.json records=23
2026-04-27 23:27:40,102 | INFO | ledger insert complete row_id=282 alpha_id=d5Ekj9pw
2026-04-27 23:27:40,107 | INFO | progress saved path=/Users/zpdedn/Documents/project/Worldquantbrain/runs/evidence/batch_progress.json records=23
2026-04-27 23:27:40,107 | INFO | candidate completed candidate=2026-04-27-pv13-remaining-batch-01:rel_ret_part:1:120:Market alpha_id=d5Ekj9pw status=COMPLETE
2026-04-27 23:27:40,463 | INFO | progress saved path=/Users/zpdedn/Documents/project/Worldquantbrain/runs/evidence/batch_progress.json records=24
2026-04-27 23:30:00,565 | WARNING | poll timed out alpha_id=https://api.worldquantbrain.com/simulations/1mOgOE7t14Aa9LX13L7f88xi after 20 retries
2026-04-27 23:30:00,567 | WARNING | poll timeout or pending result candidate=2026-04-27-pv13-remaining-batch-01:rel_num_cust:1:120:Market submission=https://api.worldquantbrain.com/simulations/1mOgOE7t14Aa9LX13L7f88xi
2026-04-27 23:30:00,572 | INFO | progress saved path=/Users/zpdedn/Documents/project/Worldquantbrain/runs/evidence/batch_progress.json records=24
2026-04-27 23:30:01,022 | INFO | progress saved path=/Users/zpdedn/Documents/project/Worldquantbrain/runs/evidence/batch_progress.json records=25
2026-04-27 23:35:17,185 | WARNING | poll transient network error alpha_id=https://api.worldquantbrain.com/simulations/1sNCU85Hs4gU9pl19Lg0r7tL attempt=20 error=('Connection aborted.', RemoteDisconnected('Remote end closed connection without response'))
2026-04-27 23:35:17,188 | WARNING | poll exhausted network retries alpha_id=https://api.worldquantbrain.com/simulations/1sNCU85Hs4gU9pl19Lg0r7tL
2026-04-27 23:35:17,188 | WARNING | poll timeout or pending result candidate=2026-04-27-pv13-remaining-batch-01:pv13_revere_index_value:2:120:None submission=https://api.worldquantbrain.com/simulations/1sNCU85Hs4gU9pl19Lg0r7tL
2026-04-27 23:35:17,199 | INFO | progress saved path=/Users/zpdedn/Documents/project/Worldquantbrain/runs/evidence/batch_progress.json records=25
2026-04-27 23:35:19,068 | INFO | progress saved path=/Users/zpdedn/Documents/project/Worldquantbrain/runs/evidence/batch_progress.json records=26
2026-04-27 23:37:39,325 | WARNING | poll timed out alpha_id=https://api.worldquantbrain.com/simulations/3fMY6fe1V4lC9UgXhDsl63b after 20 retries
2026-04-27 23:37:39,329 | WARNING | poll timeout or pending result candidate=2026-04-27-pv13-remaining-batch-01:pv13_revere_key_sector_total:1:20:None submission=https://api.worldquantbrain.com/simulations/3fMY6fe1V4lC9UgXhDsl63b
2026-04-27 23:37:39,343 | INFO | progress saved path=/Users/zpdedn/Documents/project/Worldquantbrain/runs/evidence/batch_progress.json records=26
2026-04-27 23:37:39,853 | INFO | progress saved path=/Users/zpdedn/Documents/project/Worldquantbrain/runs/evidence/batch_progress.json records=27
2026-04-27 23:40:00,891 | WARNING | poll timed out alpha_id=https://api.worldquantbrain.com/simulations/4fBe2Q7Eq4m8a96rC6l4fZ3 after 20 retries
2026-04-27 23:40:00,894 | WARNING | poll timeout or pending result candidate=2026-04-27-pv13-remaining-batch-01:pv13_ompetitorgraphrank_hub_rank:1:60:None submission=https://api.worldquantbrain.com/simulations/4fBe2Q7Eq4m8a96rC6l4fZ3
2026-04-27 23:40:00,905 | INFO | progress saved path=/Users/zpdedn/Documents/project/Worldquantbrain/runs/evidence/batch_progress.json records=27
2026-04-27 23:40:01,347 | INFO | progress saved path=/Users/zpdedn/Documents/project/Worldquantbrain/runs/evidence/batch_progress.json records=28
2026-04-27 23:42:21,842 | WARNING | poll timed out alpha_id=https://api.worldquantbrain.com/simulations/3u4eko7t54iEalR15JbZHVIy after 20 retries
2026-04-27 23:42:21,842 | WARNING | poll timeout or pending result candidate=2026-04-27-pv13-remaining-batch-01:pv13_com_rk_au:1:60:None submission=https://api.worldquantbrain.com/simulations/3u4eko7t54iEalR15JbZHVIy
2026-04-27 23:42:21,849 | INFO | progress saved path=/Users/zpdedn/Documents/project/Worldquantbrain/runs/evidence/batch_progress.json records=28
2026-04-27 23:42:22,286 | INFO | progress saved path=/Users/zpdedn/Documents/project/Worldquantbrain/runs/evidence/batch_progress.json records=29
2026-04-27 23:45:55,046 | WARNING | poll transient network error alpha_id=https://api.worldquantbrain.com/simulations/13SOcIagp4Xe8P7127jR1WOo attempt=20 error=('Connection aborted.', RemoteDisconnected('Remote end closed connection without response'))
2026-04-27 23:45:55,050 | WARNING | poll exhausted network retries alpha_id=https://api.worldquantbrain.com/simulations/13SOcIagp4Xe8P7127jR1WOo
2026-04-27 23:45:55,050 | WARNING | poll timeout or pending result candidate=2026-04-27-pv13-remaining-batch-01:rel_num_comp:1:20:None submission=https://api.worldquantbrain.com/simulations/13SOcIagp4Xe8P7127jR1WOo
2026-04-27 23:45:55,060 | INFO | progress saved path=/Users/zpdedn/Documents/project/Worldquantbrain/runs/evidence/batch_progress.json records=29
2026-04-27 23:45:56,566 | INFO | progress saved path=/Users/zpdedn/Documents/project/Worldquantbrain/runs/evidence/batch_progress.json records=30
2026-04-27 23:46:26,614 | WARNING | poll transient network error alpha_id=https://api.worldquantbrain.com/simulations/33rabV6p05jGaPJ8DzwvWlN attempt=1 error=('Connection aborted.', RemoteDisconnected('Remote end closed connection without response'))
2026-04-27 23:47:55,425 | WARNING | poll transient network error alpha_id=https://api.worldquantbrain.com/simulations/33rabV6p05jGaPJ8DzwvWlN attempt=8 error=('Connection aborted.', RemoteDisconnected('Remote end closed connection without response'))
2026-04-27 23:49:29,336 | WARNING | poll transient network error alpha_id=https://api.worldquantbrain.com/simulations/33rabV6p05jGaPJ8DzwvWlN attempt=11 error=('Connection aborted.', RemoteDisconnected('Remote end closed connection without response'))
2026-04-27 23:52:36,544 | WARNING | poll transient network error alpha_id=https://api.worldquantbrain.com/simulations/33rabV6p05jGaPJ8DzwvWlN attempt=17 error=('Connection aborted.', RemoteDisconnected('Remote end closed connection without response'))
2026-04-27 23:53:41,539 | WARNING | poll transient network error alpha_id=https://api.worldquantbrain.com/simulations/33rabV6p05jGaPJ8DzwvWlN attempt=19 error=('Connection aborted.', RemoteDisconnected('Remote end closed connection without response'))
2026-04-27 23:54:13,556 | INFO | ledger insert complete row_id=283 alpha_id=E5gOprp1
2026-04-27 23:54:13,568 | INFO | progress saved path=/Users/zpdedn/Documents/project/Worldquantbrain/runs/evidence/batch_progress.json records=30
2026-04-27 23:54:13,568 | INFO | candidate completed candidate=2026-04-27-pv13-remaining-batch-01:pv13_ustomergraphrank_auth_rank:1:20:None alpha_id=E5gOprp1 status=COMPLETE
2026-04-27 23:54:13,990 | INFO | progress saved path=/Users/zpdedn/Documents/project/Worldquantbrain/runs/evidence/batch_progress.json records=31
2026-04-27 23:57:15,905 | WARNING | poll transient network error alpha_id=https://api.worldquantbrain.com/simulations/1xiMXZd4U5gD9GfnRJ4UPAn attempt=14 error=('Connection aborted.', RemoteDisconnected('Remote end closed connection without response'))
2026-04-28 00:00:22,874 | INFO | ledger insert complete row_id=284 alpha_id=E5gOR11J
2026-04-28 00:00:22,881 | INFO | progress saved path=/Users/zpdedn/Documents/project/Worldquantbrain/runs/evidence/batch_progress.json records=31
2026-04-28 00:00:22,881 | INFO | candidate completed candidate=2026-04-27-pv13-remaining-batch-01:pv13_ustomergraphrank_hub_rank:1:20:None alpha_id=E5gOR11J status=COMPLETE
2026-04-28 00:02:24,234 | INFO | progress saved path=/Users/zpdedn/Documents/project/Worldquantbrain/runs/evidence/batch_progress.json records=32
2026-04-28 00:05:18,031 | WARNING | poll transient network error alpha_id=https://api.worldquantbrain.com/simulations/1GmTEVf2G4U49Cc8621g5pd attempt=18 error=('Connection aborted.', RemoteDisconnected('Remote end closed connection without response'))
2026-04-28 00:06:19,356 | WARNING | poll transient network error alpha_id=https://api.worldquantbrain.com/simulations/1GmTEVf2G4U49Cc8621g5pd attempt=20 error=('Connection aborted.', RemoteDisconnected('Remote end closed connection without response'))
2026-04-28 00:06:19,361 | WARNING | poll exhausted network retries alpha_id=https://api.worldquantbrain.com/simulations/1GmTEVf2G4U49Cc8621g5pd
2026-04-28 00:06:19,361 | WARNING | poll timeout or pending result candidate=2026-04-27-pv13-remaining-batch-01:rel_num_part:1:120:None submission=https://api.worldquantbrain.com/simulations/1GmTEVf2G4U49Cc8621g5pd
2026-04-28 00:06:19,371 | INFO | progress saved path=/Users/zpdedn/Documents/project/Worldquantbrain/runs/evidence/batch_progress.json records=32
2026-04-28 00:06:20,790 | INFO | progress saved path=/Users/zpdedn/Documents/project/Worldquantbrain/runs/evidence/batch_progress.json records=33
2026-04-28 00:08:28,663 | WARNING | poll transient network error alpha_id=https://api.worldquantbrain.com/simulations/lC88j1z74HnbXs5HfmtnBC attempt=14 error=('Connection aborted.', RemoteDisconnected('Remote end closed connection without response'))
2026-04-28 00:11:38,972 | INFO | ledger insert complete row_id=285 alpha_id=vRewO3Kw
2026-04-28 00:11:38,975 | INFO | progress saved path=/Users/zpdedn/Documents/project/Worldquantbrain/runs/evidence/batch_progress.json records=33
2026-04-28 00:11:38,975 | INFO | candidate completed candidate=2026-04-27-pv13-remaining-batch-01:rel_ret_part:1:120:None alpha_id=vRewO3Kw status=COMPLETE
2026-04-28 00:11:39,397 | INFO | progress saved path=/Users/zpdedn/Documents/project/Worldquantbrain/runs/evidence/batch_progress.json records=34
2026-04-28 00:14:44,635 | WARNING | poll transient network error alpha_id=https://api.worldquantbrain.com/simulations/2lxYRO22k4L7ctYZ2B2Z1W9 attempt=20 error=('Connection aborted.', RemoteDisconnected('Remote end closed connection without response'))
2026-04-28 00:14:44,637 | WARNING | poll exhausted network retries alpha_id=https://api.worldquantbrain.com/simulations/2lxYRO22k4L7ctYZ2B2Z1W9
2026-04-28 00:14:44,638 | WARNING | poll timeout or pending result candidate=2026-04-27-pv13-remaining-batch-01:rel_num_cust:1:120:None submission=https://api.worldquantbrain.com/simulations/2lxYRO22k4L7ctYZ2B2Z1W9
2026-04-28 00:14:44,648 | INFO | progress saved path=/Users/zpdedn/Documents/project/Worldquantbrain/runs/evidence/batch_progress.json records=34
2026-04-28 00:14:46,299 | INFO | progress saved path=/Users/zpdedn/Documents/project/Worldquantbrain/runs/evidence/batch_progress.json records=35
2026-04-28 00:17:04,956 | WARNING | poll timed out alpha_id=https://api.worldquantbrain.com/simulations/2soNwP1Zc4xxa0cwq2q3Q1z after 20 retries
2026-04-28 00:17:04,958 | WARNING | poll timeout or pending result candidate=2026-04-27-pv13-remaining-batch-01:pv13_revere_index_value:2:20:Market submission=https://api.worldquantbrain.com/simulations/2soNwP1Zc4xxa0cwq2q3Q1z
2026-04-28 00:17:04,973 | INFO | progress saved path=/Users/zpdedn/Documents/project/Worldquantbrain/runs/evidence/batch_progress.json records=35
2026-04-28 00:17:05,343 | INFO | progress saved path=/Users/zpdedn/Documents/project/Worldquantbrain/runs/evidence/batch_progress.json records=36
2026-04-28 00:17:35,492 | WARNING | poll transient network error alpha_id=https://api.worldquantbrain.com/simulations/I4E4Cf7V5bqbSh15IhWxBIC attempt=1 error=('Connection aborted.', RemoteDisconnected('Remote end closed connection without response'))
2026-04-28 00:19:14,899 | WARNING | poll transient network error alpha_id=https://api.worldquantbrain.com/simulations/I4E4Cf7V5bqbSh15IhWxBIC attempt=10 error=('Connection aborted.', RemoteDisconnected('Remote end closed connection without response'))
2026-04-28 00:24:27,449 | INFO | ledger insert complete row_id=286 alpha_id=0meOYOG8
2026-04-28 00:24:27,457 | INFO | progress saved path=/Users/zpdedn/Documents/project/Worldquantbrain/runs/evidence/batch_progress.json records=36
2026-04-28 00:24:27,458 | INFO | candidate completed candidate=2026-04-27-pv13-remaining-batch-01:pv13_revere_index_value:2:20:None alpha_id=0meOYOG8 status=COMPLETE
2026-04-28 00:26:28,569 | INFO | progress saved path=/Users/zpdedn/Documents/project/Worldquantbrain/runs/evidence/batch_progress.json records=37
2026-04-28 00:32:12,858 | INFO | ledger insert complete row_id=287 alpha_id=9qaZx30o
2026-04-28 00:32:12,870 | INFO | progress saved path=/Users/zpdedn/Documents/project/Worldquantbrain/runs/evidence/batch_progress.json records=37
2026-04-28 00:32:12,871 | INFO | candidate completed candidate=2026-04-27-pv13-remaining-batch-01:pv13_revere_index_value:2:60:Market alpha_id=9qaZx30o status=COMPLETE
2026-04-28 00:32:13,616 | INFO | progress saved path=/Users/zpdedn/Documents/project/Worldquantbrain/runs/evidence/batch_progress.json records=38
2026-04-28 00:35:22,173 | WARNING | poll transient network error alpha_id=https://api.worldquantbrain.com/simulations/1HRsRveyn58t8PcAo0g5Zod attempt=15 error=('Connection aborted.', RemoteDisconnected('Remote end closed connection without response'))
2026-04-28 00:36:23,497 | WARNING | poll transient network error alpha_id=https://api.worldquantbrain.com/simulations/1HRsRveyn58t8PcAo0g5Zod attempt=17 error=('Connection aborted.', RemoteDisconnected('Remote end closed connection without response'))
2026-04-28 00:37:57,081 | INFO | ledger insert complete row_id=288 alpha_id=ZY2PaWdx
2026-04-28 00:37:57,093 | INFO | progress saved path=/Users/zpdedn/Documents/project/Worldquantbrain/runs/evidence/batch_progress.json records=38
2026-04-28 00:37:57,093 | INFO | candidate completed candidate=2026-04-27-pv13-remaining-batch-01:pv13_revere_index_value:2:60:None alpha_id=ZY2PaWdx status=COMPLETE
2026-04-28 00:37:57,483 | INFO | progress saved path=/Users/zpdedn/Documents/project/Worldquantbrain/runs/evidence/batch_progress.json records=39
2026-04-28 00:41:09,677 | INFO | ledger insert complete row_id=289 alpha_id=Xg2maxzl
2026-04-28 00:41:09,685 | INFO | progress saved path=/Users/zpdedn/Documents/project/Worldquantbrain/runs/evidence/batch_progress.json records=39
2026-04-28 00:41:09,686 | INFO | candidate completed candidate=2026-04-27-pv13-remaining-batch-01:pv13_revere_index_value:3:120:Market alpha_id=Xg2maxzl status=COMPLETE
2026-04-28 00:41:10,210 | INFO | progress saved path=/Users/zpdedn/Documents/project/Worldquantbrain/runs/evidence/batch_progress.json records=40
2026-04-28 00:41:40,978 | WARNING | poll transient network error alpha_id=https://api.worldquantbrain.com/simulations/bOKO7dGs4n5b5BVBjy0Ja1 attempt=1 error=('Connection aborted.', RemoteDisconnected('Remote end closed connection without response'))
2026-04-28 00:43:52,631 | WARNING | poll timed out alpha_id=https://api.worldquantbrain.com/simulations/bOKO7dGs4n5b5BVBjy0Ja1 after 20 retries
2026-04-28 00:43:52,632 | WARNING | poll timeout or pending result candidate=2026-04-27-pv13-remaining-batch-01:pv13_revere_index_value:3:120:None submission=https://api.worldquantbrain.com/simulations/bOKO7dGs4n5b5BVBjy0Ja1
2026-04-28 00:43:52,639 | INFO | progress saved path=/Users/zpdedn/Documents/project/Worldquantbrain/runs/evidence/batch_progress.json records=40
2026-04-28 00:43:52,982 | INFO | progress saved path=/Users/zpdedn/Documents/project/Worldquantbrain/runs/evidence/batch_progress.json records=41
2026-04-28 00:45:43,564 | WARNING | poll transient network error alpha_id=https://api.worldquantbrain.com/simulations/eFaqNeVu4RL9C6WJaT0xki attempt=11 error=('Connection aborted.', RemoteDisconnected('Remote end closed connection without response'))
2026-04-28 00:47:47,460 | WARNING | poll transient network error alpha_id=https://api.worldquantbrain.com/simulations/eFaqNeVu4RL9C6WJaT0xki attempt=15 error=('Connection aborted.', RemoteDisconnected('Remote end closed connection without response'))
2026-04-28 00:50:24,548 | INFO | ledger insert complete row_id=290 alpha_id=akAjRPgW
2026-04-28 00:50:24,559 | INFO | progress saved path=/Users/zpdedn/Documents/project/Worldquantbrain/runs/evidence/batch_progress.json records=41
2026-04-28 00:50:24,560 | INFO | candidate completed candidate=2026-04-27-pv13-remaining-batch-01:pv13_revere_index_value:3:20:Market alpha_id=akAjRPgW status=COMPLETE
2026-04-28 00:52:26,369 | INFO | progress saved path=/Users/zpdedn/Documents/project/Worldquantbrain/runs/evidence/batch_progress.json records=42
2026-04-28 00:55:58,119 | WARNING | poll transient network error alpha_id=https://api.worldquantbrain.com/simulations/brtY03Sk4Mca265cdfxpHZ attempt=20 error=('Connection aborted.', RemoteDisconnected('Remote end closed connection without response'))
2026-04-28 00:55:58,121 | WARNING | poll exhausted network retries alpha_id=https://api.worldquantbrain.com/simulations/brtY03Sk4Mca265cdfxpHZ
2026-04-28 00:55:58,122 | WARNING | poll timeout or pending result candidate=2026-04-27-pv13-remaining-batch-01:pv13_revere_index_value:3:20:None submission=https://api.worldquantbrain.com/simulations/brtY03Sk4Mca265cdfxpHZ
2026-04-28 00:55:58,138 | INFO | progress saved path=/Users/zpdedn/Documents/project/Worldquantbrain/runs/evidence/batch_progress.json records=42
2026-04-28 00:55:59,722 | INFO | progress saved path=/Users/zpdedn/Documents/project/Worldquantbrain/runs/evidence/batch_progress.json records=43
2026-04-28 00:58:19,590 | WARNING | poll timed out alpha_id=https://api.worldquantbrain.com/simulations/jpFczbt54qpbVCnFB01Xxw after 20 retries
2026-04-28 00:58:19,594 | WARNING | poll timeout or pending result candidate=2026-04-27-pv13-remaining-batch-01:pv13_revere_index_value:3:60:Market submission=https://api.worldquantbrain.com/simulations/jpFczbt54qpbVCnFB01Xxw
2026-04-28 00:58:19,602 | INFO | progress saved path=/Users/zpdedn/Documents/project/Worldquantbrain/runs/evidence/batch_progress.json records=43
2026-04-28 00:58:20,021 | INFO | progress saved path=/Users/zpdedn/Documents/project/Worldquantbrain/runs/evidence/batch_progress.json records=44
2026-04-28 01:00:53,476 | WARNING | poll transient network error alpha_id=https://api.worldquantbrain.com/simulations/1S1UYF9WL4y2aUu1fdXSemKB attempt=18 error=('Connection aborted.', RemoteDisconnected('Remote end closed connection without response'))
2026-04-28 01:01:56,848 | INFO | ledger insert complete row_id=291 alpha_id=MPKMd3da
2026-04-28 01:01:56,856 | INFO | progress saved path=/Users/zpdedn/Documents/project/Worldquantbrain/runs/evidence/batch_progress.json records=44
2026-04-28 01:01:56,856 | INFO | candidate completed candidate=2026-04-27-pv13-remaining-batch-01:pv13_revere_index_value:3:60:None alpha_id=MPKMd3da status=COMPLETE
2026-04-28 01:01:57,274 | INFO | progress saved path=/Users/zpdedn/Documents/project/Worldquantbrain/runs/evidence/batch_progress.json records=45
2026-04-28 01:05:12,038 | WARNING | poll transient network error alpha_id=https://api.worldquantbrain.com/simulations/xkwDrgMv4hla7RTAixke19 attempt=17 error=('Connection aborted.', RemoteDisconnected('Remote end closed connection without response'))
2026-04-28 01:06:46,045 | INFO | ledger insert complete row_id=292 alpha_id=MPKMdN2k
2026-04-28 01:06:46,054 | INFO | progress saved path=/Users/zpdedn/Documents/project/Worldquantbrain/runs/evidence/batch_progress.json records=45
2026-04-28 01:06:46,054 | INFO | candidate completed candidate=2026-04-27-pv13-remaining-batch-01:pv13_revere_key_sector_total:2:120:Market alpha_id=MPKMdN2k status=COMPLETE
2026-04-28 01:06:46,378 | INFO | progress saved path=/Users/zpdedn/Documents/project/Worldquantbrain/runs/evidence/batch_progress.json records=46
2026-04-28 01:09:01,242 | INFO | ledger insert complete row_id=293 alpha_id=58anAqMJ
2026-04-28 01:09:01,245 | INFO | progress saved path=/Users/zpdedn/Documents/project/Worldquantbrain/runs/evidence/batch_progress.json records=46
2026-04-28 01:09:01,245 | INFO | candidate completed candidate=2026-04-27-pv13-remaining-batch-01:pv13_revere_key_sector_total:2:120:None alpha_id=58anAqMJ status=COMPLETE
2026-04-28 01:11:03,476 | INFO | progress saved path=/Users/zpdedn/Documents/project/Worldquantbrain/runs/evidence/batch_progress.json records=47
2026-04-28 01:11:33,778 | WARNING | poll transient network error alpha_id=https://api.worldquantbrain.com/simulations/23Iq724Qh4TPbjR5dqZZQTs attempt=1 error=('Connection aborted.', RemoteDisconnected('Remote end closed connection without response'))
2026-04-28 01:14:17,452 | WARNING | poll transient network error alpha_id=https://api.worldquantbrain.com/simulations/23Iq724Qh4TPbjR5dqZZQTs attempt=15 error=('Connection aborted.', RemoteDisconnected('Remote end closed connection without response'))
2026-04-28 01:15:20,924 | WARNING | poll transient network error alpha_id=https://api.worldquantbrain.com/simulations/23Iq724Qh4TPbjR5dqZZQTs attempt=17 error=('Connection aborted.', RemoteDisconnected('Remote end closed connection without response'))
2026-04-28 01:16:54,045 | INFO | ledger insert complete row_id=294 alpha_id=d5Ek39wx
2026-04-28 01:16:54,049 | INFO | progress saved path=/Users/zpdedn/Documents/project/Worldquantbrain/runs/evidence/batch_progress.json records=47
2026-04-28 01:16:54,049 | INFO | candidate completed candidate=2026-04-27-pv13-remaining-batch-01:pv13_revere_key_sector_total:2:20:Market alpha_id=d5Ek39wx status=COMPLETE
2026-04-28 01:16:57,695 | INFO | progress saved path=/Users/zpdedn/Documents/project/Worldquantbrain/runs/evidence/batch_progress.json records=48
2026-04-28 01:17:27,720 | WARNING | poll transient network error alpha_id=https://api.worldquantbrain.com/simulations/40sk2T4fU5239rwsIUJmKAR attempt=1 error=('Connection aborted.', RemoteDisconnected('Remote end closed connection without response'))
2026-04-28 01:21:19,254 | INFO | ledger insert complete row_id=295 alpha_id=A1gjz6pQ
2026-04-28 01:21:19,269 | INFO | progress saved path=/Users/zpdedn/Documents/project/Worldquantbrain/runs/evidence/batch_progress.json records=48
2026-04-28 01:21:19,269 | INFO | candidate completed candidate=2026-04-27-pv13-remaining-batch-01:pv13_revere_key_sector_total:2:20:None alpha_id=A1gjz6pQ status=COMPLETE
2026-04-28 01:21:19,711 | INFO | progress saved path=/Users/zpdedn/Documents/project/Worldquantbrain/runs/evidence/batch_progress.json records=49
2026-04-28 01:23:40,104 | WARNING | poll timed out alpha_id=https://api.worldquantbrain.com/simulations/2Ea6AKfgH5fjaNUeFwOKg3M after 20 retries
2026-04-28 01:23:40,105 | WARNING | poll timeout or pending result candidate=2026-04-27-pv13-remaining-batch-01:pv13_revere_key_sector_total:2:60:Market submission=https://api.worldquantbrain.com/simulations/2Ea6AKfgH5fjaNUeFwOKg3M
2026-04-28 01:23:40,114 | INFO | progress saved path=/Users/zpdedn/Documents/project/Worldquantbrain/runs/evidence/batch_progress.json records=49
2026-04-28 01:23:40,503 | INFO | progress saved path=/Users/zpdedn/Documents/project/Worldquantbrain/runs/evidence/batch_progress.json records=50
2026-04-28 01:26:00,808 | WARNING | poll timed out alpha_id=https://api.worldquantbrain.com/simulations/1i74FkKs4CpaKnsPAZGQBm after 20 retries
2026-04-28 01:26:00,810 | WARNING | poll timeout or pending result candidate=2026-04-27-pv13-remaining-batch-01:pv13_revere_key_sector_total:2:60:None submission=https://api.worldquantbrain.com/simulations/1i74FkKs4CpaKnsPAZGQBm
2026-04-28 01:26:00,819 | INFO | progress saved path=/Users/zpdedn/Documents/project/Worldquantbrain/runs/evidence/batch_progress.json records=50
2026-04-28 01:26:01,206 | INFO | progress saved path=/Users/zpdedn/Documents/project/Worldquantbrain/runs/evidence/batch_progress.json records=51
2026-04-28 01:26:31,588 | WARNING | poll transient network error alpha_id=https://api.worldquantbrain.com/simulations/1wkaBF2KY4JbbexrWSfgjih attempt=1 error=('Connection aborted.', RemoteDisconnected('Remote end closed connection without response'))
2026-04-28 01:28:09,726 | WARNING | poll transient network error alpha_id=https://api.worldquantbrain.com/simulations/1wkaBF2KY4JbbexrWSfgjih attempt=10 error=('Connection aborted.', RemoteDisconnected('Remote end closed connection without response'))
2026-04-28 01:29:10,808 | WARNING | poll transient network error alpha_id=https://api.worldquantbrain.com/simulations/1wkaBF2KY4JbbexrWSfgjih attempt=12 error=('Connection aborted.', RemoteDisconnected('Remote end closed connection without response'))
2026-04-28 01:32:47,540 | WARNING | poll transient network error alpha_id=https://api.worldquantbrain.com/simulations/1wkaBF2KY4JbbexrWSfgjih attempt=19 error=('Connection aborted.', RemoteDisconnected('Remote end closed connection without response'))
2026-04-28 01:33:20,656 | INFO | ledger insert complete row_id=296 alpha_id=1YakK8xK
2026-04-28 01:33:20,671 | INFO | progress saved path=/Users/zpdedn/Documents/project/Worldquantbrain/runs/evidence/batch_progress.json records=51
2026-04-28 01:33:20,671 | INFO | candidate completed candidate=2026-04-27-pv13-remaining-batch-01:pv13_revere_key_sector_total:3:120:Market alpha_id=1YakK8xK status=COMPLETE
2026-04-28 01:35:22,647 | INFO | progress saved path=/Users/zpdedn/Documents/project/Worldquantbrain/runs/evidence/batch_progress.json records=52
2026-04-28 01:38:02,393 | WARNING | poll transient network error alpha_id=https://api.worldquantbrain.com/simulations/1r6ecK6tq58Da0HBmtWhrSy attempt=20 error=('Connection aborted.', RemoteDisconnected('Remote end closed connection without response'))
2026-04-28 01:38:02,402 | WARNING | poll exhausted network retries alpha_id=https://api.worldquantbrain.com/simulations/1r6ecK6tq58Da0HBmtWhrSy
2026-04-28 01:38:02,402 | WARNING | poll timeout or pending result candidate=2026-04-27-pv13-remaining-batch-01:pv13_revere_key_sector_total:3:120:None submission=https://api.worldquantbrain.com/simulations/1r6ecK6tq58Da0HBmtWhrSy
2026-04-28 01:38:02,417 | INFO | progress saved path=/Users/zpdedn/Documents/project/Worldquantbrain/runs/evidence/batch_progress.json records=52
2026-04-28 01:38:03,910 | INFO | progress saved path=/Users/zpdedn/Documents/project/Worldquantbrain/runs/evidence/batch_progress.json records=53
2026-04-28 01:40:26,893 | WARNING | poll timed out alpha_id=https://api.worldquantbrain.com/simulations/2zBok92DF5fwczZot549XWw after 20 retries
2026-04-28 01:40:26,898 | WARNING | poll timeout or pending result candidate=2026-04-27-pv13-remaining-batch-01:pv13_revere_key_sector_total:3:20:Market submission=https://api.worldquantbrain.com/simulations/2zBok92DF5fwczZot549XWw
2026-04-28 01:40:26,910 | INFO | progress saved path=/Users/zpdedn/Documents/project/Worldquantbrain/runs/evidence/batch_progress.json records=53
2026-04-28 01:40:31,297 | INFO | progress saved path=/Users/zpdedn/Documents/project/Worldquantbrain/runs/evidence/batch_progress.json records=54
2026-04-28 01:44:54,741 | WARNING | poll transient network error alpha_id=https://api.worldquantbrain.com/simulations/1C7sfreVM4XFaKuL2OpTMec attempt=20 error=('Connection aborted.', RemoteDisconnected('Remote end closed connection without response'))
2026-04-28 01:44:54,742 | WARNING | poll exhausted network retries alpha_id=https://api.worldquantbrain.com/simulations/1C7sfreVM4XFaKuL2OpTMec
2026-04-28 01:44:54,742 | WARNING | poll timeout or pending result candidate=2026-04-27-pv13-remaining-batch-01:pv13_revere_key_sector_total:3:20:None submission=https://api.worldquantbrain.com/simulations/1C7sfreVM4XFaKuL2OpTMec
2026-04-28 01:44:54,746 | INFO | progress saved path=/Users/zpdedn/Documents/project/Worldquantbrain/runs/evidence/batch_progress.json records=54
2026-04-28 01:44:56,005 | INFO | progress saved path=/Users/zpdedn/Documents/project/Worldquantbrain/runs/evidence/batch_progress.json records=55
2026-04-28 01:48:05,449 | WARNING | poll transient network error alpha_id=https://api.worldquantbrain.com/simulations/2ZTtXyb0w4zrbVsc3emEj5T attempt=16 error=('Connection aborted.', RemoteDisconnected('Remote end closed connection without response'))
2026-04-28 01:49:38,206 | WARNING | poll transient network error alpha_id=https://api.worldquantbrain.com/simulations/2ZTtXyb0w4zrbVsc3emEj5T attempt=19 error=('Connection aborted.', RemoteDisconnected('Remote end closed connection without response'))
2026-04-28 01:50:11,165 | INFO | ledger insert complete row_id=297 alpha_id=Vk21eGgw
2026-04-28 01:50:11,175 | INFO | progress saved path=/Users/zpdedn/Documents/project/Worldquantbrain/runs/evidence/batch_progress.json records=55
2026-04-28 01:50:11,175 | INFO | candidate completed candidate=2026-04-27-pv13-remaining-batch-01:pv13_revere_key_sector_total:3:60:Market alpha_id=Vk21eGgw status=COMPLETE
2026-04-28 01:50:12,213 | INFO | progress saved path=/Users/zpdedn/Documents/project/Worldquantbrain/runs/evidence/batch_progress.json records=56
2026-04-28 01:53:15,695 | WARNING | poll timed out alpha_id=https://api.worldquantbrain.com/simulations/3BfZWc7Gs4xi8Gtx8o173WR after 20 retries
2026-04-28 01:53:15,697 | WARNING | poll timeout or pending result candidate=2026-04-27-pv13-remaining-batch-01:pv13_revere_key_sector_total:3:60:None submission=https://api.worldquantbrain.com/simulations/3BfZWc7Gs4xi8Gtx8o173WR
2026-04-28 01:53:15,707 | INFO | progress saved path=/Users/zpdedn/Documents/project/Worldquantbrain/runs/evidence/batch_progress.json records=56
2026-04-28 01:53:17,027 | INFO | progress saved path=/Users/zpdedn/Documents/project/Worldquantbrain/runs/evidence/batch_progress.json records=57
2026-04-28 01:55:39,268 | WARNING | poll timed out alpha_id=https://api.worldquantbrain.com/simulations/wq61BclU4FSc29b7KYNo3p after 20 retries
2026-04-28 01:55:39,270 | WARNING | poll timeout or pending result candidate=2026-04-27-pv13-remaining-batch-01:pv13_ompetitorgraphrank_hub_rank:2:120:Market submission=https://api.worldquantbrain.com/simulations/wq61BclU4FSc29b7KYNo3p
2026-04-28 01:55:39,282 | INFO | progress saved path=/Users/zpdedn/Documents/project/Worldquantbrain/runs/evidence/batch_progress.json records=57
2026-04-28 01:55:39,768 | INFO | progress saved path=/Users/zpdedn/Documents/project/Worldquantbrain/runs/evidence/batch_progress.json records=58
2026-04-28 01:56:09,783 | WARNING | poll transient network error alpha_id=https://api.worldquantbrain.com/simulations/17iPsg5Au53Zc1MgVndv1Pz attempt=1 error=('Connection aborted.', RemoteDisconnected('Remote end closed connection without response'))
2026-04-28 02:02:51,447 | WARNING | poll transient network error alpha_id=https://api.worldquantbrain.com/simulations/17iPsg5Au53Zc1MgVndv1Pz attempt=18 error=('Connection aborted.', RemoteDisconnected('Remote end closed connection without response'))
2026-04-28 02:03:53,724 | INFO | ledger insert complete row_id=298 alpha_id=akAjgN8W
2026-04-28 02:03:53,735 | INFO | progress saved path=/Users/zpdedn/Documents/project/Worldquantbrain/runs/evidence/batch_progress.json records=58
2026-04-28 02:03:53,735 | INFO | candidate completed candidate=2026-04-27-pv13-remaining-batch-01:pv13_ompetitorgraphrank_hub_rank:2:120:None alpha_id=akAjgN8W status=COMPLETE
2026-04-28 02:03:54,100 | INFO | progress saved path=/Users/zpdedn/Documents/project/Worldquantbrain/runs/evidence/batch_progress.json records=59
2026-04-28 02:06:12,718 | WARNING | poll timed out alpha_id=https://api.worldquantbrain.com/simulations/E5XmJ45Y4zPapHmEPHexno after 20 retries
2026-04-28 02:06:12,719 | WARNING | poll timeout or pending result candidate=2026-04-27-pv13-remaining-batch-01:pv13_ompetitorgraphrank_hub_rank:2:20:Market submission=https://api.worldquantbrain.com/simulations/E5XmJ45Y4zPapHmEPHexno
2026-04-28 02:06:12,730 | INFO | progress saved path=/Users/zpdedn/Documents/project/Worldquantbrain/runs/evidence/batch_progress.json records=59
2026-04-28 02:06:13,078 | INFO | progress saved path=/Users/zpdedn/Documents/project/Worldquantbrain/runs/evidence/batch_progress.json records=60
2026-04-28 02:08:32,048 | WARNING | poll timed out alpha_id=https://api.worldquantbrain.com/simulations/421MmHghx57D9oPqPxEfCuO after 20 retries
2026-04-28 02:08:32,050 | WARNING | poll timeout or pending result candidate=2026-04-27-pv13-remaining-batch-01:pv13_ompetitorgraphrank_hub_rank:2:20:None submission=https://api.worldquantbrain.com/simulations/421MmHghx57D9oPqPxEfCuO
2026-04-28 02:08:32,061 | INFO | progress saved path=/Users/zpdedn/Documents/project/Worldquantbrain/runs/evidence/batch_progress.json records=60
2026-04-28 02:08:32,474 | INFO | progress saved path=/Users/zpdedn/Documents/project/Worldquantbrain/runs/evidence/batch_progress.json records=61
2026-04-28 02:10:27,974 | WARNING | poll transient network error alpha_id=https://api.worldquantbrain.com/simulations/Fu4ky8cQ4labXc83H1NgLX attempt=12 error=('Connection aborted.', RemoteDisconnected('Remote end closed connection without response'))
2026-04-28 02:12:01,485 | WARNING | poll transient network error alpha_id=https://api.worldquantbrain.com/simulations/Fu4ky8cQ4labXc83H1NgLX attempt=15 error=('Connection aborted.', RemoteDisconnected('Remote end closed connection without response'))
2026-04-28 02:14:39,278 | INFO | ledger insert complete row_id=299 alpha_id=RR2jorLz
2026-04-28 02:14:39,290 | INFO | progress saved path=/Users/zpdedn/Documents/project/Worldquantbrain/runs/evidence/batch_progress.json records=61
2026-04-28 02:14:39,290 | INFO | candidate completed candidate=2026-04-27-pv13-remaining-batch-01:pv13_ompetitorgraphrank_hub_rank:2:60:Market alpha_id=RR2jorLz status=COMPLETE
2026-04-28 02:16:41,379 | INFO | progress saved path=/Users/zpdedn/Documents/project/Worldquantbrain/runs/evidence/batch_progress.json records=62
2026-04-28 02:19:02,584 | WARNING | poll timed out alpha_id=https://api.worldquantbrain.com/simulations/2milSTd6l4Em8ZW7wgOOINt after 20 retries
2026-04-28 02:19:02,586 | WARNING | poll timeout or pending result candidate=2026-04-27-pv13-remaining-batch-01:pv13_ompetitorgraphrank_hub_rank:2:60:None submission=https://api.worldquantbrain.com/simulations/2milSTd6l4Em8ZW7wgOOINt
2026-04-28 02:19:02,597 | INFO | progress saved path=/Users/zpdedn/Documents/project/Worldquantbrain/runs/evidence/batch_progress.json records=62
2026-04-28 02:19:03,051 | INFO | progress saved path=/Users/zpdedn/Documents/project/Worldquantbrain/runs/evidence/batch_progress.json records=63
2026-04-28 02:19:33,070 | WARNING | poll transient network error alpha_id=https://api.worldquantbrain.com/simulations/PXtbp1t4SqajhoeFIQay3 attempt=1 error=('Connection aborted.', RemoteDisconnected('Remote end closed connection without response'))
2026-04-28 02:21:28,922 | WARNING | poll transient network error alpha_id=https://api.worldquantbrain.com/simulations/PXtbp1t4SqajhoeFIQay3 attempt=13 error=('Connection aborted.', RemoteDisconnected('Remote end closed connection without response'))
2026-04-28 02:24:04,474 | WARNING | poll transient network error alpha_id=https://api.worldquantbrain.com/simulations/PXtbp1t4SqajhoeFIQay3 attempt=18 error=('Connection aborted.', RemoteDisconnected('Remote end closed connection without response'))
2026-04-28 02:25:06,232 | WARNING | poll transient network error alpha_id=https://api.worldquantbrain.com/simulations/PXtbp1t4SqajhoeFIQay3 attempt=20 error=('Connection aborted.', RemoteDisconnected('Remote end closed connection without response'))
2026-04-28 02:25:06,234 | WARNING | poll exhausted network retries alpha_id=https://api.worldquantbrain.com/simulations/PXtbp1t4SqajhoeFIQay3
2026-04-28 02:25:06,234 | WARNING | poll timeout or pending result candidate=2026-04-27-pv13-remaining-batch-01:pv13_ompetitorgraphrank_hub_rank:3:120:Market submission=https://api.worldquantbrain.com/simulations/PXtbp1t4SqajhoeFIQay3
2026-04-28 02:25:06,248 | INFO | progress saved path=/Users/zpdedn/Documents/project/Worldquantbrain/runs/evidence/batch_progress.json records=63
2026-04-28 02:25:07,353 | INFO | progress saved path=/Users/zpdedn/Documents/project/Worldquantbrain/runs/evidence/batch_progress.json records=64
2026-04-28 02:27:07,433 | WARNING | poll transient network error alpha_id=https://api.worldquantbrain.com/simulations/1ctEdd2o94N98yifiP1o9m4 attempt=13 error=('Connection aborted.', RemoteDisconnected('Remote end closed connection without response'))
2026-04-28 02:30:12,975 | WARNING | poll transient network error alpha_id=https://api.worldquantbrain.com/simulations/1ctEdd2o94N98yifiP1o9m4 attempt=19 error=('Connection aborted.', RemoteDisconnected('Remote end closed connection without response'))
2026-04-28 02:30:44,061 | INFO | ledger insert complete row_id=300 alpha_id=om380JOb
2026-04-28 02:30:44,079 | INFO | progress saved path=/Users/zpdedn/Documents/project/Worldquantbrain/runs/evidence/batch_progress.json records=64
2026-04-28 02:30:44,080 | INFO | candidate completed candidate=2026-04-27-pv13-remaining-batch-01:pv13_ompetitorgraphrank_hub_rank:3:120:None alpha_id=om380JOb status=COMPLETE
2026-04-28 02:30:44,088 | INFO | progress saved path=/Users/zpdedn/Documents/project/Worldquantbrain/runs/evidence/batch_progress.json records=64
2026-04-28 02:30:44,088 | INFO | live mode end summary={"completed": 24, "daily_count": 31, "failed": 0, "missing_config": [], "mode": "live", "planned": 50, "resumed": 2, "skipped_active": 0, "skipped_completed": 2, "submitted": 48, "test_mode": false}
2026-04-28 02:30:44,089 | INFO | summary={"completed": 24, "daily_count": 31, "failed": 0, "missing_config": [], "mode": "live", "planned": 50, "resumed": 2, "skipped_active": 0, "skipped_completed": 2, "submitted": 48, "test_mode": false}
