2026-04-27 19:06:36,299 | INFO | loaded field candidate file=/dev/fd/11
2026-04-27 19:06:36,299 | INFO | batch_id=2026-04-27-pv13-remaining-batch-01
2026-04-27 19:06:36,299 | INFO | field_count=10
2026-04-27 19:06:36,299 | INFO | generated_candidates=240
2026-04-27 19:06:36,439 | WARNING | similarity warning candidate=2026-04-27-pv13-remaining-batch-01:pv13_ustomergraphrank_auth_rank:1:20:None score=0.772 match_level=structural
2026-04-27 19:06:36,564 | WARNING | similarity warning candidate=2026-04-27-pv13-remaining-batch-01:pv13_ustomergraphrank_auth_rank:1:20:Market score=0.772 match_level=structural
2026-04-27 19:06:36,684 | WARNING | similarity warning candidate=2026-04-27-pv13-remaining-batch-01:pv13_ustomergraphrank_auth_rank:1:60:None score=0.772 match_level=structural
2026-04-27 19:06:36,803 | WARNING | similarity warning candidate=2026-04-27-pv13-remaining-batch-01:pv13_ustomergraphrank_auth_rank:1:60:Market score=0.772 match_level=structural
2026-04-27 19:06:36,920 | WARNING | similarity warning candidate=2026-04-27-pv13-remaining-batch-01:pv13_ustomergraphrank_auth_rank:1:120:None score=0.773 match_level=structural
2026-04-27 19:06:37,036 | WARNING | similarity warning candidate=2026-04-27-pv13-remaining-batch-01:pv13_ustomergraphrank_auth_rank:1:120:Market score=0.773 match_level=structural
2026-04-27 19:06:37,156 | WARNING | similarity warning candidate=2026-04-27-pv13-remaining-batch-01:pv13_ustomergraphrank_auth_rank:2:20:None score=0.769 match_level=structural
2026-04-27 19:06:37,275 | WARNING | similarity warning candidate=2026-04-27-pv13-remaining-batch-01:pv13_ustomergraphrank_auth_rank:2:20:Market score=0.769 match_level=structural
2026-04-27 19:06:37,395 | WARNING | similarity warning candidate=2026-04-27-pv13-remaining-batch-01:pv13_ustomergraphrank_auth_rank:2:60:None score=0.760 match_level=structural
2026-04-27 19:06:37,516 | WARNING | similarity warning candidate=2026-04-27-pv13-remaining-batch-01:pv13_ustomergraphrank_auth_rank:2:60:Market score=0.760 match_level=structural
2026-04-27 19:06:37,638 | WARNING | similarity warning candidate=2026-04-27-pv13-remaining-batch-01:pv13_ustomergraphrank_auth_rank:2:120:None score=0.774 match_level=structural
2026-04-27 19:06:37,760 | WARNING | similarity warning candidate=2026-04-27-pv13-remaining-batch-01:pv13_ustomergraphrank_auth_rank:2:120:Market score=0.774 match_level=structural
2026-04-27 19:06:39,446 | WARNING | similarity warning candidate=2026-04-27-pv13-remaining-batch-01:pv13_ustomergraphrank_hub_rank:1:20:None score=0.767 match_level=structural
2026-04-27 19:06:39,559 | WARNING | similarity warning candidate=2026-04-27-pv13-remaining-batch-01:pv13_ustomergraphrank_hub_rank:1:20:Market score=0.767 match_level=structural
2026-04-27 19:06:39,672 | WARNING | similarity warning candidate=2026-04-27-pv13-remaining-batch-01:pv13_ustomergraphrank_hub_rank:1:60:None score=0.767 match_level=structural
2026-04-27 19:06:39,785 | WARNING | similarity warning candidate=2026-04-27-pv13-remaining-batch-01:pv13_ustomergraphrank_hub_rank:1:60:Market score=0.767 match_level=structural
2026-04-27 19:06:39,900 | WARNING | similarity warning candidate=2026-04-27-pv13-remaining-batch-01:pv13_ustomergraphrank_hub_rank:1:120:None score=0.768 match_level=structural
2026-04-27 19:06:40,014 | WARNING | similarity warning candidate=2026-04-27-pv13-remaining-batch-01:pv13_ustomergraphrank_hub_rank:1:120:Market score=0.768 match_level=structural
2026-04-27 19:06:40,132 | WARNING | similarity warning candidate=2026-04-27-pv13-remaining-batch-01:pv13_ustomergraphrank_hub_rank:2:20:None score=0.764 match_level=structural
2026-04-27 19:06:40,248 | WARNING | similarity warning candidate=2026-04-27-pv13-remaining-batch-01:pv13_ustomergraphrank_hub_rank:2:20:Market score=0.764 match_level=structural
2026-04-27 19:06:40,365 | WARNING | similarity warning candidate=2026-04-27-pv13-remaining-batch-01:pv13_ustomergraphrank_hub_rank:2:60:None score=0.756 match_level=structural
2026-04-27 19:06:40,483 | WARNING | similarity warning candidate=2026-04-27-pv13-remaining-batch-01:pv13_ustomergraphrank_hub_rank:2:60:Market score=0.756 match_level=structural
2026-04-27 19:06:40,603 | WARNING | similarity warning candidate=2026-04-27-pv13-remaining-batch-01:pv13_ustomergraphrank_hub_rank:2:120:None score=0.769 match_level=structural
2026-04-27 19:06:40,722 | WARNING | similarity warning candidate=2026-04-27-pv13-remaining-batch-01:pv13_ustomergraphrank_hub_rank:2:120:Market score=0.769 match_level=structural
2026-04-27 19:06:42,376 | WARNING | similarity warning candidate=2026-04-27-pv13-remaining-batch-01:pv13_ompetitorgraphrank_hub_rank:1:20:None score=0.731 match_level=structural
2026-04-27 19:06:42,492 | WARNING | similarity warning candidate=2026-04-27-pv13-remaining-batch-01:pv13_ompetitorgraphrank_hub_rank:1:20:Market score=0.731 match_level=structural
2026-04-27 19:06:42,608 | WARNING | similarity warning candidate=2026-04-27-pv13-remaining-batch-01:pv13_ompetitorgraphrank_hub_rank:1:60:None score=0.731 match_level=structural
2026-04-27 19:06:42,724 | WARNING | similarity warning candidate=2026-04-27-pv13-remaining-batch-01:pv13_ompetitorgraphrank_hub_rank:1:60:Market score=0.731 match_level=structural
2026-04-27 19:06:42,843 | WARNING | similarity warning candidate=2026-04-27-pv13-remaining-batch-01:pv13_ompetitorgraphrank_hub_rank:1:120:None score=0.733 match_level=structural
2026-04-27 19:06:42,963 | WARNING | similarity warning candidate=2026-04-27-pv13-remaining-batch-01:pv13_ompetitorgraphrank_hub_rank:1:120:Market score=0.733 match_level=structural
2026-04-27 19:06:43,084 | WARNING | similarity warning candidate=2026-04-27-pv13-remaining-batch-01:pv13_ompetitorgraphrank_hub_rank:2:20:None score=0.730 match_level=structural
2026-04-27 19:06:43,207 | WARNING | similarity warning candidate=2026-04-27-pv13-remaining-batch-01:pv13_ompetitorgraphrank_hub_rank:2:20:Market score=0.730 match_level=structural
2026-04-27 19:06:43,329 | WARNING | similarity warning candidate=2026-04-27-pv13-remaining-batch-01:pv13_ompetitorgraphrank_hub_rank:2:60:None score=0.722 match_level=structural
2026-04-27 19:06:43,451 | WARNING | similarity warning candidate=2026-04-27-pv13-remaining-batch-01:pv13_ompetitorgraphrank_hub_rank:2:60:Market score=0.722 match_level=structural
2026-04-27 19:06:43,575 | WARNING | similarity warning candidate=2026-04-27-pv13-remaining-batch-01:pv13_ompetitorgraphrank_hub_rank:2:120:None score=0.735 match_level=structural
2026-04-27 19:06:43,699 | WARNING | similarity warning candidate=2026-04-27-pv13-remaining-batch-01:pv13_ompetitorgraphrank_hub_rank:2:120:Market score=0.735 match_level=structural
2026-04-27 19:06:47,253 | WARNING | similarity warning candidate=2026-04-27-pv13-remaining-batch-01:pv13_com_rk_au:1:20:None score=0.729 match_level=structural
2026-04-27 19:06:47,326 | WARNING | similarity warning candidate=2026-04-27-pv13-remaining-batch-01:pv13_com_rk_au:1:20:Market score=0.729 match_level=structural
2026-04-27 19:06:47,400 | WARNING | similarity warning candidate=2026-04-27-pv13-remaining-batch-01:pv13_com_rk_au:1:60:None score=0.729 match_level=structural
2026-04-27 19:06:47,474 | WARNING | similarity warning candidate=2026-04-27-pv13-remaining-batch-01:pv13_com_rk_au:1:60:Market score=0.729 match_level=structural
2026-04-27 19:06:47,550 | WARNING | similarity warning candidate=2026-04-27-pv13-remaining-batch-01:pv13_com_rk_au:1:120:None score=0.731 match_level=structural
2026-04-27 19:06:47,626 | WARNING | similarity warning candidate=2026-04-27-pv13-remaining-batch-01:pv13_com_rk_au:1:120:Market score=0.731 match_level=structural
2026-04-27 19:06:47,705 | WARNING | similarity warning candidate=2026-04-27-pv13-remaining-batch-01:pv13_com_rk_au:2:20:None score=0.728 match_level=structural
2026-04-27 19:06:47,784 | WARNING | similarity warning candidate=2026-04-27-pv13-remaining-batch-01:pv13_com_rk_au:2:20:Market score=0.728 match_level=structural
2026-04-27 19:06:47,862 | WARNING | similarity warning candidate=2026-04-27-pv13-remaining-batch-01:pv13_com_rk_au:2:60:None score=0.715 match_level=structural
2026-04-27 19:06:47,940 | WARNING | similarity warning candidate=2026-04-27-pv13-remaining-batch-01:pv13_com_rk_au:2:60:Market score=0.715 match_level=structural
2026-04-27 19:06:48,021 | WARNING | similarity warning candidate=2026-04-27-pv13-remaining-batch-01:pv13_com_rk_au:2:120:None score=0.735 match_level=structural
2026-04-27 19:06:48,102 | WARNING | similarity warning candidate=2026-04-27-pv13-remaining-batch-01:pv13_com_rk_au:2:120:Market score=0.735 match_level=structural
2026-04-27 19:07:00,131 | INFO | dedupe summary total=240 duplicates=0 warnings=48 remaining=240
2026-04-27 19:07:00,132 | INFO | dry-run plan start
2026-04-27 19:07:00,132 | INFO | project_root=/Users/zpdedn/Documents/project/Worldquantbrain
2026-04-27 19:07:00,132 | INFO | fields_file=/dev/fd/11
2026-04-27 19:07:00,133 | INFO | ledger_rows=262
2026-04-27 19:07:00,133 | INFO | templates=ts_rank({field}, {decay}), ts_zscore({field}, {decay}), ts_mean({field}, {decay}), ts_rank(ts_mean({field}, 63), {decay})
2026-04-27 19:07:00,133 | INFO | decays=20, 60, 120
2026-04-27 19:07:00,133 | INFO | neutralizations=None, Market
2026-04-27 19:07:00,133 | INFO | planned_candidates=100
2026-04-27 19:07:00,133 | INFO | top_recommendations=5
2026-04-27 19:07:00,133 | INFO | top_field_cap=2
2026-04-27 19:07:00,133 | INFO | --- ranked plan ---
2026-04-27 19:07:00,133 | INFO | rank field                        decay neutralization tmp  alpha_cnt coverage complexity  score     expression
2026-04-27 19:07:00,133 | INFO | 1    pv13_revere_index_value      120   Market     1    425      1.000  1           0.501     ts_rank(pv13_revere_index_value, 120)
2026-04-27 19:07:00,133 | INFO | 2    pv13_revere_key_sector_total 120   Market     1    3318     1.000  1           0.500     ts_rank(pv13_revere_key_sector_total, 120)
2026-04-27 19:07:00,133 | INFO | 3    pv13_ompetitorgraphrank_hub_ 120   Market     1    1398     0.897  1           0.469     ts_rank(pv13_ompetitorgraphrank_hub_rank, 120)
2026-04-27 19:07:00,133 | INFO | 4    pv13_com_rk_au               120   Market     1    2201     0.897  1           0.469     ts_rank(pv13_com_rk_au, 120)
2026-04-27 19:07:00,133 | INFO | 5    rel_num_comp                 120   Market     1    1912     0.890  1           0.467     ts_rank(rel_num_comp, 120)
2026-04-27 19:07:00,133 | INFO | 6    pv13_ustomergraphrank_auth_r 120   Market     1    570      0.791  1           0.438     ts_rank(pv13_ustomergraphrank_auth_rank, 120)
2026-04-27 19:07:00,133 | INFO | 7    pv13_ustomergraphrank_hub_ra 120   Market     1    956      0.791  1           0.438     ts_rank(pv13_ustomergraphrank_hub_rank, 120)
2026-04-27 19:07:00,133 | INFO | 8    rel_num_part                 120   Market     1    6416     0.784  1           0.435     ts_rank(rel_num_part, 120)
2026-04-27 19:07:00,133 | INFO | 9    rel_ret_part                 120   Market     1    2746     0.710  1           0.413     ts_rank(rel_ret_part, 120)
2026-04-27 19:07:00,133 | INFO | 10   rel_num_cust                 120   Market     1    2416     0.507  1           0.352     ts_rank(rel_num_cust, 120)
2026-04-27 19:07:00,133 | INFO | 11   pv13_revere_index_value      120   None       1    425      1.000  1           0.501     ts_rank(pv13_revere_index_value, 120)
2026-04-27 19:07:00,133 | INFO | 12   pv13_revere_key_sector_total 120   None       1    3318     1.000  1           0.500     ts_rank(pv13_revere_key_sector_total, 120)
2026-04-27 19:07:00,133 | INFO | 13   pv13_ompetitorgraphrank_hub_ 120   None       1    1398     0.897  1           0.469     ts_rank(pv13_ompetitorgraphrank_hub_rank, 120)
2026-04-27 19:07:00,133 | INFO | 14   pv13_com_rk_au               120   None       1    2201     0.897  1           0.469     ts_rank(pv13_com_rk_au, 120)
2026-04-27 19:07:00,133 | INFO | 15   rel_num_comp                 120   None       1    1912     0.890  1           0.467     ts_rank(rel_num_comp, 120)
2026-04-27 19:07:00,133 | INFO | 16   pv13_ustomergraphrank_auth_r 120   None       1    570      0.791  1           0.438     ts_rank(pv13_ustomergraphrank_auth_rank, 120)
2026-04-27 19:07:00,133 | INFO | 17   pv13_ustomergraphrank_hub_ra 120   None       1    956      0.791  1           0.438     ts_rank(pv13_ustomergraphrank_hub_rank, 120)
2026-04-27 19:07:00,133 | INFO | 18   rel_num_part                 120   None       1    6416     0.784  1           0.435     ts_rank(rel_num_part, 120)
2026-04-27 19:07:00,134 | INFO | 19   rel_ret_part                 120   None       1    2746     0.710  1           0.413     ts_rank(rel_ret_part, 120)
2026-04-27 19:07:00,134 | INFO | 20   rel_num_cust                 120   None       1    2416     0.507  1           0.352     ts_rank(rel_num_cust, 120)
2026-04-27 19:07:00,134 | INFO | 21   pv13_revere_index_value      20    Market     1    425      1.000  1           0.501     ts_rank(pv13_revere_index_value, 20)
2026-04-27 19:07:00,134 | INFO | 22   pv13_revere_index_value      20    None       1    425      1.000  1           0.501     ts_rank(pv13_revere_index_value, 20)
2026-04-27 19:07:00,134 | INFO | 23   pv13_revere_index_value      60    Market     1    425      1.000  1           0.501     ts_rank(pv13_revere_index_value, 60)
2026-04-27 19:07:00,134 | INFO | 24   pv13_revere_index_value      60    None       1    425      1.000  1           0.501     ts_rank(pv13_revere_index_value, 60)
2026-04-27 19:07:00,134 | INFO | 25   pv13_revere_index_value      120   Market     2    425      1.000  1           0.501     ts_zscore(pv13_revere_index_value, 120)
2026-04-27 19:07:00,134 | INFO | 26   pv13_revere_index_value      120   None       2    425      1.000  1           0.501     ts_zscore(pv13_revere_index_value, 120)
2026-04-27 19:07:00,134 | INFO | 27   pv13_revere_index_value      20    Market     2    425      1.000  1           0.501     ts_zscore(pv13_revere_index_value, 20)
2026-04-27 19:07:00,134 | INFO | 28   pv13_revere_index_value      20    None       2    425      1.000  1           0.501     ts_zscore(pv13_revere_index_value, 20)
2026-04-27 19:07:00,134 | INFO | 29   pv13_revere_index_value      60    Market     2    425      1.000  1           0.501     ts_zscore(pv13_revere_index_value, 60)
2026-04-27 19:07:00,134 | INFO | 30   pv13_revere_index_value      60    None       2    425      1.000  1           0.501     ts_zscore(pv13_revere_index_value, 60)
2026-04-27 19:07:00,134 | INFO | 31   pv13_revere_index_value      120   Market     3    425      1.000  1           0.501     ts_mean(pv13_revere_index_value, 120)
2026-04-27 19:07:00,134 | INFO | 32   pv13_revere_index_value      120   None       3    425      1.000  1           0.501     ts_mean(pv13_revere_index_value, 120)
2026-04-27 19:07:00,134 | INFO | 33   pv13_revere_index_value      20    Market     3    425      1.000  1           0.501     ts_mean(pv13_revere_index_value, 20)
2026-04-27 19:07:00,134 | INFO | 34   pv13_revere_index_value      20    None       3    425      1.000  1           0.501     ts_mean(pv13_revere_index_value, 20)
2026-04-27 19:07:00,134 | INFO | 35   pv13_revere_index_value      60    Market     3    425      1.000  1           0.501     ts_mean(pv13_revere_index_value, 60)
2026-04-27 19:07:00,134 | INFO | 36   pv13_revere_index_value      60    None       3    425      1.000  1           0.501     ts_mean(pv13_revere_index_value, 60)
2026-04-27 19:07:00,134 | INFO | 37   pv13_revere_key_sector_total 20    Market     1    3318     1.000  1           0.500     ts_rank(pv13_revere_key_sector_total, 20)
2026-04-27 19:07:00,134 | INFO | 38   pv13_revere_key_sector_total 20    None       1    3318     1.000  1           0.500     ts_rank(pv13_revere_key_sector_total, 20)
2026-04-27 19:07:00,134 | INFO | 39   pv13_revere_key_sector_total 60    Market     1    3318     1.000  1           0.500     ts_rank(pv13_revere_key_sector_total, 60)
2026-04-27 19:07:00,134 | INFO | 40   pv13_revere_key_sector_total 60    None       1    3318     1.000  1           0.500     ts_rank(pv13_revere_key_sector_total, 60)
2026-04-27 19:07:00,134 | INFO | 41   pv13_revere_key_sector_total 120   Market     2    3318     1.000  1           0.500     ts_zscore(pv13_revere_key_sector_total, 120)
2026-04-27 19:07:00,134 | INFO | 42   pv13_revere_key_sector_total 120   None       2    3318     1.000  1           0.500     ts_zscore(pv13_revere_key_sector_total, 120)
2026-04-27 19:07:00,134 | INFO | 43   pv13_revere_key_sector_total 20    Market     2    3318     1.000  1           0.500     ts_zscore(pv13_revere_key_sector_total, 20)
2026-04-27 19:07:00,134 | INFO | 44   pv13_revere_key_sector_total 20    None       2    3318     1.000  1           0.500     ts_zscore(pv13_revere_key_sector_total, 20)
2026-04-27 19:07:00,134 | INFO | 45   pv13_revere_key_sector_total 60    Market     2    3318     1.000  1           0.500     ts_zscore(pv13_revere_key_sector_total, 60)
2026-04-27 19:07:00,134 | INFO | 46   pv13_revere_key_sector_total 60    None       2    3318     1.000  1           0.500     ts_zscore(pv13_revere_key_sector_total, 60)
2026-04-27 19:07:00,134 | INFO | 47   pv13_revere_key_sector_total 120   Market     3    3318     1.000  1           0.500     ts_mean(pv13_revere_key_sector_total, 120)
2026-04-27 19:07:00,134 | INFO | 48   pv13_revere_key_sector_total 120   None       3    3318     1.000  1           0.500     ts_mean(pv13_revere_key_sector_total, 120)
2026-04-27 19:07:00,134 | INFO | 49   pv13_revere_key_sector_total 20    Market     3    3318     1.000  1           0.500     ts_mean(pv13_revere_key_sector_total, 20)
2026-04-27 19:07:00,134 | INFO | 50   pv13_revere_key_sector_total 20    None       3    3318     1.000  1           0.500     ts_mean(pv13_revere_key_sector_total, 20)
2026-04-27 19:07:00,134 | INFO | 51   pv13_revere_key_sector_total 60    Market     3    3318     1.000  1           0.500     ts_mean(pv13_revere_key_sector_total, 60)
2026-04-27 19:07:00,134 | INFO | 52   pv13_revere_key_sector_total 60    None       3    3318     1.000  1           0.500     ts_mean(pv13_revere_key_sector_total, 60)
2026-04-27 19:07:00,134 | INFO | 53   pv13_ompetitorgraphrank_hub_ 20    Market     1    1398     0.897  1           0.469     ts_rank(pv13_ompetitorgraphrank_hub_rank, 20)
2026-04-27 19:07:00,134 | INFO | 54   pv13_ompetitorgraphrank_hub_ 20    None       1    1398     0.897  1           0.469     ts_rank(pv13_ompetitorgraphrank_hub_rank, 20)
2026-04-27 19:07:00,134 | INFO | 55   pv13_ompetitorgraphrank_hub_ 60    Market     1    1398     0.897  1           0.469     ts_rank(pv13_ompetitorgraphrank_hub_rank, 60)
2026-04-27 19:07:00,134 | INFO | 56   pv13_ompetitorgraphrank_hub_ 60    None       1    1398     0.897  1           0.469     ts_rank(pv13_ompetitorgraphrank_hub_rank, 60)
2026-04-27 19:07:00,135 | INFO | 57   pv13_ompetitorgraphrank_hub_ 120   Market     2    1398     0.897  1           0.469     ts_zscore(pv13_ompetitorgraphrank_hub_rank, 120)
2026-04-27 19:07:00,135 | INFO | 58   pv13_ompetitorgraphrank_hub_ 120   None       2    1398     0.897  1           0.469     ts_zscore(pv13_ompetitorgraphrank_hub_rank, 120)
2026-04-27 19:07:00,135 | INFO | 59   pv13_ompetitorgraphrank_hub_ 20    Market     2    1398     0.897  1           0.469     ts_zscore(pv13_ompetitorgraphrank_hub_rank, 20)
2026-04-27 19:07:00,135 | INFO | 60   pv13_ompetitorgraphrank_hub_ 20    None       2    1398     0.897  1           0.469     ts_zscore(pv13_ompetitorgraphrank_hub_rank, 20)
2026-04-27 19:07:00,135 | INFO | 61   pv13_ompetitorgraphrank_hub_ 60    Market     2    1398     0.897  1           0.469     ts_zscore(pv13_ompetitorgraphrank_hub_rank, 60)
2026-04-27 19:07:00,135 | INFO | 62   pv13_ompetitorgraphrank_hub_ 60    None       2    1398     0.897  1           0.469     ts_zscore(pv13_ompetitorgraphrank_hub_rank, 60)
2026-04-27 19:07:00,135 | INFO | 63   pv13_ompetitorgraphrank_hub_ 120   Market     3    1398     0.897  1           0.469     ts_mean(pv13_ompetitorgraphrank_hub_rank, 120)
2026-04-27 19:07:00,135 | INFO | 64   pv13_ompetitorgraphrank_hub_ 120   None       3    1398     0.897  1           0.469     ts_mean(pv13_ompetitorgraphrank_hub_rank, 120)
2026-04-27 19:07:00,135 | INFO | 65   pv13_ompetitorgraphrank_hub_ 20    Market     3    1398     0.897  1           0.469     ts_mean(pv13_ompetitorgraphrank_hub_rank, 20)
2026-04-27 19:07:00,135 | INFO | 66   pv13_ompetitorgraphrank_hub_ 20    None       3    1398     0.897  1           0.469     ts_mean(pv13_ompetitorgraphrank_hub_rank, 20)
2026-04-27 19:07:00,135 | INFO | 67   pv13_ompetitorgraphrank_hub_ 60    Market     3    1398     0.897  1           0.469     ts_mean(pv13_ompetitorgraphrank_hub_rank, 60)
2026-04-27 19:07:00,135 | INFO | 68   pv13_ompetitorgraphrank_hub_ 60    None       3    1398     0.897  1           0.469     ts_mean(pv13_ompetitorgraphrank_hub_rank, 60)
2026-04-27 19:07:00,135 | INFO | 69   pv13_com_rk_au               20    Market     1    2201     0.897  1           0.469     ts_rank(pv13_com_rk_au, 20)
2026-04-27 19:07:00,135 | INFO | 70   pv13_com_rk_au               20    None       1    2201     0.897  1           0.469     ts_rank(pv13_com_rk_au, 20)
2026-04-27 19:07:00,135 | INFO | 71   pv13_com_rk_au               60    Market     1    2201     0.897  1           0.469     ts_rank(pv13_com_rk_au, 60)
2026-04-27 19:07:00,135 | INFO | 72   pv13_com_rk_au               60    None       1    2201     0.897  1           0.469     ts_rank(pv13_com_rk_au, 60)
2026-04-27 19:07:00,135 | INFO | 73   pv13_com_rk_au               120   Market     2    2201     0.897  1           0.469     ts_zscore(pv13_com_rk_au, 120)
2026-04-27 19:07:00,135 | INFO | 74   pv13_com_rk_au               120   None       2    2201     0.897  1           0.469     ts_zscore(pv13_com_rk_au, 120)
2026-04-27 19:07:00,135 | INFO | 75   pv13_com_rk_au               20    Market     2    2201     0.897  1           0.469     ts_zscore(pv13_com_rk_au, 20)
2026-04-27 19:07:00,135 | INFO | 76   pv13_com_rk_au               20    None       2    2201     0.897  1           0.469     ts_zscore(pv13_com_rk_au, 20)
2026-04-27 19:07:00,135 | INFO | 77   pv13_com_rk_au               60    Market     2    2201     0.897  1           0.469     ts_zscore(pv13_com_rk_au, 60)
2026-04-27 19:07:00,135 | INFO | 78   pv13_com_rk_au               60    None       2    2201     0.897  1           0.469     ts_zscore(pv13_com_rk_au, 60)
2026-04-27 19:07:00,135 | INFO | 79   pv13_com_rk_au               120   Market     3    2201     0.897  1           0.469     ts_mean(pv13_com_rk_au, 120)
2026-04-27 19:07:00,135 | INFO | 80   pv13_com_rk_au               120   None       3    2201     0.897  1           0.469     ts_mean(pv13_com_rk_au, 120)
2026-04-27 19:07:00,135 | INFO | 81   pv13_com_rk_au               20    Market     3    2201     0.897  1           0.469     ts_mean(pv13_com_rk_au, 20)
2026-04-27 19:07:00,135 | INFO | 82   pv13_com_rk_au               20    None       3    2201     0.897  1           0.469     ts_mean(pv13_com_rk_au, 20)
2026-04-27 19:07:00,135 | INFO | 83   pv13_com_rk_au               60    Market     3    2201     0.897  1           0.469     ts_mean(pv13_com_rk_au, 60)
2026-04-27 19:07:00,135 | INFO | 84   pv13_com_rk_au               60    None       3    2201     0.897  1           0.469     ts_mean(pv13_com_rk_au, 60)
2026-04-27 19:07:00,135 | INFO | 85   rel_num_comp                 20    Market     1    1912     0.890  1           0.467     ts_rank(rel_num_comp, 20)
2026-04-27 19:07:00,135 | INFO | 86   rel_num_comp                 20    None       1    1912     0.890  1           0.467     ts_rank(rel_num_comp, 20)
2026-04-27 19:07:00,135 | INFO | 87   rel_num_comp                 60    Market     1    1912     0.890  1           0.467     ts_rank(rel_num_comp, 60)
2026-04-27 19:07:00,135 | INFO | 88   rel_num_comp                 60    None       1    1912     0.890  1           0.467     ts_rank(rel_num_comp, 60)
2026-04-27 19:07:00,135 | INFO | 89   rel_num_comp                 120   Market     2    1912     0.890  1           0.467     ts_zscore(rel_num_comp, 120)
2026-04-27 19:07:00,135 | INFO | 90   rel_num_comp                 120   None       2    1912     0.890  1           0.467     ts_zscore(rel_num_comp, 120)
2026-04-27 19:07:00,135 | INFO | 91   rel_num_comp                 20    Market     2    1912     0.890  1           0.467     ts_zscore(rel_num_comp, 20)
2026-04-27 19:07:00,136 | INFO | 92   rel_num_comp                 20    None       2    1912     0.890  1           0.467     ts_zscore(rel_num_comp, 20)
2026-04-27 19:07:00,136 | INFO | 93   rel_num_comp                 60    Market     2    1912     0.890  1           0.467     ts_zscore(rel_num_comp, 60)
2026-04-27 19:07:00,136 | INFO | 94   rel_num_comp                 60    None       2    1912     0.890  1           0.467     ts_zscore(rel_num_comp, 60)
2026-04-27 19:07:00,136 | INFO | 95   rel_num_comp                 120   Market     3    1912     0.890  1           0.467     ts_mean(rel_num_comp, 120)
2026-04-27 19:07:00,136 | INFO | 96   rel_num_comp                 120   None       3    1912     0.890  1           0.467     ts_mean(rel_num_comp, 120)
2026-04-27 19:07:00,136 | INFO | 97   rel_num_comp                 20    Market     3    1912     0.890  1           0.467     ts_mean(rel_num_comp, 20)
2026-04-27 19:07:00,136 | INFO | 98   rel_num_comp                 20    None       3    1912     0.890  1           0.467     ts_mean(rel_num_comp, 20)
2026-04-27 19:07:00,136 | INFO | 99   rel_num_comp                 60    Market     3    1912     0.890  1           0.467     ts_mean(rel_num_comp, 60)
2026-04-27 19:07:00,136 | INFO | 100  rel_num_comp                 60    None       3    1912     0.890  1           0.467     ts_mean(rel_num_comp, 60)
2026-04-27 19:07:00,136 | INFO | --- top 5 (field-capped) ---
2026-04-27 19:07:00,136 | INFO | top=1 candidate=2026-04-27-pv13-remaining-batch-01:pv13_revere_index_value:1:120:Market score=0.501 expr=ts_rank(pv13_revere_index_value, 120)
2026-04-27 19:07:00,136 | INFO | top=2 candidate=2026-04-27-pv13-remaining-batch-01:pv13_revere_key_sector_total:1:120:Market score=0.500 expr=ts_rank(pv13_revere_key_sector_total, 120)
2026-04-27 19:07:00,136 | INFO | top=3 candidate=2026-04-27-pv13-remaining-batch-01:pv13_ompetitorgraphrank_hub_rank:1:120:Market score=0.469 expr=ts_rank(pv13_ompetitorgraphrank_hub_rank, 120)
2026-04-27 19:07:00,136 | INFO | top=4 candidate=2026-04-27-pv13-remaining-batch-01:pv13_com_rk_au:1:120:Market score=0.469 expr=ts_rank(pv13_com_rk_au, 120)
2026-04-27 19:07:00,136 | INFO | top=5 candidate=2026-04-27-pv13-remaining-batch-01:rel_num_comp:1:120:Market score=0.467 expr=ts_rank(rel_num_comp, 120)
2026-04-27 19:07:00,136 | INFO | dry-run plan end
2026-04-27 19:07:00,136 | INFO | summary={"mode": "dry", "planned": 100, "top": 5, "total_after_dedupe": 100}
2026-04-27 19:38:32,773 | INFO | loaded field candidate file=/Users/zpdedn/Documents/project/Worldquantbrain/runs/research-contracts/2026-04-27-pv13-remaining-field_candidates.json
2026-04-27 19:38:32,773 | INFO | batch_id=2026-04-27-pv13-remaining-batch-01
2026-04-27 19:38:32,774 | INFO | field_count=10
2026-04-27 19:38:32,774 | INFO | generated_candidates=240
2026-04-27 19:38:32,912 | WARNING | similarity warning candidate=2026-04-27-pv13-remaining-batch-01:pv13_ustomergraphrank_auth_rank:1:20:None score=0.772 match_level=structural
2026-04-27 19:38:33,033 | WARNING | similarity warning candidate=2026-04-27-pv13-remaining-batch-01:pv13_ustomergraphrank_auth_rank:1:20:Market score=0.772 match_level=structural
2026-04-27 19:38:33,154 | WARNING | similarity warning candidate=2026-04-27-pv13-remaining-batch-01:pv13_ustomergraphrank_auth_rank:1:60:None score=0.772 match_level=structural
2026-04-27 19:38:33,273 | WARNING | similarity warning candidate=2026-04-27-pv13-remaining-batch-01:pv13_ustomergraphrank_auth_rank:1:60:Market score=0.772 match_level=structural
2026-04-27 19:38:33,389 | WARNING | similarity warning candidate=2026-04-27-pv13-remaining-batch-01:pv13_ustomergraphrank_auth_rank:1:120:None score=0.773 match_level=structural
2026-04-27 19:38:33,507 | WARNING | similarity warning candidate=2026-04-27-pv13-remaining-batch-01:pv13_ustomergraphrank_auth_rank:1:120:Market score=0.773 match_level=structural
2026-04-27 19:38:33,626 | WARNING | similarity warning candidate=2026-04-27-pv13-remaining-batch-01:pv13_ustomergraphrank_auth_rank:2:20:None score=0.769 match_level=structural
2026-04-27 19:38:33,745 | WARNING | similarity warning candidate=2026-04-27-pv13-remaining-batch-01:pv13_ustomergraphrank_auth_rank:2:20:Market score=0.769 match_level=structural
2026-04-27 19:38:33,865 | WARNING | similarity warning candidate=2026-04-27-pv13-remaining-batch-01:pv13_ustomergraphrank_auth_rank:2:60:None score=0.760 match_level=structural
2026-04-27 19:38:33,985 | WARNING | similarity warning candidate=2026-04-27-pv13-remaining-batch-01:pv13_ustomergraphrank_auth_rank:2:60:Market score=0.760 match_level=structural
2026-04-27 19:38:34,106 | WARNING | similarity warning candidate=2026-04-27-pv13-remaining-batch-01:pv13_ustomergraphrank_auth_rank:2:120:None score=0.774 match_level=structural
2026-04-27 19:38:34,227 | WARNING | similarity warning candidate=2026-04-27-pv13-remaining-batch-01:pv13_ustomergraphrank_auth_rank:2:120:Market score=0.774 match_level=structural
2026-04-27 19:38:35,896 | WARNING | similarity warning candidate=2026-04-27-pv13-remaining-batch-01:pv13_ustomergraphrank_hub_rank:1:20:None score=0.767 match_level=structural
2026-04-27 19:38:36,007 | WARNING | similarity warning candidate=2026-04-27-pv13-remaining-batch-01:pv13_ustomergraphrank_hub_rank:1:20:Market score=0.767 match_level=structural
2026-04-27 19:38:36,118 | WARNING | similarity warning candidate=2026-04-27-pv13-remaining-batch-01:pv13_ustomergraphrank_hub_rank:1:60:None score=0.767 match_level=structural
2026-04-27 19:38:36,229 | WARNING | similarity warning candidate=2026-04-27-pv13-remaining-batch-01:pv13_ustomergraphrank_hub_rank:1:60:Market score=0.767 match_level=structural
2026-04-27 19:38:36,342 | WARNING | similarity warning candidate=2026-04-27-pv13-remaining-batch-01:pv13_ustomergraphrank_hub_rank:1:120:None score=0.768 match_level=structural
2026-04-27 19:38:36,457 | WARNING | similarity warning candidate=2026-04-27-pv13-remaining-batch-01:pv13_ustomergraphrank_hub_rank:1:120:Market score=0.768 match_level=structural
2026-04-27 19:38:36,573 | WARNING | similarity warning candidate=2026-04-27-pv13-remaining-batch-01:pv13_ustomergraphrank_hub_rank:2:20:None score=0.764 match_level=structural
2026-04-27 19:38:36,690 | WARNING | similarity warning candidate=2026-04-27-pv13-remaining-batch-01:pv13_ustomergraphrank_hub_rank:2:20:Market score=0.764 match_level=structural
2026-04-27 19:38:36,806 | WARNING | similarity warning candidate=2026-04-27-pv13-remaining-batch-01:pv13_ustomergraphrank_hub_rank:2:60:None score=0.756 match_level=structural
2026-04-27 19:38:36,923 | WARNING | similarity warning candidate=2026-04-27-pv13-remaining-batch-01:pv13_ustomergraphrank_hub_rank:2:60:Market score=0.756 match_level=structural
2026-04-27 19:38:37,041 | WARNING | similarity warning candidate=2026-04-27-pv13-remaining-batch-01:pv13_ustomergraphrank_hub_rank:2:120:None score=0.769 match_level=structural
2026-04-27 19:38:37,162 | WARNING | similarity warning candidate=2026-04-27-pv13-remaining-batch-01:pv13_ustomergraphrank_hub_rank:2:120:Market score=0.769 match_level=structural
2026-04-27 19:38:38,809 | WARNING | similarity warning candidate=2026-04-27-pv13-remaining-batch-01:pv13_ompetitorgraphrank_hub_rank:1:20:None score=0.731 match_level=structural
2026-04-27 19:38:38,925 | WARNING | similarity warning candidate=2026-04-27-pv13-remaining-batch-01:pv13_ompetitorgraphrank_hub_rank:1:20:Market score=0.731 match_level=structural
2026-04-27 19:38:39,042 | WARNING | similarity warning candidate=2026-04-27-pv13-remaining-batch-01:pv13_ompetitorgraphrank_hub_rank:1:60:None score=0.731 match_level=structural
2026-04-27 19:38:39,162 | WARNING | similarity warning candidate=2026-04-27-pv13-remaining-batch-01:pv13_ompetitorgraphrank_hub_rank:1:60:Market score=0.731 match_level=structural
2026-04-27 19:38:39,280 | WARNING | similarity warning candidate=2026-04-27-pv13-remaining-batch-01:pv13_ompetitorgraphrank_hub_rank:1:120:None score=0.733 match_level=structural
2026-04-27 19:38:39,399 | WARNING | similarity warning candidate=2026-04-27-pv13-remaining-batch-01:pv13_ompetitorgraphrank_hub_rank:1:120:Market score=0.733 match_level=structural
2026-04-27 19:38:39,520 | WARNING | similarity warning candidate=2026-04-27-pv13-remaining-batch-01:pv13_ompetitorgraphrank_hub_rank:2:20:None score=0.730 match_level=structural
2026-04-27 19:38:39,642 | WARNING | similarity warning candidate=2026-04-27-pv13-remaining-batch-01:pv13_ompetitorgraphrank_hub_rank:2:20:Market score=0.730 match_level=structural
2026-04-27 19:38:39,762 | WARNING | similarity warning candidate=2026-04-27-pv13-remaining-batch-01:pv13_ompetitorgraphrank_hub_rank:2:60:None score=0.722 match_level=structural
2026-04-27 19:38:39,883 | WARNING | similarity warning candidate=2026-04-27-pv13-remaining-batch-01:pv13_ompetitorgraphrank_hub_rank:2:60:Market score=0.722 match_level=structural
2026-04-27 19:38:40,007 | WARNING | similarity warning candidate=2026-04-27-pv13-remaining-batch-01:pv13_ompetitorgraphrank_hub_rank:2:120:None score=0.735 match_level=structural
2026-04-27 19:38:40,131 | WARNING | similarity warning candidate=2026-04-27-pv13-remaining-batch-01:pv13_ompetitorgraphrank_hub_rank:2:120:Market score=0.735 match_level=structural
2026-04-27 19:38:43,706 | WARNING | similarity warning candidate=2026-04-27-pv13-remaining-batch-01:pv13_com_rk_au:1:20:None score=0.729 match_level=structural
2026-04-27 19:38:43,780 | WARNING | similarity warning candidate=2026-04-27-pv13-remaining-batch-01:pv13_com_rk_au:1:20:Market score=0.729 match_level=structural
2026-04-27 19:38:43,853 | WARNING | similarity warning candidate=2026-04-27-pv13-remaining-batch-01:pv13_com_rk_au:1:60:None score=0.729 match_level=structural
2026-04-27 19:38:43,926 | WARNING | similarity warning candidate=2026-04-27-pv13-remaining-batch-01:pv13_com_rk_au:1:60:Market score=0.729 match_level=structural
2026-04-27 19:38:44,002 | WARNING | similarity warning candidate=2026-04-27-pv13-remaining-batch-01:pv13_com_rk_au:1:120:None score=0.731 match_level=structural
2026-04-27 19:38:44,078 | WARNING | similarity warning candidate=2026-04-27-pv13-remaining-batch-01:pv13_com_rk_au:1:120:Market score=0.731 match_level=structural
2026-04-27 19:38:44,157 | WARNING | similarity warning candidate=2026-04-27-pv13-remaining-batch-01:pv13_com_rk_au:2:20:None score=0.728 match_level=structural
2026-04-27 19:38:44,236 | WARNING | similarity warning candidate=2026-04-27-pv13-remaining-batch-01:pv13_com_rk_au:2:20:Market score=0.728 match_level=structural
2026-04-27 19:38:44,315 | WARNING | similarity warning candidate=2026-04-27-pv13-remaining-batch-01:pv13_com_rk_au:2:60:None score=0.715 match_level=structural
2026-04-27 19:38:44,396 | WARNING | similarity warning candidate=2026-04-27-pv13-remaining-batch-01:pv13_com_rk_au:2:60:Market score=0.715 match_level=structural
2026-04-27 19:38:44,479 | WARNING | similarity warning candidate=2026-04-27-pv13-remaining-batch-01:pv13_com_rk_au:2:120:None score=0.735 match_level=structural
2026-04-27 19:38:44,561 | WARNING | similarity warning candidate=2026-04-27-pv13-remaining-batch-01:pv13_com_rk_au:2:120:Market score=0.735 match_level=structural
2026-04-27 19:38:56,612 | INFO | dedupe summary total=240 duplicates=0 warnings=48 remaining=240
2026-04-27 19:38:56,615 | INFO | live mode start
2026-04-27 19:38:56,615 | INFO | planned_candidates=6
2026-04-27 19:38:56,615 | INFO | project_root=/Users/zpdedn/Documents/project/Worldquantbrain
2026-04-27 19:38:56,615 | INFO | fields_file=/Users/zpdedn/Documents/project/Worldquantbrain/runs/research-contracts/2026-04-27-pv13-remaining-field_candidates.json
2026-04-27 19:38:56,615 | INFO | ledger_path=/Users/zpdedn/Documents/project/Worldquantbrain/runs/evidence/result_ledger.db
2026-04-27 19:38:56,615 | INFO | progress_path=/Users/zpdedn/Documents/project/Worldquantbrain/runs/evidence/batch_progress.json
2026-04-27 19:38:56,615 | INFO | run_mode=live test_mode=True
2026-04-27 19:38:56,615 | INFO | api_base_url=<missing>
2026-04-27 19:38:56,615 | INFO | auth_mode=none
2026-04-27 19:38:56,615 | INFO | missing_config=API_BASE_URL, AUTHENTICATION_METHOD
2026-04-27 19:38:56,615 | INFO | daily_count=0 warn_at=3800 limit=4000
2026-04-27 19:38:56,615 | INFO | [TEST MODE] request method=POST url=<missing API_BASE_URL>/simulations
2026-04-27 19:38:56,615 | INFO | [TEST MODE] request headers={"Accept": "application/json", "Content-Type": "application/json"}
2026-04-27 19:38:56,615 | INFO | [TEST MODE] request body={"regular": "ts_rank(pv13_revere_index_value, 120)", "settings": {"decay": 120, "delay": 1, "instrumentType": "EQUITY", "language": "FASTEXPR", "nanHandling": "ON", "neutralization": "MARKET", "pasteurization": "ON", "region": "USA", "truncation": 0.08, "unitHandling": "VERIFY", "universe": "TOP3000", "visualization": false}, "type": "REGULAR"}
2026-04-27 19:38:56,615 | INFO | TEST MODE: progress update would be saved: {"completed_alpha_ids": 0, "completed_candidate_ids": 0, "last_record": {"alpha_id": "", "candidate_id": "2026-04-27-pv13-remaining-batch-01:pv13_revere_index_value:1:120:Market", "status": "submitted", "submission_id": "TEST_MODE_DUMMY_ALPHA_ID:2026-04-27-pv13-remaining-batch-01:pv13_revere_index_value:1:120:Market"}, "mode": "test-mode-print-only", "path": "/Users/zpdedn/Documents/project/Worldquantbrain/runs/evidence/batch_progress.json", "records": 1}
2026-04-27 19:38:56,615 | INFO | TEST MODE: skipping sleep 30s (post-submission poll wait)
2026-04-27 19:38:56,615 | INFO | [TEST MODE] poll_result alpha_id=TEST_MODE_DUMMY_ALPHA_ID:2026-04-27-pv13-remaining-batch-01:pv13_revere_index_value:1:120:Market -> TEST_MODE_DUMMY
2026-04-27 19:38:56,615 | INFO | TEST MODE: progress update would be saved: {"completed_alpha_ids": 1, "completed_candidate_ids": 1, "last_record": {"alpha_id": "TEST_MODE_DUMMY_ALPHA_ID:2026-04-27-pv13-remaining-batch-01:pv13_revere_index_value:1:120:Market", "candidate_id": "2026-04-27-pv13-remaining-batch-01:pv13_revere_index_value:1:120:Market", "status": "completed", "submission_id": "TEST_MODE_DUMMY_ALPHA_ID:2026-04-27-pv13-remaining-batch-01:pv13_revere_index_value:1:120:Market"}, "mode": "test-mode-print-only", "path": "/Users/zpdedn/Documents/project/Worldquantbrain/runs/evidence/batch_progress.json", "records": 1}
2026-04-27 19:38:56,615 | INFO | candidate completed candidate=2026-04-27-pv13-remaining-batch-01:pv13_revere_index_value:1:120:Market alpha_id=TEST_MODE_DUMMY_ALPHA_ID:2026-04-27-pv13-remaining-batch-01:pv13_revere_index_value:1:120:Market status=TEST_MODE_DUMMY
2026-04-27 19:38:56,615 | INFO | [TEST MODE] request method=POST url=<missing API_BASE_URL>/simulations
2026-04-27 19:38:56,615 | INFO | [TEST MODE] request headers={"Accept": "application/json", "Content-Type": "application/json"}
2026-04-27 19:38:56,615 | INFO | [TEST MODE] request body={"regular": "ts_rank(pv13_revere_key_sector_total, 120)", "settings": {"decay": 120, "delay": 1, "instrumentType": "EQUITY", "language": "FASTEXPR", "nanHandling": "ON", "neutralization": "MARKET", "pasteurization": "ON", "region": "USA", "truncation": 0.08, "unitHandling": "VERIFY", "universe": "TOP3000", "visualization": false}, "type": "REGULAR"}
2026-04-27 19:38:56,615 | INFO | TEST MODE: progress update would be saved: {"completed_alpha_ids": 1, "completed_candidate_ids": 1, "last_record": {"alpha_id": "", "candidate_id": "2026-04-27-pv13-remaining-batch-01:pv13_revere_key_sector_total:1:120:Market", "status": "submitted", "submission_id": "TEST_MODE_DUMMY_ALPHA_ID:2026-04-27-pv13-remaining-batch-01:pv13_revere_key_sector_total:1:120:Market"}, "mode": "test-mode-print-only", "path": "/Users/zpdedn/Documents/project/Worldquantbrain/runs/evidence/batch_progress.json", "records": 2}
2026-04-27 19:38:56,615 | INFO | TEST MODE: skipping sleep 30s (post-submission poll wait)
2026-04-27 19:38:56,615 | INFO | [TEST MODE] poll_result alpha_id=TEST_MODE_DUMMY_ALPHA_ID:2026-04-27-pv13-remaining-batch-01:pv13_revere_key_sector_total:1:120:Market -> TEST_MODE_DUMMY
2026-04-27 19:38:56,616 | INFO | TEST MODE: progress update would be saved: {"completed_alpha_ids": 2, "completed_candidate_ids": 2, "last_record": {"alpha_id": "TEST_MODE_DUMMY_ALPHA_ID:2026-04-27-pv13-remaining-batch-01:pv13_revere_key_sector_total:1:120:Market", "candidate_id": "2026-04-27-pv13-remaining-batch-01:pv13_revere_key_sector_total:1:120:Market", "status": "completed", "submission_id": "TEST_MODE_DUMMY_ALPHA_ID:2026-04-27-pv13-remaining-batch-01:pv13_revere_key_sector_total:1:120:Market"}, "mode": "test-mode-print-only", "path": "/Users/zpdedn/Documents/project/Worldquantbrain/runs/evidence/batch_progress.json", "records": 2}
2026-04-27 19:38:56,616 | INFO | candidate completed candidate=2026-04-27-pv13-remaining-batch-01:pv13_revere_key_sector_total:1:120:Market alpha_id=TEST_MODE_DUMMY_ALPHA_ID:2026-04-27-pv13-remaining-batch-01:pv13_revere_key_sector_total:1:120:Market status=TEST_MODE_DUMMY
2026-04-27 19:38:56,616 | INFO | [TEST MODE] request method=POST url=<missing API_BASE_URL>/simulations
2026-04-27 19:38:56,616 | INFO | [TEST MODE] request headers={"Accept": "application/json", "Content-Type": "application/json"}
2026-04-27 19:38:56,616 | INFO | [TEST MODE] request body={"regular": "ts_rank(pv13_ompetitorgraphrank_hub_rank, 120)", "settings": {"decay": 120, "delay": 1, "instrumentType": "EQUITY", "language": "FASTEXPR", "nanHandling": "ON", "neutralization": "MARKET", "pasteurization": "ON", "region": "USA", "truncation": 0.08, "unitHandling": "VERIFY", "universe": "TOP3000", "visualization": false}, "type": "REGULAR"}
2026-04-27 19:38:56,616 | INFO | TEST MODE: progress update would be saved: {"completed_alpha_ids": 2, "completed_candidate_ids": 2, "last_record": {"alpha_id": "", "candidate_id": "2026-04-27-pv13-remaining-batch-01:pv13_ompetitorgraphrank_hub_rank:1:120:Market", "status": "submitted", "submission_id": "TEST_MODE_DUMMY_ALPHA_ID:2026-04-27-pv13-remaining-batch-01:pv13_ompetitorgraphrank_hub_rank:1:120:Market"}, "mode": "test-mode-print-only", "path": "/Users/zpdedn/Documents/project/Worldquantbrain/runs/evidence/batch_progress.json", "records": 3}
2026-04-27 19:38:56,616 | INFO | TEST MODE: skipping sleep 30s (post-submission poll wait)
2026-04-27 19:38:56,616 | INFO | [TEST MODE] poll_result alpha_id=TEST_MODE_DUMMY_ALPHA_ID:2026-04-27-pv13-remaining-batch-01:pv13_ompetitorgraphrank_hub_rank:1:120:Market -> TEST_MODE_DUMMY
2026-04-27 19:38:56,616 | INFO | TEST MODE: progress update would be saved: {"completed_alpha_ids": 3, "completed_candidate_ids": 3, "last_record": {"alpha_id": "TEST_MODE_DUMMY_ALPHA_ID:2026-04-27-pv13-remaining-batch-01:pv13_ompetitorgraphrank_hub_rank:1:120:Market", "candidate_id": "2026-04-27-pv13-remaining-batch-01:pv13_ompetitorgraphrank_hub_rank:1:120:Market", "status": "completed", "submission_id": "TEST_MODE_DUMMY_ALPHA_ID:2026-04-27-pv13-remaining-batch-01:pv13_ompetitorgraphrank_hub_rank:1:120:Market"}, "mode": "test-mode-print-only", "path": "/Users/zpdedn/Documents/project/Worldquantbrain/runs/evidence/batch_progress.json", "records": 3}
2026-04-27 19:38:56,616 | INFO | candidate completed candidate=2026-04-27-pv13-remaining-batch-01:pv13_ompetitorgraphrank_hub_rank:1:120:Market alpha_id=TEST_MODE_DUMMY_ALPHA_ID:2026-04-27-pv13-remaining-batch-01:pv13_ompetitorgraphrank_hub_rank:1:120:Market status=TEST_MODE_DUMMY
2026-04-27 19:38:56,616 | INFO | [TEST MODE] request method=POST url=<missing API_BASE_URL>/simulations
2026-04-27 19:38:56,616 | INFO | [TEST MODE] request headers={"Accept": "application/json", "Content-Type": "application/json"}
2026-04-27 19:38:56,616 | INFO | [TEST MODE] request body={"regular": "ts_rank(pv13_com_rk_au, 120)", "settings": {"decay": 120, "delay": 1, "instrumentType": "EQUITY", "language": "FASTEXPR", "nanHandling": "ON", "neutralization": "MARKET", "pasteurization": "ON", "region": "USA", "truncation": 0.08, "unitHandling": "VERIFY", "universe": "TOP3000", "visualization": false}, "type": "REGULAR"}
2026-04-27 19:38:56,616 | INFO | TEST MODE: progress update would be saved: {"completed_alpha_ids": 3, "completed_candidate_ids": 3, "last_record": {"alpha_id": "", "candidate_id": "2026-04-27-pv13-remaining-batch-01:pv13_com_rk_au:1:120:Market", "status": "submitted", "submission_id": "TEST_MODE_DUMMY_ALPHA_ID:2026-04-27-pv13-remaining-batch-01:pv13_com_rk_au:1:120:Market"}, "mode": "test-mode-print-only", "path": "/Users/zpdedn/Documents/project/Worldquantbrain/runs/evidence/batch_progress.json", "records": 4}
2026-04-27 19:38:56,616 | INFO | TEST MODE: skipping sleep 30s (post-submission poll wait)
2026-04-27 19:38:56,616 | INFO | [TEST MODE] poll_result alpha_id=TEST_MODE_DUMMY_ALPHA_ID:2026-04-27-pv13-remaining-batch-01:pv13_com_rk_au:1:120:Market -> TEST_MODE_DUMMY
2026-04-27 19:38:56,616 | INFO | TEST MODE: progress update would be saved: {"completed_alpha_ids": 4, "completed_candidate_ids": 4, "last_record": {"alpha_id": "TEST_MODE_DUMMY_ALPHA_ID:2026-04-27-pv13-remaining-batch-01:pv13_com_rk_au:1:120:Market", "candidate_id": "2026-04-27-pv13-remaining-batch-01:pv13_com_rk_au:1:120:Market", "status": "completed", "submission_id": "TEST_MODE_DUMMY_ALPHA_ID:2026-04-27-pv13-remaining-batch-01:pv13_com_rk_au:1:120:Market"}, "mode": "test-mode-print-only", "path": "/Users/zpdedn/Documents/project/Worldquantbrain/runs/evidence/batch_progress.json", "records": 4}
2026-04-27 19:38:56,616 | INFO | candidate completed candidate=2026-04-27-pv13-remaining-batch-01:pv13_com_rk_au:1:120:Market alpha_id=TEST_MODE_DUMMY_ALPHA_ID:2026-04-27-pv13-remaining-batch-01:pv13_com_rk_au:1:120:Market status=TEST_MODE_DUMMY
2026-04-27 19:38:56,616 | INFO | [TEST MODE] request method=POST url=<missing API_BASE_URL>/simulations
2026-04-27 19:38:56,616 | INFO | [TEST MODE] request headers={"Accept": "application/json", "Content-Type": "application/json"}
2026-04-27 19:38:56,616 | INFO | [TEST MODE] request body={"regular": "ts_rank(rel_num_comp, 120)", "settings": {"decay": 120, "delay": 1, "instrumentType": "EQUITY", "language": "FASTEXPR", "nanHandling": "ON", "neutralization": "MARKET", "pasteurization": "ON", "region": "USA", "truncation": 0.08, "unitHandling": "VERIFY", "universe": "TOP3000", "visualization": false}, "type": "REGULAR"}
2026-04-27 19:38:56,616 | INFO | TEST MODE: progress update would be saved: {"completed_alpha_ids": 4, "completed_candidate_ids": 4, "last_record": {"alpha_id": "", "candidate_id": "2026-04-27-pv13-remaining-batch-01:rel_num_comp:1:120:Market", "status": "submitted", "submission_id": "TEST_MODE_DUMMY_ALPHA_ID:2026-04-27-pv13-remaining-batch-01:rel_num_comp:1:120:Market"}, "mode": "test-mode-print-only", "path": "/Users/zpdedn/Documents/project/Worldquantbrain/runs/evidence/batch_progress.json", "records": 5}
2026-04-27 19:38:56,616 | INFO | TEST MODE: skipping sleep 30s (post-submission poll wait)
2026-04-27 19:38:56,616 | INFO | [TEST MODE] poll_result alpha_id=TEST_MODE_DUMMY_ALPHA_ID:2026-04-27-pv13-remaining-batch-01:rel_num_comp:1:120:Market -> TEST_MODE_DUMMY
2026-04-27 19:38:56,617 | INFO | TEST MODE: progress update would be saved: {"completed_alpha_ids": 5, "completed_candidate_ids": 5, "last_record": {"alpha_id": "TEST_MODE_DUMMY_ALPHA_ID:2026-04-27-pv13-remaining-batch-01:rel_num_comp:1:120:Market", "candidate_id": "2026-04-27-pv13-remaining-batch-01:rel_num_comp:1:120:Market", "status": "completed", "submission_id": "TEST_MODE_DUMMY_ALPHA_ID:2026-04-27-pv13-remaining-batch-01:rel_num_comp:1:120:Market"}, "mode": "test-mode-print-only", "path": "/Users/zpdedn/Documents/project/Worldquantbrain/runs/evidence/batch_progress.json", "records": 5}
2026-04-27 19:38:56,617 | INFO | candidate completed candidate=2026-04-27-pv13-remaining-batch-01:rel_num_comp:1:120:Market alpha_id=TEST_MODE_DUMMY_ALPHA_ID:2026-04-27-pv13-remaining-batch-01:rel_num_comp:1:120:Market status=TEST_MODE_DUMMY
2026-04-27 19:38:56,617 | INFO | TEST MODE: skipping sleep 120s (batch pause after every 5 submissions)
2026-04-27 19:38:56,617 | INFO | [TEST MODE] request method=POST url=<missing API_BASE_URL>/simulations
2026-04-27 19:38:56,617 | INFO | [TEST MODE] request headers={"Accept": "application/json", "Content-Type": "application/json"}
2026-04-27 19:38:56,617 | INFO | [TEST MODE] request body={"regular": "ts_rank(pv13_ustomergraphrank_auth_rank, 120)", "settings": {"decay": 120, "delay": 1, "instrumentType": "EQUITY", "language": "FASTEXPR", "nanHandling": "ON", "neutralization": "MARKET", "pasteurization": "ON", "region": "USA", "truncation": 0.08, "unitHandling": "VERIFY", "universe": "TOP3000", "visualization": false}, "type": "REGULAR"}
2026-04-27 19:38:56,617 | INFO | TEST MODE: progress update would be saved: {"completed_alpha_ids": 5, "completed_candidate_ids": 5, "last_record": {"alpha_id": "", "candidate_id": "2026-04-27-pv13-remaining-batch-01:pv13_ustomergraphrank_auth_rank:1:120:Market", "status": "submitted", "submission_id": "TEST_MODE_DUMMY_ALPHA_ID:2026-04-27-pv13-remaining-batch-01:pv13_ustomergraphrank_auth_rank:1:120:Market"}, "mode": "test-mode-print-only", "path": "/Users/zpdedn/Documents/project/Worldquantbrain/runs/evidence/batch_progress.json", "records": 6}
2026-04-27 19:38:56,617 | INFO | TEST MODE: skipping sleep 30s (post-submission poll wait)
2026-04-27 19:38:56,617 | INFO | [TEST MODE] poll_result alpha_id=TEST_MODE_DUMMY_ALPHA_ID:2026-04-27-pv13-remaining-batch-01:pv13_ustomergraphrank_auth_rank:1:120:Market -> TEST_MODE_DUMMY
2026-04-27 19:38:56,617 | INFO | TEST MODE: progress update would be saved: {"completed_alpha_ids": 6, "completed_candidate_ids": 6, "last_record": {"alpha_id": "TEST_MODE_DUMMY_ALPHA_ID:2026-04-27-pv13-remaining-batch-01:pv13_ustomergraphrank_auth_rank:1:120:Market", "candidate_id": "2026-04-27-pv13-remaining-batch-01:pv13_ustomergraphrank_auth_rank:1:120:Market", "status": "completed", "submission_id": "TEST_MODE_DUMMY_ALPHA_ID:2026-04-27-pv13-remaining-batch-01:pv13_ustomergraphrank_auth_rank:1:120:Market"}, "mode": "test-mode-print-only", "path": "/Users/zpdedn/Documents/project/Worldquantbrain/runs/evidence/batch_progress.json", "records": 6}
2026-04-27 19:38:56,617 | INFO | candidate completed candidate=2026-04-27-pv13-remaining-batch-01:pv13_ustomergraphrank_auth_rank:1:120:Market alpha_id=TEST_MODE_DUMMY_ALPHA_ID:2026-04-27-pv13-remaining-batch-01:pv13_ustomergraphrank_auth_rank:1:120:Market status=TEST_MODE_DUMMY
2026-04-27 19:38:56,617 | INFO | TEST MODE: progress update would be saved: {"completed_alpha_ids": 6, "completed_candidate_ids": 6, "last_record": {"alpha_id": "TEST_MODE_DUMMY_ALPHA_ID:2026-04-27-pv13-remaining-batch-01:pv13_ustomergraphrank_auth_rank:1:120:Market", "candidate_id": "2026-04-27-pv13-remaining-batch-01:pv13_ustomergraphrank_auth_rank:1:120:Market", "status": "completed", "submission_id": "TEST_MODE_DUMMY_ALPHA_ID:2026-04-27-pv13-remaining-batch-01:pv13_ustomergraphrank_auth_rank:1:120:Market"}, "mode": "test-mode-print-only", "path": "/Users/zpdedn/Documents/project/Worldquantbrain/runs/evidence/batch_progress.json", "records": 6}
2026-04-27 19:38:56,617 | INFO | live mode end summary={"completed": 6, "daily_count": 6, "failed": 0, "missing_config": ["API_BASE_URL", "AUTHENTICATION_METHOD"], "mode": "live-test-mode", "planned": 6, "resumed": 0, "skipped_active": 0, "skipped_completed": 0, "submitted": 6, "test_mode": true}
2026-04-27 19:38:56,617 | INFO | summary={"completed": 6, "daily_count": 6, "failed": 0, "missing_config": ["API_BASE_URL", "AUTHENTICATION_METHOD"], "mode": "live-test-mode", "planned": 6, "resumed": 0, "skipped_active": 0, "skipped_completed": 0, "submitted": 6, "test_mode": true}
2026-04-27 20:30:12,594 | INFO | loaded field candidate file=/Users/zpdedn/Documents/project/Worldquantbrain/runs/research-contracts/2026-04-27-pv13-smoke-run-candidates.json
2026-04-27 20:30:12,595 | INFO | batch_id=2026-04-27-pv13-smoke-batch-01
2026-04-27 20:30:12,595 | INFO | field_count=2
2026-04-27 20:30:12,595 | INFO | generated_candidates=4
2026-04-27 20:30:13,098 | INFO | dedupe summary total=4 duplicates=0 warnings=0 remaining=4
2026-04-27 20:30:13,100 | INFO | live mode start
2026-04-27 20:30:13,100 | INFO | planned_candidates=4
2026-04-27 20:30:13,100 | INFO | project_root=/Users/zpdedn/Documents/project/Worldquantbrain
2026-04-27 20:30:13,100 | INFO | fields_file=/Users/zpdedn/Documents/project/Worldquantbrain/runs/research-contracts/2026-04-27-pv13-smoke-run-candidates.json
2026-04-27 20:30:13,100 | INFO | ledger_path=/Users/zpdedn/Documents/project/Worldquantbrain/runs/evidence/result_ledger.db
2026-04-27 20:30:13,100 | INFO | progress_path=/Users/zpdedn/Documents/project/Worldquantbrain/runs/evidence/batch_progress.json
2026-04-27 20:30:13,100 | INFO | run_mode=live test_mode=False
2026-04-27 20:30:13,100 | INFO | api_base_url=https://api.worldquantbrain.com
2026-04-27 20:30:13,100 | INFO | auth_mode=basic
2026-04-27 20:30:13,100 | INFO | missing_config=none
2026-04-27 20:30:13,100 | INFO | daily_count=0 warn_at=3800 limit=4000
2026-04-27 20:30:14,890 | INFO | progress saved path=/Users/zpdedn/Documents/project/Worldquantbrain/runs/evidence/batch_progress.json records=1
2026-04-27 20:33:45,651 | ERROR | live candidate failed candidate=2026-04-27-pv13-smoke-batch-01:pv13_revere_index_value:1:60:None
Traceback (most recent call last):
  File "/Users/zpdedn/Library/Python/3.9/lib/python/site-packages/urllib3/connectionpool.py", line 787, in urlopen
    response = self._make_request(
  File "/Users/zpdedn/Library/Python/3.9/lib/python/site-packages/urllib3/connectionpool.py", line 534, in _make_request
    response = conn.getresponse()
  File "/Users/zpdedn/Library/Python/3.9/lib/python/site-packages/urllib3/connection.py", line 571, in getresponse
    httplib_response = super().getresponse()
  File "/Library/Developer/CommandLineTools/Library/Frameworks/Python3.framework/Versions/3.9/lib/python3.9/http/client.py", line 1349, in getresponse
    response.begin()
  File "/Library/Developer/CommandLineTools/Library/Frameworks/Python3.framework/Versions/3.9/lib/python3.9/http/client.py", line 316, in begin
    version, status, reason = self._read_status()
  File "/Library/Developer/CommandLineTools/Library/Frameworks/Python3.framework/Versions/3.9/lib/python3.9/http/client.py", line 285, in _read_status
    raise RemoteDisconnected("Remote end closed connection without"
http.client.RemoteDisconnected: Remote end closed connection without response

The above exception was the direct cause of the following exception:

urllib3.exceptions.ProxyError: ('Unable to connect to proxy', RemoteDisconnected('Remote end closed connection without response'))

The above exception was the direct cause of the following exception:

Traceback (most recent call last):
  File "/Users/zpdedn/Library/Python/3.9/lib/python/site-packages/requests/adapters.py", line 644, in send
    resp = conn.urlopen(
  File "/Users/zpdedn/Library/Python/3.9/lib/python/site-packages/urllib3/connectionpool.py", line 841, in urlopen
    retries = retries.increment(
  File "/Users/zpdedn/Library/Python/3.9/lib/python/site-packages/urllib3/util/retry.py", line 535, in increment
    raise MaxRetryError(_pool, url, reason) from reason  # type: ignore[arg-type]
urllib3.exceptions.MaxRetryError: HTTPSConnectionPool(host='api.worldquantbrain.com', port=443): Max retries exceeded with url: /simulations/3MqSt4bUZ4Z1a6qtFRiT8xa (Caused by ProxyError('Unable to connect to proxy', RemoteDisconnected('Remote end closed connection without response')))

During handling of the above exception, another exception occurred:

Traceback (most recent call last):
  File "/Users/zpdedn/Documents/project/Worldquantbrain/scripts/batch_s0_scan.py", line 1663, in run_live
    result = poll_result(submission_ref)
  File "/Users/zpdedn/Documents/project/Worldquantbrain/scripts/batch_s0_scan.py", line 1049, in poll_result
    response = session.get(url, timeout=LIVE_REQUEST_TIMEOUT_SECONDS)
  File "/Users/zpdedn/Library/Python/3.9/lib/python/site-packages/requests/sessions.py", line 602, in get
    return self.request("GET", url, **kwargs)
  File "/Users/zpdedn/Library/Python/3.9/lib/python/site-packages/requests/sessions.py", line 589, in request
    resp = self.send(prep, **send_kwargs)
  File "/Users/zpdedn/Library/Python/3.9/lib/python/site-packages/requests/sessions.py", line 703, in send
    r = adapter.send(request, **kwargs)
  File "/Users/zpdedn/Library/Python/3.9/lib/python/site-packages/requests/adapters.py", line 671, in send
    raise ProxyError(e, request=request)
requests.exceptions.ProxyError: HTTPSConnectionPool(host='api.worldquantbrain.com', port=443): Max retries exceeded with url: /simulations/3MqSt4bUZ4Z1a6qtFRiT8xa (Caused by ProxyError('Unable to connect to proxy', RemoteDisconnected('Remote end closed connection without response')))
2026-04-27 20:33:45,679 | INFO | progress saved path=/Users/zpdedn/Documents/project/Worldquantbrain/runs/evidence/batch_progress.json records=1
2026-04-27 20:33:46,785 | INFO | progress saved path=/Users/zpdedn/Documents/project/Worldquantbrain/runs/evidence/batch_progress.json records=2
2026-04-27 20:37:13,939 | INFO | loaded field candidate file=/Users/zpdedn/Documents/project/Worldquantbrain/runs/research-contracts/2026-04-27-pv13-smoke-run-candidates.json
2026-04-27 20:37:13,939 | INFO | batch_id=2026-04-27-pv13-smoke-batch-01
2026-04-27 20:37:13,939 | INFO | field_count=2
2026-04-27 20:37:13,939 | INFO | generated_candidates=4
2026-04-27 20:37:14,456 | INFO | dedupe summary total=4 duplicates=0 warnings=0 remaining=4
2026-04-27 20:37:14,457 | INFO | live mode start
2026-04-27 20:37:14,457 | INFO | planned_candidates=4
2026-04-27 20:37:14,457 | INFO | project_root=/Users/zpdedn/Documents/project/Worldquantbrain
2026-04-27 20:37:14,457 | INFO | fields_file=/Users/zpdedn/Documents/project/Worldquantbrain/runs/research-contracts/2026-04-27-pv13-smoke-run-candidates.json
2026-04-27 20:37:14,457 | INFO | ledger_path=/Users/zpdedn/Documents/project/Worldquantbrain/runs/evidence/result_ledger.db
2026-04-27 20:37:14,457 | INFO | progress_path=/Users/zpdedn/Documents/project/Worldquantbrain/runs/evidence/batch_progress.json
2026-04-27 20:37:14,457 | INFO | run_mode=live test_mode=False
2026-04-27 20:37:14,457 | INFO | api_base_url=https://api.worldquantbrain.com
2026-04-27 20:37:14,457 | INFO | auth_mode=basic
2026-04-27 20:37:14,457 | INFO | missing_config=none
2026-04-27 20:37:14,457 | INFO | daily_count=2 warn_at=3800 limit=4000
2026-04-27 20:37:14,457 | INFO | resuming_pending=2
2026-04-27 20:39:19,657 | ERROR | resume failed candidate=2026-04-27-pv13-smoke-batch-01:pv13_revere_index_value:1:60:None submission=https://api.worldquantbrain.com/simulations/3MqSt4bUZ4Z1a6qtFRiT8xa
Traceback (most recent call last):
  File "/Users/zpdedn/Library/Python/3.9/lib/python/site-packages/urllib3/connectionpool.py", line 787, in urlopen
    response = self._make_request(
  File "/Users/zpdedn/Library/Python/3.9/lib/python/site-packages/urllib3/connectionpool.py", line 534, in _make_request
    response = conn.getresponse()
  File "/Users/zpdedn/Library/Python/3.9/lib/python/site-packages/urllib3/connection.py", line 571, in getresponse
    httplib_response = super().getresponse()
  File "/Library/Developer/CommandLineTools/Library/Frameworks/Python3.framework/Versions/3.9/lib/python3.9/http/client.py", line 1349, in getresponse
    response.begin()
  File "/Library/Developer/CommandLineTools/Library/Frameworks/Python3.framework/Versions/3.9/lib/python3.9/http/client.py", line 316, in begin
    version, status, reason = self._read_status()
  File "/Library/Developer/CommandLineTools/Library/Frameworks/Python3.framework/Versions/3.9/lib/python3.9/http/client.py", line 285, in _read_status
    raise RemoteDisconnected("Remote end closed connection without"
http.client.RemoteDisconnected: Remote end closed connection without response

During handling of the above exception, another exception occurred:

Traceback (most recent call last):
  File "/Users/zpdedn/Library/Python/3.9/lib/python/site-packages/requests/adapters.py", line 644, in send
    resp = conn.urlopen(
  File "/Users/zpdedn/Library/Python/3.9/lib/python/site-packages/urllib3/connectionpool.py", line 841, in urlopen
    retries = retries.increment(
  File "/Users/zpdedn/Library/Python/3.9/lib/python/site-packages/urllib3/util/retry.py", line 490, in increment
    raise reraise(type(error), error, _stacktrace)
  File "/Users/zpdedn/Library/Python/3.9/lib/python/site-packages/urllib3/util/util.py", line 38, in reraise
    raise value.with_traceback(tb)
  File "/Users/zpdedn/Library/Python/3.9/lib/python/site-packages/urllib3/connectionpool.py", line 787, in urlopen
    response = self._make_request(
  File "/Users/zpdedn/Library/Python/3.9/lib/python/site-packages/urllib3/connectionpool.py", line 534, in _make_request
    response = conn.getresponse()
  File "/Users/zpdedn/Library/Python/3.9/lib/python/site-packages/urllib3/connection.py", line 571, in getresponse
    httplib_response = super().getresponse()
  File "/Library/Developer/CommandLineTools/Library/Frameworks/Python3.framework/Versions/3.9/lib/python3.9/http/client.py", line 1349, in getresponse
    response.begin()
  File "/Library/Developer/CommandLineTools/Library/Frameworks/Python3.framework/Versions/3.9/lib/python3.9/http/client.py", line 316, in begin
    version, status, reason = self._read_status()
  File "/Library/Developer/CommandLineTools/Library/Frameworks/Python3.framework/Versions/3.9/lib/python3.9/http/client.py", line 285, in _read_status
    raise RemoteDisconnected("Remote end closed connection without"
urllib3.exceptions.ProtocolError: ('Connection aborted.', RemoteDisconnected('Remote end closed connection without response'))

During handling of the above exception, another exception occurred:

Traceback (most recent call last):
  File "/Users/zpdedn/Documents/project/Worldquantbrain/scripts/batch_s0_scan.py", line 1556, in run_live
    result = poll_result(submission_ref)
  File "/Users/zpdedn/Documents/project/Worldquantbrain/scripts/batch_s0_scan.py", line 1051, in poll_result
    response = session.get(url, timeout=LIVE_REQUEST_TIMEOUT_SECONDS)
  File "/Users/zpdedn/Library/Python/3.9/lib/python/site-packages/requests/sessions.py", line 602, in get
    return self.request("GET", url, **kwargs)
  File "/Users/zpdedn/Library/Python/3.9/lib/python/site-packages/requests/sessions.py", line 589, in request
    resp = self.send(prep, **send_kwargs)
  File "/Users/zpdedn/Library/Python/3.9/lib/python/site-packages/requests/sessions.py", line 703, in send
    r = adapter.send(request, **kwargs)
  File "/Users/zpdedn/Library/Python/3.9/lib/python/site-packages/requests/adapters.py", line 659, in send
    raise ConnectionError(err, request=request)
requests.exceptions.ConnectionError: ('Connection aborted.', RemoteDisconnected('Remote end closed connection without response'))
2026-04-27 20:40:35,473 | INFO | loaded field candidate file=/Users/zpdedn/Documents/project/Worldquantbrain/runs/research-contracts/2026-04-27-pv13-smoke-run-candidates.json
2026-04-27 20:40:35,473 | INFO | batch_id=2026-04-27-pv13-smoke-batch-01
2026-04-27 20:40:35,473 | INFO | field_count=2
2026-04-27 20:40:35,473 | INFO | generated_candidates=4
2026-04-27 20:40:35,969 | INFO | dedupe summary total=4 duplicates=0 warnings=0 remaining=4
2026-04-27 20:40:35,970 | INFO | live mode start
2026-04-27 20:40:35,970 | INFO | planned_candidates=4
2026-04-27 20:40:35,970 | INFO | project_root=/Users/zpdedn/Documents/project/Worldquantbrain
2026-04-27 20:40:35,970 | INFO | fields_file=/Users/zpdedn/Documents/project/Worldquantbrain/runs/research-contracts/2026-04-27-pv13-smoke-run-candidates.json
2026-04-27 20:40:35,971 | INFO | ledger_path=/Users/zpdedn/Documents/project/Worldquantbrain/runs/evidence/result_ledger.db
2026-04-27 20:40:35,971 | INFO | progress_path=/Users/zpdedn/Documents/project/Worldquantbrain/runs/evidence/batch_progress.json
2026-04-27 20:40:35,971 | INFO | run_mode=live test_mode=False
2026-04-27 20:40:35,971 | INFO | api_base_url=https://api.worldquantbrain.com
2026-04-27 20:40:35,971 | INFO | auth_mode=basic
2026-04-27 20:40:35,971 | INFO | missing_config=none
2026-04-27 20:40:35,971 | INFO | daily_count=2 warn_at=3800 limit=4000
2026-04-27 20:40:35,971 | INFO | resuming_pending=2
2026-04-27 20:41:41,113 | WARNING | poll transient network error alpha_id=https://api.worldquantbrain.com/simulations/3MqSt4bUZ4Z1a6qtFRiT8xa attempt=3 error=('Connection aborted.', RemoteDisconnected('Remote end closed connection without response'))
2026-04-27 20:43:15,282 | WARNING | poll transient network error alpha_id=https://api.worldquantbrain.com/simulations/3MqSt4bUZ4Z1a6qtFRiT8xa attempt=6 error=('Connection aborted.', RemoteDisconnected('Remote end closed connection without response'))
2026-04-27 20:45:20,031 | WARNING | poll transient network error alpha_id=https://api.worldquantbrain.com/simulations/3MqSt4bUZ4Z1a6qtFRiT8xa attempt=10 error=('Connection aborted.', RemoteDisconnected('Remote end closed connection without response'))
2026-04-27 20:46:21,451 | WARNING | poll transient network error alpha_id=https://api.worldquantbrain.com/simulations/3MqSt4bUZ4Z1a6qtFRiT8xa attempt=12 error=('Connection aborted.', RemoteDisconnected('Remote end closed connection without response'))
2026-04-27 20:47:22,822 | WARNING | poll transient network error alpha_id=https://api.worldquantbrain.com/simulations/3MqSt4bUZ4Z1a6qtFRiT8xa attempt=14 error=('Connection aborted.', RemoteDisconnected('Remote end closed connection without response'))
2026-04-27 20:48:26,630 | WARNING | poll transient network error alpha_id=https://api.worldquantbrain.com/simulations/3MqSt4bUZ4Z1a6qtFRiT8xa attempt=16 error=('Connection aborted.', RemoteDisconnected('Remote end closed connection without response'))
2026-04-27 20:50:30,977 | WARNING | poll transient network error alpha_id=https://api.worldquantbrain.com/simulations/3MqSt4bUZ4Z1a6qtFRiT8xa attempt=20 error=('Connection aborted.', RemoteDisconnected('Remote end closed connection without response'))
2026-04-27 20:50:30,979 | WARNING | poll exhausted network retries alpha_id=https://api.worldquantbrain.com/simulations/3MqSt4bUZ4Z1a6qtFRiT8xa
2026-04-27 20:50:30,980 | INFO | resume still pending candidate=2026-04-27-pv13-smoke-batch-01:pv13_revere_index_value:1:60:None submission=https://api.worldquantbrain.com/simulations/3MqSt4bUZ4Z1a6qtFRiT8xa
2026-04-27 20:51:02,102 | WARNING | poll transient network error alpha_id=https://api.worldquantbrain.com/simulations/4dUajx9aX558bblmKA2buA1 attempt=2 error=('Connection aborted.', RemoteDisconnected('Remote end closed connection without response'))
2026-04-27 20:54:09,919 | WARNING | poll transient network error alpha_id=https://api.worldquantbrain.com/simulations/4dUajx9aX558bblmKA2buA1 attempt=8 error=('Connection aborted.', RemoteDisconnected('Remote end closed connection without response'))
2026-04-27 20:55:42,405 | WARNING | poll transient network error alpha_id=https://api.worldquantbrain.com/simulations/4dUajx9aX558bblmKA2buA1 attempt=11 error=('Connection aborted.', RemoteDisconnected('Remote end closed connection without response'))
2026-04-27 20:56:53,016 | WARNING | poll transient network error alpha_id=https://api.worldquantbrain.com/simulations/4dUajx9aX558bblmKA2buA1 attempt=13 error=('Connection aborted.', RemoteDisconnected('Remote end closed connection without response'))
2026-04-27 20:58:35,655 | WARNING | poll transient network error alpha_id=https://api.worldquantbrain.com/simulations/4dUajx9aX558bblmKA2buA1 attempt=16 error=('Connection aborted.', RemoteDisconnected('Remote end closed connection without response'))
2026-04-27 20:59:50,035 | WARNING | poll transient network error alpha_id=https://api.worldquantbrain.com/simulations/4dUajx9aX558bblmKA2buA1 attempt=18 error=('Connection aborted.', RemoteDisconnected('Remote end closed connection without response'))
2026-04-27 21:00:51,410 | WARNING | poll transient network error alpha_id=https://api.worldquantbrain.com/simulations/4dUajx9aX558bblmKA2buA1 attempt=20 error=('Connection aborted.', RemoteDisconnected('Remote end closed connection without response'))
2026-04-27 21:00:51,411 | WARNING | poll exhausted network retries alpha_id=https://api.worldquantbrain.com/simulations/4dUajx9aX558bblmKA2buA1
2026-04-27 21:00:51,411 | INFO | resume still pending candidate=2026-04-27-pv13-smoke-batch-01:pv13_revere_key_sector_total:1:60:None submission=https://api.worldquantbrain.com/simulations/4dUajx9aX558bblmKA2buA1
2026-04-27 21:00:51,412 | INFO | skip active candidate=2026-04-27-pv13-smoke-batch-01:pv13_revere_index_value:1:60:None
2026-04-27 21:00:51,412 | INFO | skip active candidate=2026-04-27-pv13-smoke-batch-01:pv13_revere_key_sector_total:1:60:None
2026-04-27 21:00:52,900 | INFO | progress saved path=/Users/zpdedn/Documents/project/Worldquantbrain/runs/evidence/batch_progress.json records=3
2026-04-27 21:03:12,143 | WARNING | poll timed out alpha_id=https://api.worldquantbrain.com/simulations/12ZZ2IgmS54Hb18lhSSMmV9 after 20 retries
2026-04-27 21:03:12,145 | WARNING | poll timeout or pending result candidate=2026-04-27-pv13-smoke-batch-01:pv13_revere_index_value:2:60:None submission=https://api.worldquantbrain.com/simulations/12ZZ2IgmS54Hb18lhSSMmV9
2026-04-27 21:03:12,147 | INFO | progress saved path=/Users/zpdedn/Documents/project/Worldquantbrain/runs/evidence/batch_progress.json records=3
2026-04-27 21:03:12,537 | INFO | progress saved path=/Users/zpdedn/Documents/project/Worldquantbrain/runs/evidence/batch_progress.json records=4
2026-04-27 21:03:42,550 | WARNING | poll transient network error alpha_id=https://api.worldquantbrain.com/simulations/3m1YC27vd4pR8ZRxvah3bLX attempt=1 error=('Connection aborted.', RemoteDisconnected('Remote end closed connection without response'))
2026-04-27 21:06:01,599 | WARNING | poll timed out alpha_id=https://api.worldquantbrain.com/simulations/3m1YC27vd4pR8ZRxvah3bLX after 20 retries
2026-04-27 21:06:01,601 | WARNING | poll timeout or pending result candidate=2026-04-27-pv13-smoke-batch-01:pv13_revere_key_sector_total:2:60:None submission=https://api.worldquantbrain.com/simulations/3m1YC27vd4pR8ZRxvah3bLX
2026-04-27 21:06:01,603 | INFO | progress saved path=/Users/zpdedn/Documents/project/Worldquantbrain/runs/evidence/batch_progress.json records=4
2026-04-27 21:06:01,604 | INFO | progress saved path=/Users/zpdedn/Documents/project/Worldquantbrain/runs/evidence/batch_progress.json records=4
2026-04-27 21:06:01,604 | INFO | live mode end summary={"completed": 0, "daily_count": 4, "failed": 0, "missing_config": [], "mode": "live", "planned": 4, "resumed": 0, "skipped_active": 2, "skipped_completed": 0, "submitted": 2, "test_mode": false}
2026-04-27 21:06:01,605 | INFO | summary={"completed": 0, "daily_count": 4, "failed": 0, "missing_config": [], "mode": "live", "planned": 4, "resumed": 0, "skipped_active": 2, "skipped_completed": 0, "submitted": 2, "test_mode": false}
2026-04-27 21:12:17,878 | INFO | loaded field candidate file=/Users/zpdedn/Documents/project/Worldquantbrain/runs/research-contracts/2026-04-27-pv13-smoke-run-candidates.json
2026-04-27 21:12:17,879 | INFO | batch_id=2026-04-27-pv13-smoke-batch-01
2026-04-27 21:12:17,879 | INFO | field_count=2
2026-04-27 21:12:17,879 | INFO | generated_candidates=4
2026-04-27 21:12:18,393 | INFO | dedupe summary total=4 duplicates=0 warnings=0 remaining=4
2026-04-27 21:12:18,395 | INFO | live mode start
2026-04-27 21:12:18,395 | INFO | planned_candidates=4
2026-04-27 21:12:18,395 | INFO | project_root=/Users/zpdedn/Documents/project/Worldquantbrain
2026-04-27 21:12:18,395 | INFO | fields_file=/Users/zpdedn/Documents/project/Worldquantbrain/runs/research-contracts/2026-04-27-pv13-smoke-run-candidates.json
2026-04-27 21:12:18,395 | INFO | ledger_path=/Users/zpdedn/Documents/project/Worldquantbrain/runs/evidence/result_ledger.db
2026-04-27 21:12:18,395 | INFO | progress_path=/Users/zpdedn/Documents/project/Worldquantbrain/runs/evidence/batch_progress.json
2026-04-27 21:12:18,395 | INFO | run_mode=live test_mode=False
2026-04-27 21:12:18,395 | INFO | api_base_url=https://api.worldquantbrain.com
2026-04-27 21:12:18,395 | INFO | auth_mode=basic
2026-04-27 21:12:18,395 | INFO | missing_config=none
2026-04-27 21:12:18,395 | INFO | daily_count=4 warn_at=3800 limit=4000
2026-04-27 21:12:18,395 | INFO | resuming_pending=4
2026-04-27 21:12:50,237 | WARNING | poll transient network error alpha_id=https://api.worldquantbrain.com/simulations/3MqSt4bUZ4Z1a6qtFRiT8xa attempt=2 error=('Connection aborted.', RemoteDisconnected('Remote end closed connection without response'))
2026-04-27 21:13:51,428 | WARNING | poll transient network error alpha_id=https://api.worldquantbrain.com/simulations/3MqSt4bUZ4Z1a6qtFRiT8xa attempt=4 error=('Connection aborted.', RemoteDisconnected('Remote end closed connection without response'))
2026-04-27 21:14:53,047 | WARNING | poll transient network error alpha_id=https://api.worldquantbrain.com/simulations/3MqSt4bUZ4Z1a6qtFRiT8xa attempt=6 error=('Connection aborted.', RemoteDisconnected('Remote end closed connection without response'))
2026-04-27 21:21:40,936 | WARNING | poll transient network error alpha_id=https://api.worldquantbrain.com/simulations/3MqSt4bUZ4Z1a6qtFRiT8xa attempt=19 error=('Connection aborted.', RemoteDisconnected('Remote end closed connection without response'))
2026-04-27 21:22:12,360 | INFO | ledger insert complete row_id=263 alpha_id=akAjJWMx
2026-04-27 21:23:13,722 | WARNING | poll transient network error alpha_id=https://api.worldquantbrain.com/simulations/4dUajx9aX558bblmKA2buA1 attempt=3 error=('Connection aborted.', RemoteDisconnected('Remote end closed connection without response'))
2026-04-27 21:27:54,710 | WARNING | poll transient network error alpha_id=https://api.worldquantbrain.com/simulations/4dUajx9aX558bblmKA2buA1 attempt=12 error=('Connection aborted.', RemoteDisconnected('Remote end closed connection without response'))
2026-04-27 21:29:26,807 | WARNING | poll transient network error alpha_id=https://api.worldquantbrain.com/simulations/4dUajx9aX558bblmKA2buA1 attempt=15 error=('Connection aborted.', RemoteDisconnected('Remote end closed connection without response'))
2026-04-27 21:31:30,018 | WARNING | poll transient network error alpha_id=https://api.worldquantbrain.com/simulations/4dUajx9aX558bblmKA2buA1 attempt=19 error=('Connection aborted.', RemoteDisconnected('Remote end closed connection without response'))
2026-04-27 21:32:01,426 | INFO | ledger insert complete row_id=264 alpha_id=O0bQe82p
2026-04-27 21:33:03,314 | WARNING | poll transient network error alpha_id=https://api.worldquantbrain.com/simulations/12ZZ2IgmS54Hb18lhSSMmV9 attempt=3 error=('Connection aborted.', RemoteDisconnected('Remote end closed connection without response'))
2026-04-27 21:36:02,159 | INFO | loaded field candidate file=/Users/zpdedn/Documents/project/Worldquantbrain/runs/research-contracts/2026-04-27-pv13-smoke-run-candidates.json
2026-04-27 21:36:02,159 | INFO | batch_id=2026-04-27-pv13-smoke-batch-01
2026-04-27 21:36:02,160 | INFO | field_count=2
2026-04-27 21:36:02,160 | INFO | generated_candidates=4
2026-04-27 21:36:02,161 | INFO | duplicate skipped candidate=2026-04-27-pv13-smoke-batch-01:pv13_revere_index_value:1:60:None match_level=exact score=1.000
2026-04-27 21:36:02,304 | WARNING | similarity warning candidate=2026-04-27-pv13-smoke-batch-01:pv13_revere_index_value:2:60:None score=0.791 match_level=structural
2026-04-27 21:36:02,304 | INFO | duplicate skipped candidate=2026-04-27-pv13-smoke-batch-01:pv13_revere_key_sector_total:1:60:None match_level=exact score=1.000
2026-04-27 21:36:02,452 | WARNING | similarity warning candidate=2026-04-27-pv13-smoke-batch-01:pv13_revere_key_sector_total:2:60:None score=0.798 match_level=structural
2026-04-27 21:36:02,452 | INFO | dedupe summary total=4 duplicates=2 warnings=2 remaining=2
2026-04-27 21:36:02,454 | INFO | live mode start
2026-04-27 21:36:02,454 | INFO | planned_candidates=2
2026-04-27 21:36:02,454 | INFO | project_root=/Users/zpdedn/Documents/project/Worldquantbrain
2026-04-27 21:36:02,454 | INFO | fields_file=/Users/zpdedn/Documents/project/Worldquantbrain/runs/research-contracts/2026-04-27-pv13-smoke-run-candidates.json
2026-04-27 21:36:02,454 | INFO | ledger_path=/Users/zpdedn/Documents/project/Worldquantbrain/runs/evidence/result_ledger.db
2026-04-27 21:36:02,454 | INFO | progress_path=/Users/zpdedn/Documents/project/Worldquantbrain/runs/evidence/batch_progress.json
2026-04-27 21:36:02,454 | INFO | run_mode=live test_mode=False
2026-04-27 21:36:02,454 | INFO | api_base_url=https://api.worldquantbrain.com
2026-04-27 21:36:02,454 | INFO | auth_mode=basic
2026-04-27 21:36:02,454 | INFO | missing_config=none
2026-04-27 21:36:02,454 | INFO | daily_count=4 warn_at=3800 limit=4000
2026-04-27 21:36:02,454 | INFO | resuming_pending=3
2026-04-27 21:36:48,419 | WARNING | poll transient network error alpha_id=https://api.worldquantbrain.com/simulations/12ZZ2IgmS54Hb18lhSSMmV9 attempt=10 error=('Connection aborted.', RemoteDisconnected('Remote end closed connection without response'))
2026-04-27 21:38:07,808 | WARNING | poll transient network error alpha_id=https://api.worldquantbrain.com/simulations/4dUajx9aX558bblmKA2buA1 attempt=5 error=('Connection aborted.', RemoteDisconnected('Remote end closed connection without response'))
2026-04-27 21:38:57,225 | WARNING | poll transient network error alpha_id=https://api.worldquantbrain.com/simulations/12ZZ2IgmS54Hb18lhSSMmV9 attempt=14 error=('Connection aborted.', RemoteDisconnected('Remote end closed connection without response'))
2026-04-27 21:39:54,173 | WARNING | poll transient network error alpha_id=https://api.worldquantbrain.com/simulations/4dUajx9aX558bblmKA2buA1 attempt=8 error=('Connection aborted.', RemoteDisconnected('Remote end closed connection without response'))
2026-04-27 21:40:37,835 | WARNING | poll transient network error alpha_id=https://api.worldquantbrain.com/simulations/12ZZ2IgmS54Hb18lhSSMmV9 attempt=17 error=HTTPSConnectionPool(host='api.worldquantbrain.com', port=443): Max retries exceeded with url: /simulations/12ZZ2IgmS54Hb18lhSSMmV9 (Caused by SSLError(SSLEOFError(8, 'EOF occurred in violation of protocol (_ssl.c:1129)')))
2026-04-27 21:40:55,488 | WARNING | poll transient network error alpha_id=https://api.worldquantbrain.com/simulations/4dUajx9aX558bblmKA2buA1 attempt=10 error=('Connection aborted.', RemoteDisconnected('Remote end closed connection without response'))
2026-04-27 21:42:11,769 | INFO | ledger insert complete row_id=265 alpha_id=om38wP2J
2026-04-27 21:42:28,208 | WARNING | poll transient network error alpha_id=https://api.worldquantbrain.com/simulations/4dUajx9aX558bblmKA2buA1 attempt=13 error=('Connection aborted.', RemoteDisconnected('Remote end closed connection without response'))
2026-04-27 21:45:50,272 | WARNING | poll transient network error alpha_id=https://api.worldquantbrain.com/simulations/3m1YC27vd4pR8ZRxvah3bLX attempt=8 error=('Connection aborted.', RemoteDisconnected('Remote end closed connection without response'))
2026-04-27 21:46:07,430 | WARNING | poll transient network error alpha_id=https://api.worldquantbrain.com/simulations/4dUajx9aX558bblmKA2buA1 attempt=20 error=('Connection aborted.', RemoteDisconnected('Remote end closed connection without response'))
2026-04-27 21:46:07,430 | WARNING | poll exhausted network retries alpha_id=https://api.worldquantbrain.com/simulations/4dUajx9aX558bblmKA2buA1
2026-04-27 21:46:07,430 | INFO | resume still pending candidate=2026-04-27-pv13-smoke-batch-01:pv13_revere_key_sector_total:1:60:None submission=https://api.worldquantbrain.com/simulations/4dUajx9aX558bblmKA2buA1
2026-04-27 21:47:54,241 | WARNING | poll transient network error alpha_id=https://api.worldquantbrain.com/simulations/3m1YC27vd4pR8ZRxvah3bLX attempt=12 error=('Connection aborted.', RemoteDisconnected('Remote end closed connection without response'))
2026-04-27 21:49:26,969 | WARNING | poll transient network error alpha_id=https://api.worldquantbrain.com/simulations/3m1YC27vd4pR8ZRxvah3bLX attempt=15 error=('Connection aborted.', RemoteDisconnected('Remote end closed connection without response'))
2026-04-27 21:50:28,041 | WARNING | poll transient network error alpha_id=https://api.worldquantbrain.com/simulations/3m1YC27vd4pR8ZRxvah3bLX attempt=17 error=('Connection aborted.', RemoteDisconnected('Remote end closed connection without response'))
2026-04-27 21:52:02,387 | INFO | ledger already contains alpha_id=MPKMqobL, skipping duplicate insert
2026-04-27 21:52:02,387 | INFO | skip completed candidate=2026-04-27-pv13-smoke-batch-01:pv13_revere_index_value:1:60:None
2026-04-27 21:52:02,387 | INFO | skip completed candidate=2026-04-27-pv13-smoke-batch-01:pv13_revere_key_sector_total:1:60:None
2026-04-27 21:52:02,387 | INFO | skip completed candidate=2026-04-27-pv13-smoke-batch-01:pv13_revere_index_value:2:60:None
2026-04-27 21:52:02,387 | INFO | skip completed candidate=2026-04-27-pv13-smoke-batch-01:pv13_revere_key_sector_total:2:60:None
2026-04-27 21:52:02,388 | INFO | progress saved path=/Users/zpdedn/Documents/project/Worldquantbrain/runs/evidence/batch_progress.json records=4
2026-04-27 21:52:02,388 | INFO | live mode end summary={"completed": 4, "daily_count": 4, "failed": 0, "missing_config": [], "mode": "live", "planned": 4, "resumed": 4, "skipped_active": 0, "skipped_completed": 4, "submitted": 0, "test_mode": false}
2026-04-27 21:52:02,388 | INFO | summary={"completed": 4, "daily_count": 4, "failed": 0, "missing_config": [], "mode": "live", "planned": 4, "resumed": 4, "skipped_active": 0, "skipped_completed": 4, "submitted": 0, "test_mode": false}
2026-04-27 21:58:30,479 | INFO | loaded field candidate file=/Users/zpdedn/Documents/project/Worldquantbrain/runs/research-contracts/2026-04-27-pv13-remaining-field_candidates.json
2026-04-27 21:58:30,479 | INFO | batch_id=2026-04-27-pv13-remaining-batch-01
2026-04-27 21:58:30,479 | INFO | field_count=10
2026-04-27 21:58:30,480 | INFO | generated_candidates=240
2026-04-27 21:58:30,625 | WARNING | similarity warning candidate=2026-04-27-pv13-remaining-batch-01:pv13_ustomergraphrank_auth_rank:1:20:None score=0.772 match_level=structural
2026-04-27 21:58:30,752 | WARNING | similarity warning candidate=2026-04-27-pv13-remaining-batch-01:pv13_ustomergraphrank_auth_rank:1:20:Market score=0.772 match_level=structural
2026-04-27 21:58:30,878 | WARNING | similarity warning candidate=2026-04-27-pv13-remaining-batch-01:pv13_ustomergraphrank_auth_rank:1:60:None score=0.772 match_level=structural
2026-04-27 21:58:31,002 | WARNING | similarity warning candidate=2026-04-27-pv13-remaining-batch-01:pv13_ustomergraphrank_auth_rank:1:60:Market score=0.772 match_level=structural
2026-04-27 21:58:31,122 | WARNING | similarity warning candidate=2026-04-27-pv13-remaining-batch-01:pv13_ustomergraphrank_auth_rank:1:120:None score=0.773 match_level=structural
2026-04-27 21:58:31,246 | WARNING | similarity warning candidate=2026-04-27-pv13-remaining-batch-01:pv13_ustomergraphrank_auth_rank:1:120:Market score=0.773 match_level=structural
2026-04-27 21:58:31,371 | WARNING | similarity warning candidate=2026-04-27-pv13-remaining-batch-01:pv13_ustomergraphrank_auth_rank:2:20:None score=0.769 match_level=structural
2026-04-27 21:58:31,495 | WARNING | similarity warning candidate=2026-04-27-pv13-remaining-batch-01:pv13_ustomergraphrank_auth_rank:2:20:Market score=0.769 match_level=structural
2026-04-27 21:58:31,618 | WARNING | similarity warning candidate=2026-04-27-pv13-remaining-batch-01:pv13_ustomergraphrank_auth_rank:2:60:None score=0.760 match_level=structural
2026-04-27 21:58:31,739 | WARNING | similarity warning candidate=2026-04-27-pv13-remaining-batch-01:pv13_ustomergraphrank_auth_rank:2:60:Market score=0.760 match_level=structural
2026-04-27 21:58:31,866 | WARNING | similarity warning candidate=2026-04-27-pv13-remaining-batch-01:pv13_ustomergraphrank_auth_rank:2:120:None score=0.774 match_level=structural
2026-04-27 21:58:31,993 | WARNING | similarity warning candidate=2026-04-27-pv13-remaining-batch-01:pv13_ustomergraphrank_auth_rank:2:120:Market score=0.774 match_level=structural
2026-04-27 21:58:33,741 | WARNING | similarity warning candidate=2026-04-27-pv13-remaining-batch-01:pv13_ustomergraphrank_hub_rank:1:20:None score=0.767 match_level=structural
2026-04-27 21:58:33,860 | WARNING | similarity warning candidate=2026-04-27-pv13-remaining-batch-01:pv13_ustomergraphrank_hub_rank:1:20:Market score=0.767 match_level=structural
2026-04-27 21:58:33,976 | WARNING | similarity warning candidate=2026-04-27-pv13-remaining-batch-01:pv13_ustomergraphrank_hub_rank:1:60:None score=0.767 match_level=structural
2026-04-27 21:58:34,092 | WARNING | similarity warning candidate=2026-04-27-pv13-remaining-batch-01:pv13_ustomergraphrank_hub_rank:1:60:Market score=0.767 match_level=structural
2026-04-27 21:58:34,216 | WARNING | similarity warning candidate=2026-04-27-pv13-remaining-batch-01:pv13_ustomergraphrank_hub_rank:1:120:None score=0.768 match_level=structural
2026-04-27 21:58:34,337 | WARNING | similarity warning candidate=2026-04-27-pv13-remaining-batch-01:pv13_ustomergraphrank_hub_rank:1:120:Market score=0.768 match_level=structural
2026-04-27 21:58:34,463 | WARNING | similarity warning candidate=2026-04-27-pv13-remaining-batch-01:pv13_ustomergraphrank_hub_rank:2:20:None score=0.764 match_level=structural
2026-04-27 21:58:34,588 | WARNING | similarity warning candidate=2026-04-27-pv13-remaining-batch-01:pv13_ustomergraphrank_hub_rank:2:20:Market score=0.764 match_level=structural
2026-04-27 21:58:34,713 | WARNING | similarity warning candidate=2026-04-27-pv13-remaining-batch-01:pv13_ustomergraphrank_hub_rank:2:60:None score=0.756 match_level=structural
2026-04-27 21:58:34,836 | WARNING | similarity warning candidate=2026-04-27-pv13-remaining-batch-01:pv13_ustomergraphrank_hub_rank:2:60:Market score=0.756 match_level=structural
2026-04-27 21:58:34,962 | WARNING | similarity warning candidate=2026-04-27-pv13-remaining-batch-01:pv13_ustomergraphrank_hub_rank:2:120:None score=0.769 match_level=structural
2026-04-27 21:58:35,088 | WARNING | similarity warning candidate=2026-04-27-pv13-remaining-batch-01:pv13_ustomergraphrank_hub_rank:2:120:Market score=0.769 match_level=structural
2026-04-27 21:58:36,835 | WARNING | similarity warning candidate=2026-04-27-pv13-remaining-batch-01:pv13_ompetitorgraphrank_hub_rank:1:20:None score=0.731 match_level=structural
2026-04-27 21:58:36,959 | WARNING | similarity warning candidate=2026-04-27-pv13-remaining-batch-01:pv13_ompetitorgraphrank_hub_rank:1:20:Market score=0.731 match_level=structural
2026-04-27 21:58:37,080 | WARNING | similarity warning candidate=2026-04-27-pv13-remaining-batch-01:pv13_ompetitorgraphrank_hub_rank:1:60:None score=0.731 match_level=structural
2026-04-27 21:58:37,201 | WARNING | similarity warning candidate=2026-04-27-pv13-remaining-batch-01:pv13_ompetitorgraphrank_hub_rank:1:60:Market score=0.731 match_level=structural
2026-04-27 21:58:37,325 | WARNING | similarity warning candidate=2026-04-27-pv13-remaining-batch-01:pv13_ompetitorgraphrank_hub_rank:1:120:None score=0.733 match_level=structural
2026-04-27 21:58:37,452 | WARNING | similarity warning candidate=2026-04-27-pv13-remaining-batch-01:pv13_ompetitorgraphrank_hub_rank:1:120:Market score=0.733 match_level=structural
2026-04-27 21:58:37,582 | WARNING | similarity warning candidate=2026-04-27-pv13-remaining-batch-01:pv13_ompetitorgraphrank_hub_rank:2:20:None score=0.730 match_level=structural
2026-04-27 21:58:37,712 | WARNING | similarity warning candidate=2026-04-27-pv13-remaining-batch-01:pv13_ompetitorgraphrank_hub_rank:2:20:Market score=0.730 match_level=structural
2026-04-27 21:58:37,846 | WARNING | similarity warning candidate=2026-04-27-pv13-remaining-batch-01:pv13_ompetitorgraphrank_hub_rank:2:60:None score=0.722 match_level=structural
2026-04-27 21:58:37,979 | WARNING | similarity warning candidate=2026-04-27-pv13-remaining-batch-01:pv13_ompetitorgraphrank_hub_rank:2:60:Market score=0.722 match_level=structural
2026-04-27 21:58:38,109 | WARNING | similarity warning candidate=2026-04-27-pv13-remaining-batch-01:pv13_ompetitorgraphrank_hub_rank:2:120:None score=0.735 match_level=structural
2026-04-27 21:58:38,239 | WARNING | similarity warning candidate=2026-04-27-pv13-remaining-batch-01:pv13_ompetitorgraphrank_hub_rank:2:120:Market score=0.735 match_level=structural
2026-04-27 21:58:41,975 | WARNING | similarity warning candidate=2026-04-27-pv13-remaining-batch-01:pv13_com_rk_au:1:20:None score=0.729 match_level=structural
2026-04-27 21:58:42,051 | WARNING | similarity warning candidate=2026-04-27-pv13-remaining-batch-01:pv13_com_rk_au:1:20:Market score=0.729 match_level=structural
2026-04-27 21:58:42,128 | WARNING | similarity warning candidate=2026-04-27-pv13-remaining-batch-01:pv13_com_rk_au:1:60:None score=0.729 match_level=structural
2026-04-27 21:58:42,204 | WARNING | similarity warning candidate=2026-04-27-pv13-remaining-batch-01:pv13_com_rk_au:1:60:Market score=0.729 match_level=structural
2026-04-27 21:58:42,284 | WARNING | similarity warning candidate=2026-04-27-pv13-remaining-batch-01:pv13_com_rk_au:1:120:None score=0.731 match_level=structural
2026-04-27 21:58:42,363 | WARNING | similarity warning candidate=2026-04-27-pv13-remaining-batch-01:pv13_com_rk_au:1:120:Market score=0.731 match_level=structural
2026-04-27 21:58:42,444 | WARNING | similarity warning candidate=2026-04-27-pv13-remaining-batch-01:pv13_com_rk_au:2:20:None score=0.728 match_level=structural
2026-04-27 21:58:42,524 | WARNING | similarity warning candidate=2026-04-27-pv13-remaining-batch-01:pv13_com_rk_au:2:20:Market score=0.728 match_level=structural
2026-04-27 21:58:42,605 | WARNING | similarity warning candidate=2026-04-27-pv13-remaining-batch-01:pv13_com_rk_au:2:60:None score=0.715 match_level=structural
2026-04-27 21:58:42,686 | WARNING | similarity warning candidate=2026-04-27-pv13-remaining-batch-01:pv13_com_rk_au:2:60:Market score=0.715 match_level=structural
2026-04-27 21:58:42,771 | WARNING | similarity warning candidate=2026-04-27-pv13-remaining-batch-01:pv13_com_rk_au:2:120:None score=0.735 match_level=structural
2026-04-27 21:58:42,853 | WARNING | similarity warning candidate=2026-04-27-pv13-remaining-batch-01:pv13_com_rk_au:2:120:Market score=0.735 match_level=structural
2026-04-27 21:58:43,426 | WARNING | similarity warning candidate=2026-04-27-pv13-remaining-batch-01:pv13_com_rk_au:4:20:None score=0.701 match_level=structural
2026-04-27 21:58:43,533 | WARNING | similarity warning candidate=2026-04-27-pv13-remaining-batch-01:pv13_com_rk_au:4:20:Market score=0.701 match_level=structural
2026-04-27 21:58:43,640 | WARNING | similarity warning candidate=2026-04-27-pv13-remaining-batch-01:pv13_com_rk_au:4:60:None score=0.711 match_level=structural
2026-04-27 21:58:43,748 | WARNING | similarity warning candidate=2026-04-27-pv13-remaining-batch-01:pv13_com_rk_au:4:60:Market score=0.711 match_level=structural
2026-04-27 21:58:47,956 | WARNING | similarity warning candidate=2026-04-27-pv13-remaining-batch-01:pv13_revere_key_sector_total:1:20:None score=0.990 match_level=structural
2026-04-27 21:58:48,066 | WARNING | similarity warning candidate=2026-04-27-pv13-remaining-batch-01:pv13_revere_key_sector_total:1:20:Market score=0.990 match_level=structural
2026-04-27 21:58:48,066 | INFO | duplicate skipped candidate=2026-04-27-pv13-remaining-batch-01:pv13_revere_key_sector_total:1:60:None match_level=exact score=1.000
2026-04-27 21:58:48,066 | INFO | duplicate skipped candidate=2026-04-27-pv13-remaining-batch-01:pv13_revere_key_sector_total:1:60:Market match_level=exact score=1.000
2026-04-27 21:58:48,185 | WARNING | similarity warning candidate=2026-04-27-pv13-remaining-batch-01:pv13_revere_key_sector_total:1:120:None score=0.985 match_level=structural
2026-04-27 21:58:48,299 | WARNING | similarity warning candidate=2026-04-27-pv13-remaining-batch-01:pv13_revere_key_sector_total:1:120:Market score=0.985 match_level=structural
2026-04-27 21:58:49,142 | WARNING | similarity warning candidate=2026-04-27-pv13-remaining-batch-01:pv13_revere_key_sector_total:3:20:None score=0.754 match_level=structural
2026-04-27 21:58:49,255 | WARNING | similarity warning candidate=2026-04-27-pv13-remaining-batch-01:pv13_revere_key_sector_total:3:20:Market score=0.754 match_level=structural
2026-04-27 21:58:49,364 | WARNING | similarity warning candidate=2026-04-27-pv13-remaining-batch-01:pv13_revere_key_sector_total:3:60:None score=0.763 match_level=structural
2026-04-27 21:58:49,473 | WARNING | similarity warning candidate=2026-04-27-pv13-remaining-batch-01:pv13_revere_key_sector_total:3:60:Market score=0.763 match_level=structural
2026-04-27 21:58:49,584 | WARNING | similarity warning candidate=2026-04-27-pv13-remaining-batch-01:pv13_revere_key_sector_total:3:120:None score=0.750 match_level=structural
2026-04-27 21:58:49,699 | WARNING | similarity warning candidate=2026-04-27-pv13-remaining-batch-01:pv13_revere_key_sector_total:3:120:Market score=0.750 match_level=structural
2026-04-27 21:58:49,842 | WARNING | similarity warning candidate=2026-04-27-pv13-remaining-batch-01:pv13_revere_key_sector_total:4:20:None score=0.992 match_level=structural
2026-04-27 21:58:49,985 | WARNING | similarity warning candidate=2026-04-27-pv13-remaining-batch-01:pv13_revere_key_sector_total:4:20:Market score=0.992 match_level=structural
2026-04-27 21:58:49,985 | INFO | duplicate skipped candidate=2026-04-27-pv13-remaining-batch-01:pv13_revere_key_sector_total:4:60:None match_level=exact score=1.000
2026-04-27 21:58:49,985 | INFO | duplicate skipped candidate=2026-04-27-pv13-remaining-batch-01:pv13_revere_key_sector_total:4:60:Market match_level=exact score=1.000
2026-04-27 21:58:50,131 | WARNING | similarity warning candidate=2026-04-27-pv13-remaining-batch-01:pv13_revere_key_sector_total:4:120:None score=0.989 match_level=structural
2026-04-27 21:58:50,279 | WARNING | similarity warning candidate=2026-04-27-pv13-remaining-batch-01:pv13_revere_key_sector_total:4:120:Market score=0.989 match_level=structural
2026-04-27 21:58:52,364 | WARNING | similarity warning candidate=2026-04-27-pv13-remaining-batch-01:pv13_revere_index_value:1:20:None score=0.989 match_level=structural
2026-04-27 21:58:52,464 | WARNING | similarity warning candidate=2026-04-27-pv13-remaining-batch-01:pv13_revere_index_value:1:20:Market score=0.989 match_level=structural
2026-04-27 21:58:52,465 | INFO | duplicate skipped candidate=2026-04-27-pv13-remaining-batch-01:pv13_revere_index_value:1:60:None match_level=exact score=1.000
2026-04-27 21:58:52,466 | INFO | duplicate skipped candidate=2026-04-27-pv13-remaining-batch-01:pv13_revere_index_value:1:60:Market match_level=exact score=1.000
2026-04-27 21:58:52,573 | WARNING | similarity warning candidate=2026-04-27-pv13-remaining-batch-01:pv13_revere_index_value:1:120:None score=0.983 match_level=structural
2026-04-27 21:58:52,677 | WARNING | similarity warning candidate=2026-04-27-pv13-remaining-batch-01:pv13_revere_index_value:1:120:Market score=0.983 match_level=structural
2026-04-27 21:58:53,420 | WARNING | similarity warning candidate=2026-04-27-pv13-remaining-batch-01:pv13_revere_index_value:3:20:None score=0.747 match_level=structural
2026-04-27 21:58:53,521 | WARNING | similarity warning candidate=2026-04-27-pv13-remaining-batch-01:pv13_revere_index_value:3:20:Market score=0.747 match_level=structural
2026-04-27 21:58:53,621 | WARNING | similarity warning candidate=2026-04-27-pv13-remaining-batch-01:pv13_revere_index_value:3:60:None score=0.756 match_level=structural
2026-04-27 21:58:53,721 | WARNING | similarity warning candidate=2026-04-27-pv13-remaining-batch-01:pv13_revere_index_value:3:60:Market score=0.756 match_level=structural
2026-04-27 21:58:53,825 | WARNING | similarity warning candidate=2026-04-27-pv13-remaining-batch-01:pv13_revere_index_value:3:120:None score=0.743 match_level=structural
2026-04-27 21:58:53,931 | WARNING | similarity warning candidate=2026-04-27-pv13-remaining-batch-01:pv13_revere_index_value:3:120:Market score=0.743 match_level=structural
2026-04-27 21:58:54,067 | WARNING | similarity warning candidate=2026-04-27-pv13-remaining-batch-01:pv13_revere_index_value:4:20:None score=0.991 match_level=structural
2026-04-27 21:58:54,200 | WARNING | similarity warning candidate=2026-04-27-pv13-remaining-batch-01:pv13_revere_index_value:4:20:Market score=0.991 match_level=structural
2026-04-27 21:58:54,200 | INFO | duplicate skipped candidate=2026-04-27-pv13-remaining-batch-01:pv13_revere_index_value:4:60:None match_level=exact score=1.000
2026-04-27 21:58:54,200 | INFO | duplicate skipped candidate=2026-04-27-pv13-remaining-batch-01:pv13_revere_index_value:4:60:Market match_level=exact score=1.000
2026-04-27 21:58:54,338 | WARNING | similarity warning candidate=2026-04-27-pv13-remaining-batch-01:pv13_revere_index_value:4:120:None score=0.987 match_level=structural
2026-04-27 21:58:54,473 | WARNING | similarity warning candidate=2026-04-27-pv13-remaining-batch-01:pv13_revere_index_value:4:120:Market score=0.987 match_level=structural
2026-04-27 21:58:54,473 | INFO | dedupe summary total=240 duplicates=8 warnings=80 remaining=232
2026-04-27 21:58:54,474 | INFO | dry-run plan start
2026-04-27 21:58:54,474 | INFO | project_root=/Users/zpdedn/Documents/project/Worldquantbrain
2026-04-27 21:58:54,475 | INFO | fields_file=/Users/zpdedn/Documents/project/Worldquantbrain/runs/research-contracts/2026-04-27-pv13-remaining-field_candidates.json
2026-04-27 21:58:54,475 | INFO | ledger_rows=266
2026-04-27 21:58:54,475 | INFO | templates=ts_rank({field}, {decay}), ts_zscore({field}, {decay}), ts_mean({field}, {decay}), ts_rank(ts_mean({field}, 63), {decay})
2026-04-27 21:58:54,476 | INFO | decays=20, 60, 120
2026-04-27 21:58:54,476 | INFO | neutralizations=None, Market
2026-04-27 21:58:54,476 | INFO | planned_candidates=50
2026-04-27 21:58:54,476 | INFO | top_recommendations=5
2026-04-27 21:58:54,476 | INFO | top_field_cap=2
2026-04-27 21:58:54,476 | INFO | --- ranked plan ---
2026-04-27 21:58:54,476 | INFO | rank field                        decay neutralization tmp  alpha_cnt coverage complexity  score     expression
2026-04-27 21:58:54,476 | INFO | 1    pv13_revere_index_value      120   Market     1    425      1.000  1           0.501     ts_rank(pv13_revere_index_value, 120)
2026-04-27 21:58:54,476 | INFO | 2    pv13_revere_key_sector_total 120   Market     1    3318     1.000  1           0.500     ts_rank(pv13_revere_key_sector_total, 120)
2026-04-27 21:58:54,476 | INFO | 3    pv13_ompetitorgraphrank_hub_ 120   Market     1    1398     0.897  1           0.469     ts_rank(pv13_ompetitorgraphrank_hub_rank, 120)
2026-04-27 21:58:54,476 | INFO | 4    pv13_com_rk_au               120   Market     1    2201     0.897  1           0.469     ts_rank(pv13_com_rk_au, 120)
2026-04-27 21:58:54,476 | INFO | 5    rel_num_comp                 120   Market     1    1912     0.890  1           0.467     ts_rank(rel_num_comp, 120)
2026-04-27 21:58:54,476 | INFO | 6    pv13_ustomergraphrank_auth_r 120   Market     1    570      0.791  1           0.438     ts_rank(pv13_ustomergraphrank_auth_rank, 120)
2026-04-27 21:58:54,476 | INFO | 7    pv13_ustomergraphrank_hub_ra 120   Market     1    956      0.791  1           0.438     ts_rank(pv13_ustomergraphrank_hub_rank, 120)
2026-04-27 21:58:54,476 | INFO | 8    rel_num_part                 120   Market     1    6416     0.784  1           0.435     ts_rank(rel_num_part, 120)
2026-04-27 21:58:54,476 | INFO | 9    rel_ret_part                 120   Market     1    2746     0.710  1           0.413     ts_rank(rel_ret_part, 120)
2026-04-27 21:58:54,476 | INFO | 10   rel_num_cust                 120   Market     1    2416     0.507  1           0.352     ts_rank(rel_num_cust, 120)
2026-04-27 21:58:54,476 | INFO | 11   pv13_revere_index_value      120   None       1    425      1.000  1           0.501     ts_rank(pv13_revere_index_value, 120)
2026-04-27 21:58:54,476 | INFO | 12   pv13_revere_key_sector_total 120   None       1    3318     1.000  1           0.500     ts_rank(pv13_revere_key_sector_total, 120)
2026-04-27 21:58:54,476 | INFO | 13   pv13_ompetitorgraphrank_hub_ 120   None       1    1398     0.897  1           0.469     ts_rank(pv13_ompetitorgraphrank_hub_rank, 120)
2026-04-27 21:58:54,476 | INFO | 14   pv13_com_rk_au               120   None       1    2201     0.897  1           0.469     ts_rank(pv13_com_rk_au, 120)
2026-04-27 21:58:54,476 | INFO | 15   rel_num_comp                 120   None       1    1912     0.890  1           0.467     ts_rank(rel_num_comp, 120)
2026-04-27 21:58:54,476 | INFO | 16   pv13_ustomergraphrank_auth_r 120   None       1    570      0.791  1           0.438     ts_rank(pv13_ustomergraphrank_auth_rank, 120)
2026-04-27 21:58:54,476 | INFO | 17   pv13_ustomergraphrank_hub_ra 120   None       1    956      0.791  1           0.438     ts_rank(pv13_ustomergraphrank_hub_rank, 120)
2026-04-27 21:58:54,476 | INFO | 18   rel_num_part                 120   None       1    6416     0.784  1           0.435     ts_rank(rel_num_part, 120)
2026-04-27 21:58:54,476 | INFO | 19   rel_ret_part                 120   None       1    2746     0.710  1           0.413     ts_rank(rel_ret_part, 120)
2026-04-27 21:58:54,476 | INFO | 20   rel_num_cust                 120   None       1    2416     0.507  1           0.352     ts_rank(rel_num_cust, 120)
2026-04-27 21:58:54,476 | INFO | 21   pv13_revere_index_value      20    Market     1    425      1.000  1           0.501     ts_rank(pv13_revere_index_value, 20)
2026-04-27 21:58:54,476 | INFO | 22   pv13_revere_index_value      20    None       1    425      1.000  1           0.501     ts_rank(pv13_revere_index_value, 20)
2026-04-27 21:58:54,476 | INFO | 23   pv13_revere_index_value      120   Market     2    425      1.000  1           0.501     ts_zscore(pv13_revere_index_value, 120)
2026-04-27 21:58:54,476 | INFO | 24   pv13_revere_index_value      120   None       2    425      1.000  1           0.501     ts_zscore(pv13_revere_index_value, 120)
2026-04-27 21:58:54,476 | INFO | 25   pv13_revere_index_value      20    Market     2    425      1.000  1           0.501     ts_zscore(pv13_revere_index_value, 20)
2026-04-27 21:58:54,476 | INFO | 26   pv13_revere_index_value      20    None       2    425      1.000  1           0.501     ts_zscore(pv13_revere_index_value, 20)
2026-04-27 21:58:54,477 | INFO | 27   pv13_revere_index_value      60    Market     2    425      1.000  1           0.501     ts_zscore(pv13_revere_index_value, 60)
2026-04-27 21:58:54,477 | INFO | 28   pv13_revere_index_value      60    None       2    425      1.000  1           0.501     ts_zscore(pv13_revere_index_value, 60)
2026-04-27 21:58:54,477 | INFO | 29   pv13_revere_index_value      120   Market     3    425      1.000  1           0.501     ts_mean(pv13_revere_index_value, 120)
2026-04-27 21:58:54,477 | INFO | 30   pv13_revere_index_value      120   None       3    425      1.000  1           0.501     ts_mean(pv13_revere_index_value, 120)
2026-04-27 21:58:54,477 | INFO | 31   pv13_revere_index_value      20    Market     3    425      1.000  1           0.501     ts_mean(pv13_revere_index_value, 20)
2026-04-27 21:58:54,477 | INFO | 32   pv13_revere_index_value      20    None       3    425      1.000  1           0.501     ts_mean(pv13_revere_index_value, 20)
2026-04-27 21:58:54,477 | INFO | 33   pv13_revere_index_value      60    Market     3    425      1.000  1           0.501     ts_mean(pv13_revere_index_value, 60)
2026-04-27 21:58:54,477 | INFO | 34   pv13_revere_index_value      60    None       3    425      1.000  1           0.501     ts_mean(pv13_revere_index_value, 60)
2026-04-27 21:58:54,477 | INFO | 35   pv13_revere_key_sector_total 20    Market     1    3318     1.000  1           0.500     ts_rank(pv13_revere_key_sector_total, 20)
2026-04-27 21:58:54,477 | INFO | 36   pv13_revere_key_sector_total 20    None       1    3318     1.000  1           0.500     ts_rank(pv13_revere_key_sector_total, 20)
2026-04-27 21:58:54,477 | INFO | 37   pv13_revere_key_sector_total 120   Market     2    3318     1.000  1           0.500     ts_zscore(pv13_revere_key_sector_total, 120)
2026-04-27 21:58:54,477 | INFO | 38   pv13_revere_key_sector_total 120   None       2    3318     1.000  1           0.500     ts_zscore(pv13_revere_key_sector_total, 120)
2026-04-27 21:58:54,477 | INFO | 39   pv13_revere_key_sector_total 20    Market     2    3318     1.000  1           0.500     ts_zscore(pv13_revere_key_sector_total, 20)
2026-04-27 21:58:54,477 | INFO | 40   pv13_revere_key_sector_total 20    None       2    3318     1.000  1           0.500     ts_zscore(pv13_revere_key_sector_total, 20)
2026-04-27 21:58:54,477 | INFO | 41   pv13_revere_key_sector_total 60    Market     2    3318     1.000  1           0.500     ts_zscore(pv13_revere_key_sector_total, 60)
2026-04-27 21:58:54,477 | INFO | 42   pv13_revere_key_sector_total 60    None       2    3318     1.000  1           0.500     ts_zscore(pv13_revere_key_sector_total, 60)
2026-04-27 21:58:54,477 | INFO | 43   pv13_revere_key_sector_total 120   Market     3    3318     1.000  1           0.500     ts_mean(pv13_revere_key_sector_total, 120)
2026-04-27 21:58:54,477 | INFO | 44   pv13_revere_key_sector_total 120   None       3    3318     1.000  1           0.500     ts_mean(pv13_revere_key_sector_total, 120)
2026-04-27 21:58:54,477 | INFO | 45   pv13_revere_key_sector_total 20    Market     3    3318     1.000  1           0.500     ts_mean(pv13_revere_key_sector_total, 20)
2026-04-27 21:58:54,477 | INFO | 46   pv13_revere_key_sector_total 20    None       3    3318     1.000  1           0.500     ts_mean(pv13_revere_key_sector_total, 20)
2026-04-27 21:58:54,477 | INFO | 47   pv13_revere_key_sector_total 60    Market     3    3318     1.000  1           0.500     ts_mean(pv13_revere_key_sector_total, 60)
2026-04-27 21:58:54,477 | INFO | 48   pv13_revere_key_sector_total 60    None       3    3318     1.000  1           0.500     ts_mean(pv13_revere_key_sector_total, 60)
2026-04-27 21:58:54,477 | INFO | 49   pv13_ompetitorgraphrank_hub_ 20    Market     1    1398     0.897  1           0.469     ts_rank(pv13_ompetitorgraphrank_hub_rank, 20)
2026-04-27 21:58:54,477 | INFO | 50   pv13_ompetitorgraphrank_hub_ 20    None       1    1398     0.897  1           0.469     ts_rank(pv13_ompetitorgraphrank_hub_rank, 20)
2026-04-27 21:58:54,477 | INFO | --- top 5 (field-capped) ---
2026-04-27 21:58:54,477 | INFO | top=1 candidate=2026-04-27-pv13-remaining-batch-01:pv13_revere_index_value:1:120:Market score=0.501 expr=ts_rank(pv13_revere_index_value, 120)
2026-04-27 21:58:54,477 | INFO | top=2 candidate=2026-04-27-pv13-remaining-batch-01:pv13_revere_key_sector_total:1:120:Market score=0.500 expr=ts_rank(pv13_revere_key_sector_total, 120)
2026-04-27 21:58:54,478 | INFO | top=3 candidate=2026-04-27-pv13-remaining-batch-01:pv13_ompetitorgraphrank_hub_rank:1:120:Market score=0.469 expr=ts_rank(pv13_ompetitorgraphrank_hub_rank, 120)
2026-04-27 21:58:54,478 | INFO | top=4 candidate=2026-04-27-pv13-remaining-batch-01:pv13_com_rk_au:1:120:Market score=0.469 expr=ts_rank(pv13_com_rk_au, 120)
2026-04-27 21:58:54,478 | INFO | top=5 candidate=2026-04-27-pv13-remaining-batch-01:rel_num_comp:1:120:Market score=0.467 expr=ts_rank(rel_num_comp, 120)
2026-04-27 21:58:54,478 | INFO | dry-run plan end
2026-04-27 21:58:54,478 | INFO | summary={"mode": "dry", "planned": 50, "top": 5, "total_after_dedupe": 50}
2026-04-27 21:59:31,741 | INFO | loaded field candidate file=/Users/zpdedn/Documents/project/Worldquantbrain/runs/research-contracts/2026-04-27-pv13-remaining-field_candidates.json
2026-04-27 21:59:31,742 | INFO | batch_id=2026-04-27-pv13-remaining-batch-01
2026-04-27 21:59:31,742 | INFO | field_count=10
2026-04-27 21:59:31,742 | INFO | generated_candidates=240
2026-04-27 21:59:31,881 | WARNING | similarity warning candidate=2026-04-27-pv13-remaining-batch-01:pv13_ustomergraphrank_auth_rank:1:20:None score=0.772 match_level=structural
2026-04-27 21:59:32,008 | WARNING | similarity warning candidate=2026-04-27-pv13-remaining-batch-01:pv13_ustomergraphrank_auth_rank:1:20:Market score=0.772 match_level=structural
2026-04-27 21:59:32,130 | WARNING | similarity warning candidate=2026-04-27-pv13-remaining-batch-01:pv13_ustomergraphrank_auth_rank:1:60:None score=0.772 match_level=structural
2026-04-27 21:59:32,252 | WARNING | similarity warning candidate=2026-04-27-pv13-remaining-batch-01:pv13_ustomergraphrank_auth_rank:1:60:Market score=0.772 match_level=structural
2026-04-27 21:59:32,370 | WARNING | similarity warning candidate=2026-04-27-pv13-remaining-batch-01:pv13_ustomergraphrank_auth_rank:1:120:None score=0.773 match_level=structural
2026-04-27 21:59:32,489 | WARNING | similarity warning candidate=2026-04-27-pv13-remaining-batch-01:pv13_ustomergraphrank_auth_rank:1:120:Market score=0.773 match_level=structural
2026-04-27 21:59:32,609 | WARNING | similarity warning candidate=2026-04-27-pv13-remaining-batch-01:pv13_ustomergraphrank_auth_rank:2:20:None score=0.769 match_level=structural
2026-04-27 21:59:32,733 | WARNING | similarity warning candidate=2026-04-27-pv13-remaining-batch-01:pv13_ustomergraphrank_auth_rank:2:20:Market score=0.769 match_level=structural
2026-04-27 21:59:32,857 | WARNING | similarity warning candidate=2026-04-27-pv13-remaining-batch-01:pv13_ustomergraphrank_auth_rank:2:60:None score=0.760 match_level=structural
2026-04-27 21:59:32,978 | WARNING | similarity warning candidate=2026-04-27-pv13-remaining-batch-01:pv13_ustomergraphrank_auth_rank:2:60:Market score=0.760 match_level=structural
2026-04-27 21:59:33,104 | WARNING | similarity warning candidate=2026-04-27-pv13-remaining-batch-01:pv13_ustomergraphrank_auth_rank:2:120:None score=0.774 match_level=structural
2026-04-27 21:59:33,226 | WARNING | similarity warning candidate=2026-04-27-pv13-remaining-batch-01:pv13_ustomergraphrank_auth_rank:2:120:Market score=0.774 match_level=structural
2026-04-27 21:59:34,923 | WARNING | similarity warning candidate=2026-04-27-pv13-remaining-batch-01:pv13_ustomergraphrank_hub_rank:1:20:None score=0.767 match_level=structural
2026-04-27 21:59:35,037 | WARNING | similarity warning candidate=2026-04-27-pv13-remaining-batch-01:pv13_ustomergraphrank_hub_rank:1:20:Market score=0.767 match_level=structural
2026-04-27 21:59:35,150 | WARNING | similarity warning candidate=2026-04-27-pv13-remaining-batch-01:pv13_ustomergraphrank_hub_rank:1:60:None score=0.767 match_level=structural
2026-04-27 21:59:35,263 | WARNING | similarity warning candidate=2026-04-27-pv13-remaining-batch-01:pv13_ustomergraphrank_hub_rank:1:60:Market score=0.767 match_level=structural
2026-04-27 21:59:35,380 | WARNING | similarity warning candidate=2026-04-27-pv13-remaining-batch-01:pv13_ustomergraphrank_hub_rank:1:120:None score=0.768 match_level=structural
2026-04-27 21:59:35,497 | WARNING | similarity warning candidate=2026-04-27-pv13-remaining-batch-01:pv13_ustomergraphrank_hub_rank:1:120:Market score=0.768 match_level=structural
2026-04-27 21:59:35,617 | WARNING | similarity warning candidate=2026-04-27-pv13-remaining-batch-01:pv13_ustomergraphrank_hub_rank:2:20:None score=0.764 match_level=structural
2026-04-27 21:59:35,736 | WARNING | similarity warning candidate=2026-04-27-pv13-remaining-batch-01:pv13_ustomergraphrank_hub_rank:2:20:Market score=0.764 match_level=structural
2026-04-27 21:59:35,856 | WARNING | similarity warning candidate=2026-04-27-pv13-remaining-batch-01:pv13_ustomergraphrank_hub_rank:2:60:None score=0.756 match_level=structural
2026-04-27 21:59:35,976 | WARNING | similarity warning candidate=2026-04-27-pv13-remaining-batch-01:pv13_ustomergraphrank_hub_rank:2:60:Market score=0.756 match_level=structural
2026-04-27 21:59:36,097 | WARNING | similarity warning candidate=2026-04-27-pv13-remaining-batch-01:pv13_ustomergraphrank_hub_rank:2:120:None score=0.769 match_level=structural
2026-04-27 21:59:36,217 | WARNING | similarity warning candidate=2026-04-27-pv13-remaining-batch-01:pv13_ustomergraphrank_hub_rank:2:120:Market score=0.769 match_level=structural
2026-04-27 21:59:38,013 | WARNING | similarity warning candidate=2026-04-27-pv13-remaining-batch-01:pv13_ompetitorgraphrank_hub_rank:1:20:None score=0.731 match_level=structural
2026-04-27 21:59:38,133 | WARNING | similarity warning candidate=2026-04-27-pv13-remaining-batch-01:pv13_ompetitorgraphrank_hub_rank:1:20:Market score=0.731 match_level=structural
2026-04-27 21:59:38,253 | WARNING | similarity warning candidate=2026-04-27-pv13-remaining-batch-01:pv13_ompetitorgraphrank_hub_rank:1:60:None score=0.731 match_level=structural
2026-04-27 21:59:38,374 | WARNING | similarity warning candidate=2026-04-27-pv13-remaining-batch-01:pv13_ompetitorgraphrank_hub_rank:1:60:Market score=0.731 match_level=structural
2026-04-27 21:59:38,496 | WARNING | similarity warning candidate=2026-04-27-pv13-remaining-batch-01:pv13_ompetitorgraphrank_hub_rank:1:120:None score=0.733 match_level=structural
2026-04-27 21:59:38,619 | WARNING | similarity warning candidate=2026-04-27-pv13-remaining-batch-01:pv13_ompetitorgraphrank_hub_rank:1:120:Market score=0.733 match_level=structural
2026-04-27 21:59:38,743 | WARNING | similarity warning candidate=2026-04-27-pv13-remaining-batch-01:pv13_ompetitorgraphrank_hub_rank:2:20:None score=0.730 match_level=structural
2026-04-27 21:59:38,867 | WARNING | similarity warning candidate=2026-04-27-pv13-remaining-batch-01:pv13_ompetitorgraphrank_hub_rank:2:20:Market score=0.730 match_level=structural
2026-04-27 21:59:38,995 | WARNING | similarity warning candidate=2026-04-27-pv13-remaining-batch-01:pv13_ompetitorgraphrank_hub_rank:2:60:None score=0.722 match_level=structural
2026-04-27 21:59:39,124 | WARNING | similarity warning candidate=2026-04-27-pv13-remaining-batch-01:pv13_ompetitorgraphrank_hub_rank:2:60:Market score=0.722 match_level=structural
2026-04-27 21:59:39,256 | WARNING | similarity warning candidate=2026-04-27-pv13-remaining-batch-01:pv13_ompetitorgraphrank_hub_rank:2:120:None score=0.735 match_level=structural
2026-04-27 21:59:39,385 | WARNING | similarity warning candidate=2026-04-27-pv13-remaining-batch-01:pv13_ompetitorgraphrank_hub_rank:2:120:Market score=0.735 match_level=structural
2026-04-27 21:59:43,065 | WARNING | similarity warning candidate=2026-04-27-pv13-remaining-batch-01:pv13_com_rk_au:1:20:None score=0.729 match_level=structural
2026-04-27 21:59:43,145 | WARNING | similarity warning candidate=2026-04-27-pv13-remaining-batch-01:pv13_com_rk_au:1:20:Market score=0.729 match_level=structural
2026-04-27 21:59:43,227 | WARNING | similarity warning candidate=2026-04-27-pv13-remaining-batch-01:pv13_com_rk_au:1:60:None score=0.729 match_level=structural
2026-04-27 21:59:43,304 | WARNING | similarity warning candidate=2026-04-27-pv13-remaining-batch-01:pv13_com_rk_au:1:60:Market score=0.729 match_level=structural
2026-04-27 21:59:43,384 | WARNING | similarity warning candidate=2026-04-27-pv13-remaining-batch-01:pv13_com_rk_au:1:120:None score=0.731 match_level=structural
2026-04-27 21:59:43,465 | WARNING | similarity warning candidate=2026-04-27-pv13-remaining-batch-01:pv13_com_rk_au:1:120:Market score=0.731 match_level=structural
2026-04-27 21:59:43,548 | WARNING | similarity warning candidate=2026-04-27-pv13-remaining-batch-01:pv13_com_rk_au:2:20:None score=0.728 match_level=structural
2026-04-27 21:59:43,631 | WARNING | similarity warning candidate=2026-04-27-pv13-remaining-batch-01:pv13_com_rk_au:2:20:Market score=0.728 match_level=structural
2026-04-27 21:59:43,714 | WARNING | similarity warning candidate=2026-04-27-pv13-remaining-batch-01:pv13_com_rk_au:2:60:None score=0.715 match_level=structural
2026-04-27 21:59:43,798 | WARNING | similarity warning candidate=2026-04-27-pv13-remaining-batch-01:pv13_com_rk_au:2:60:Market score=0.715 match_level=structural
2026-04-27 21:59:43,883 | WARNING | similarity warning candidate=2026-04-27-pv13-remaining-batch-01:pv13_com_rk_au:2:120:None score=0.735 match_level=structural
2026-04-27 21:59:43,968 | WARNING | similarity warning candidate=2026-04-27-pv13-remaining-batch-01:pv13_com_rk_au:2:120:Market score=0.735 match_level=structural
2026-04-27 21:59:44,550 | WARNING | similarity warning candidate=2026-04-27-pv13-remaining-batch-01:pv13_com_rk_au:4:20:None score=0.701 match_level=structural
2026-04-27 21:59:44,660 | WARNING | similarity warning candidate=2026-04-27-pv13-remaining-batch-01:pv13_com_rk_au:4:20:Market score=0.701 match_level=structural
2026-04-27 21:59:44,768 | WARNING | similarity warning candidate=2026-04-27-pv13-remaining-batch-01:pv13_com_rk_au:4:60:None score=0.711 match_level=structural
2026-04-27 21:59:44,878 | WARNING | similarity warning candidate=2026-04-27-pv13-remaining-batch-01:pv13_com_rk_au:4:60:Market score=0.711 match_level=structural
2026-04-27 21:59:49,221 | WARNING | similarity warning candidate=2026-04-27-pv13-remaining-batch-01:pv13_revere_key_sector_total:1:20:None score=0.990 match_level=structural
2026-04-27 21:59:49,339 | WARNING | similarity warning candidate=2026-04-27-pv13-remaining-batch-01:pv13_revere_key_sector_total:1:20:Market score=0.990 match_level=structural
2026-04-27 21:59:49,339 | INFO | duplicate skipped candidate=2026-04-27-pv13-remaining-batch-01:pv13_revere_key_sector_total:1:60:None match_level=exact score=1.000
2026-04-27 21:59:49,339 | INFO | duplicate skipped candidate=2026-04-27-pv13-remaining-batch-01:pv13_revere_key_sector_total:1:60:Market match_level=exact score=1.000
2026-04-27 21:59:49,452 | WARNING | similarity warning candidate=2026-04-27-pv13-remaining-batch-01:pv13_revere_key_sector_total:1:120:None score=0.985 match_level=structural
2026-04-27 21:59:49,564 | WARNING | similarity warning candidate=2026-04-27-pv13-remaining-batch-01:pv13_revere_key_sector_total:1:120:Market score=0.985 match_level=structural
2026-04-27 21:59:50,379 | WARNING | similarity warning candidate=2026-04-27-pv13-remaining-batch-01:pv13_revere_key_sector_total:3:20:None score=0.754 match_level=structural
2026-04-27 21:59:50,494 | WARNING | similarity warning candidate=2026-04-27-pv13-remaining-batch-01:pv13_revere_key_sector_total:3:20:Market score=0.754 match_level=structural
2026-04-27 21:59:50,606 | WARNING | similarity warning candidate=2026-04-27-pv13-remaining-batch-01:pv13_revere_key_sector_total:3:60:None score=0.763 match_level=structural
2026-04-27 21:59:50,716 | WARNING | similarity warning candidate=2026-04-27-pv13-remaining-batch-01:pv13_revere_key_sector_total:3:60:Market score=0.763 match_level=structural
2026-04-27 21:59:50,830 | WARNING | similarity warning candidate=2026-04-27-pv13-remaining-batch-01:pv13_revere_key_sector_total:3:120:None score=0.750 match_level=structural
2026-04-27 21:59:50,947 | WARNING | similarity warning candidate=2026-04-27-pv13-remaining-batch-01:pv13_revere_key_sector_total:3:120:Market score=0.750 match_level=structural
2026-04-27 21:59:51,091 | WARNING | similarity warning candidate=2026-04-27-pv13-remaining-batch-01:pv13_revere_key_sector_total:4:20:None score=0.992 match_level=structural
2026-04-27 21:59:51,232 | WARNING | similarity warning candidate=2026-04-27-pv13-remaining-batch-01:pv13_revere_key_sector_total:4:20:Market score=0.992 match_level=structural
2026-04-27 21:59:51,233 | INFO | duplicate skipped candidate=2026-04-27-pv13-remaining-batch-01:pv13_revere_key_sector_total:4:60:None match_level=exact score=1.000
2026-04-27 21:59:51,233 | INFO | duplicate skipped candidate=2026-04-27-pv13-remaining-batch-01:pv13_revere_key_sector_total:4:60:Market match_level=exact score=1.000
2026-04-27 21:59:51,380 | WARNING | similarity warning candidate=2026-04-27-pv13-remaining-batch-01:pv13_revere_key_sector_total:4:120:None score=0.989 match_level=structural
2026-04-27 21:59:51,523 | WARNING | similarity warning candidate=2026-04-27-pv13-remaining-batch-01:pv13_revere_key_sector_total:4:120:Market score=0.989 match_level=structural
2026-04-27 21:59:53,571 | WARNING | similarity warning candidate=2026-04-27-pv13-remaining-batch-01:pv13_revere_index_value:1:20:None score=0.989 match_level=structural
2026-04-27 21:59:53,670 | WARNING | similarity warning candidate=2026-04-27-pv13-remaining-batch-01:pv13_revere_index_value:1:20:Market score=0.989 match_level=structural
2026-04-27 21:59:53,670 | INFO | duplicate skipped candidate=2026-04-27-pv13-remaining-batch-01:pv13_revere_index_value:1:60:None match_level=exact score=1.000
2026-04-27 21:59:53,670 | INFO | duplicate skipped candidate=2026-04-27-pv13-remaining-batch-01:pv13_revere_index_value:1:60:Market match_level=exact score=1.000
2026-04-27 21:59:53,772 | WARNING | similarity warning candidate=2026-04-27-pv13-remaining-batch-01:pv13_revere_index_value:1:120:None score=0.983 match_level=structural
2026-04-27 21:59:53,872 | WARNING | similarity warning candidate=2026-04-27-pv13-remaining-batch-01:pv13_revere_index_value:1:120:Market score=0.983 match_level=structural
2026-04-27 21:59:54,597 | WARNING | similarity warning candidate=2026-04-27-pv13-remaining-batch-01:pv13_revere_index_value:3:20:None score=0.747 match_level=structural
2026-04-27 21:59:54,695 | WARNING | similarity warning candidate=2026-04-27-pv13-remaining-batch-01:pv13_revere_index_value:3:20:Market score=0.747 match_level=structural
2026-04-27 21:59:54,794 | WARNING | similarity warning candidate=2026-04-27-pv13-remaining-batch-01:pv13_revere_index_value:3:60:None score=0.756 match_level=structural
2026-04-27 21:59:54,892 | WARNING | similarity warning candidate=2026-04-27-pv13-remaining-batch-01:pv13_revere_index_value:3:60:Market score=0.756 match_level=structural
2026-04-27 21:59:54,993 | WARNING | similarity warning candidate=2026-04-27-pv13-remaining-batch-01:pv13_revere_index_value:3:120:None score=0.743 match_level=structural
2026-04-27 21:59:55,094 | WARNING | similarity warning candidate=2026-04-27-pv13-remaining-batch-01:pv13_revere_index_value:3:120:Market score=0.743 match_level=structural
2026-04-27 21:59:55,226 | WARNING | similarity warning candidate=2026-04-27-pv13-remaining-batch-01:pv13_revere_index_value:4:20:None score=0.991 match_level=structural
2026-04-27 21:59:55,358 | WARNING | similarity warning candidate=2026-04-27-pv13-remaining-batch-01:pv13_revere_index_value:4:20:Market score=0.991 match_level=structural
2026-04-27 21:59:55,358 | INFO | duplicate skipped candidate=2026-04-27-pv13-remaining-batch-01:pv13_revere_index_value:4:60:None match_level=exact score=1.000
2026-04-27 21:59:55,358 | INFO | duplicate skipped candidate=2026-04-27-pv13-remaining-batch-01:pv13_revere_index_value:4:60:Market match_level=exact score=1.000
2026-04-27 21:59:55,489 | WARNING | similarity warning candidate=2026-04-27-pv13-remaining-batch-01:pv13_revere_index_value:4:120:None score=0.987 match_level=structural
2026-04-27 21:59:55,622 | WARNING | similarity warning candidate=2026-04-27-pv13-remaining-batch-01:pv13_revere_index_value:4:120:Market score=0.987 match_level=structural
2026-04-27 21:59:55,622 | INFO | dedupe summary total=240 duplicates=8 warnings=80 remaining=232
2026-04-27 21:59:55,625 | INFO | live mode start
2026-04-27 21:59:55,625 | INFO | planned_candidates=50
2026-04-27 21:59:55,625 | INFO | project_root=/Users/zpdedn/Documents/project/Worldquantbrain
2026-04-27 21:59:55,625 | INFO | fields_file=/Users/zpdedn/Documents/project/Worldquantbrain/runs/research-contracts/2026-04-27-pv13-remaining-field_candidates.json
2026-04-27 21:59:55,625 | INFO | ledger_path=/Users/zpdedn/Documents/project/Worldquantbrain/runs/evidence/result_ledger.db
2026-04-27 21:59:55,625 | INFO | progress_path=/Users/zpdedn/Documents/project/Worldquantbrain/runs/evidence/batch_progress.json
2026-04-27 21:59:55,625 | INFO | run_mode=live test_mode=False
2026-04-27 21:59:55,625 | INFO | api_base_url=https://api.worldquantbrain.com
2026-04-27 21:59:55,625 | INFO | auth_mode=basic
2026-04-27 21:59:55,625 | INFO | missing_config=none
2026-04-27 21:59:55,625 | INFO | daily_count=4 warn_at=3800 limit=4000
2026-04-27 21:59:57,116 | INFO | progress saved path=/Users/zpdedn/Documents/project/Worldquantbrain/runs/evidence/batch_progress.json records=5
2026-04-27 22:02:15,097 | WARNING | poll timed out alpha_id=https://api.worldquantbrain.com/simulations/3QeQdT23P4PlaLsmUgspXp7 after 20 retries
2026-04-27 22:02:15,099 | WARNING | poll timeout or pending result candidate=2026-04-27-pv13-remaining-batch-01:pv13_revere_index_value:1:120:Market submission=https://api.worldquantbrain.com/simulations/3QeQdT23P4PlaLsmUgspXp7
2026-04-27 22:02:15,105 | INFO | progress saved path=/Users/zpdedn/Documents/project/Worldquantbrain/runs/evidence/batch_progress.json records=5
2026-04-27 22:02:15,440 | INFO | progress saved path=/Users/zpdedn/Documents/project/Worldquantbrain/runs/evidence/batch_progress.json records=6
2026-04-27 22:02:45,513 | WARNING | poll transient network error alpha_id=https://api.worldquantbrain.com/simulations/3Gb4xS7pe5089U11kXlxuZJ attempt=1 error=('Connection aborted.', RemoteDisconnected('Remote end closed connection without response'))
2026-04-27 22:05:15,150 | WARNING | poll timed out alpha_id=https://api.worldquantbrain.com/simulations/3Gb4xS7pe5089U11kXlxuZJ after 20 retries
2026-04-27 22:05:15,152 | WARNING | poll timeout or pending result candidate=2026-04-27-pv13-remaining-batch-01:pv13_revere_key_sector_total:1:120:Market submission=https://api.worldquantbrain.com/simulations/3Gb4xS7pe5089U11kXlxuZJ
2026-04-27 22:05:15,155 | INFO | progress saved path=/Users/zpdedn/Documents/project/Worldquantbrain/runs/evidence/batch_progress.json records=6
2026-04-27 22:05:15,508 | INFO | progress saved path=/Users/zpdedn/Documents/project/Worldquantbrain/runs/evidence/batch_progress.json records=7
2026-04-27 22:05:46,453 | WARNING | poll transient network error alpha_id=https://api.worldquantbrain.com/simulations/45hXQieXE54190aBhAEtHd0 attempt=1 error=('Connection aborted.', RemoteDisconnected('Remote end closed connection without response'))
2026-04-27 22:08:02,497 | WARNING | poll timed out alpha_id=https://api.worldquantbrain.com/simulations/45hXQieXE54190aBhAEtHd0 after 20 retries
2026-04-27 22:08:02,499 | WARNING | poll timeout or pending result candidate=2026-04-27-pv13-remaining-batch-01:pv13_ompetitorgraphrank_hub_rank:1:120:Market submission=https://api.worldquantbrain.com/simulations/45hXQieXE54190aBhAEtHd0
2026-04-27 22:08:02,508 | INFO | progress saved path=/Users/zpdedn/Documents/project/Worldquantbrain/runs/evidence/batch_progress.json records=7
2026-04-27 22:08:02,878 | INFO | progress saved path=/Users/zpdedn/Documents/project/Worldquantbrain/runs/evidence/batch_progress.json records=8
2026-04-27 22:08:32,891 | WARNING | poll transient network error alpha_id=https://api.worldquantbrain.com/simulations/qMUsogRR4qIc9F10UNncSmL attempt=1 error=('Connection aborted.', RemoteDisconnected('Remote end closed connection without response'))
2026-04-27 22:10:21,830 | WARNING | poll transient network error alpha_id=https://api.worldquantbrain.com/simulations/qMUsogRR4qIc9F10UNncSmL attempt=12 error=('Connection aborted.', RemoteDisconnected('Remote end closed connection without response'))
2026-04-27 22:11:54,528 | WARNING | poll transient network error alpha_id=https://api.worldquantbrain.com/simulations/qMUsogRR4qIc9F10UNncSmL attempt=15 error=('Connection aborted.', RemoteDisconnected('Remote end closed connection without response'))
2026-04-27 22:13:28,922 | WARNING | poll transient network error alpha_id=https://api.worldquantbrain.com/simulations/qMUsogRR4qIc9F10UNncSmL attempt=18 error=('Connection aborted.', RemoteDisconnected('Remote end closed connection without response'))
2026-04-27 22:18:34,575 | INFO | loaded field candidate file=/Users/zpdedn/Documents/project/Worldquantbrain/runs/research-contracts/2026-04-27-pv13-remaining-field_candidates.json
2026-04-27 22:18:34,575 | INFO | batch_id=2026-04-27-pv13-remaining-batch-01
2026-04-27 22:18:34,575 | INFO | field_count=10
2026-04-27 22:18:34,575 | INFO | generated_candidates=240
2026-04-27 22:18:34,716 | WARNING | similarity warning candidate=2026-04-27-pv13-remaining-batch-01:pv13_ustomergraphrank_auth_rank:1:20:None score=0.772 match_level=structural
2026-04-27 22:18:34,842 | WARNING | similarity warning candidate=2026-04-27-pv13-remaining-batch-01:pv13_ustomergraphrank_auth_rank:1:20:Market score=0.772 match_level=structural
2026-04-27 22:18:34,969 | WARNING | similarity warning candidate=2026-04-27-pv13-remaining-batch-01:pv13_ustomergraphrank_auth_rank:1:60:None score=0.772 match_level=structural
2026-04-27 22:18:35,093 | WARNING | similarity warning candidate=2026-04-27-pv13-remaining-batch-01:pv13_ustomergraphrank_auth_rank:1:60:Market score=0.772 match_level=structural
2026-04-27 22:18:35,213 | WARNING | similarity warning candidate=2026-04-27-pv13-remaining-batch-01:pv13_ustomergraphrank_auth_rank:1:120:None score=0.773 match_level=structural
2026-04-27 22:18:35,333 | WARNING | similarity warning candidate=2026-04-27-pv13-remaining-batch-01:pv13_ustomergraphrank_auth_rank:1:120:Market score=0.773 match_level=structural
2026-04-27 22:18:35,456 | WARNING | similarity warning candidate=2026-04-27-pv13-remaining-batch-01:pv13_ustomergraphrank_auth_rank:2:20:None score=0.769 match_level=structural
2026-04-27 22:18:35,578 | WARNING | similarity warning candidate=2026-04-27-pv13-remaining-batch-01:pv13_ustomergraphrank_auth_rank:2:20:Market score=0.769 match_level=structural
2026-04-27 22:18:35,702 | WARNING | similarity warning candidate=2026-04-27-pv13-remaining-batch-01:pv13_ustomergraphrank_auth_rank:2:60:None score=0.760 match_level=structural
2026-04-27 22:18:35,826 | WARNING | similarity warning candidate=2026-04-27-pv13-remaining-batch-01:pv13_ustomergraphrank_auth_rank:2:60:Market score=0.760 match_level=structural
2026-04-27 22:18:35,952 | WARNING | similarity warning candidate=2026-04-27-pv13-remaining-batch-01:pv13_ustomergraphrank_auth_rank:2:120:None score=0.774 match_level=structural
2026-04-27 22:18:36,079 | WARNING | similarity warning candidate=2026-04-27-pv13-remaining-batch-01:pv13_ustomergraphrank_auth_rank:2:120:Market score=0.774 match_level=structural
2026-04-27 22:18:37,858 | WARNING | similarity warning candidate=2026-04-27-pv13-remaining-batch-01:pv13_ustomergraphrank_hub_rank:1:20:None score=0.767 match_level=structural
2026-04-27 22:18:37,974 | WARNING | similarity warning candidate=2026-04-27-pv13-remaining-batch-01:pv13_ustomergraphrank_hub_rank:1:20:Market score=0.767 match_level=structural
2026-04-27 22:18:38,091 | WARNING | similarity warning candidate=2026-04-27-pv13-remaining-batch-01:pv13_ustomergraphrank_hub_rank:1:60:None score=0.767 match_level=structural
2026-04-27 22:18:38,208 | WARNING | similarity warning candidate=2026-04-27-pv13-remaining-batch-01:pv13_ustomergraphrank_hub_rank:1:60:Market score=0.767 match_level=structural
2026-04-27 22:18:38,328 | WARNING | similarity warning candidate=2026-04-27-pv13-remaining-batch-01:pv13_ustomergraphrank_hub_rank:1:120:None score=0.768 match_level=structural
2026-04-27 22:18:38,446 | WARNING | similarity warning candidate=2026-04-27-pv13-remaining-batch-01:pv13_ustomergraphrank_hub_rank:1:120:Market score=0.768 match_level=structural
2026-04-27 22:18:38,566 | WARNING | similarity warning candidate=2026-04-27-pv13-remaining-batch-01:pv13_ustomergraphrank_hub_rank:2:20:None score=0.764 match_level=structural
2026-04-27 22:18:38,687 | WARNING | similarity warning candidate=2026-04-27-pv13-remaining-batch-01:pv13_ustomergraphrank_hub_rank:2:20:Market score=0.764 match_level=structural
2026-04-27 22:18:38,807 | WARNING | similarity warning candidate=2026-04-27-pv13-remaining-batch-01:pv13_ustomergraphrank_hub_rank:2:60:None score=0.756 match_level=structural
2026-04-27 22:18:38,928 | WARNING | similarity warning candidate=2026-04-27-pv13-remaining-batch-01:pv13_ustomergraphrank_hub_rank:2:60:Market score=0.756 match_level=structural
2026-04-27 22:18:39,050 | WARNING | similarity warning candidate=2026-04-27-pv13-remaining-batch-01:pv13_ustomergraphrank_hub_rank:2:120:None score=0.769 match_level=structural
2026-04-27 22:18:39,174 | WARNING | similarity warning candidate=2026-04-27-pv13-remaining-batch-01:pv13_ustomergraphrank_hub_rank:2:120:Market score=0.769 match_level=structural
2026-04-27 22:18:40,892 | WARNING | similarity warning candidate=2026-04-27-pv13-remaining-batch-01:pv13_ompetitorgraphrank_hub_rank:1:20:None score=0.996 match_level=structural
2026-04-27 22:18:41,013 | WARNING | similarity warning candidate=2026-04-27-pv13-remaining-batch-01:pv13_ompetitorgraphrank_hub_rank:1:20:Market score=0.996 match_level=structural
2026-04-27 22:18:41,134 | WARNING | similarity warning candidate=2026-04-27-pv13-remaining-batch-01:pv13_ompetitorgraphrank_hub_rank:1:60:None score=0.987 match_level=structural
2026-04-27 22:18:41,253 | WARNING | similarity warning candidate=2026-04-27-pv13-remaining-batch-01:pv13_ompetitorgraphrank_hub_rank:1:60:Market score=0.987 match_level=structural
2026-04-27 22:18:41,254 | INFO | duplicate skipped candidate=2026-04-27-pv13-remaining-batch-01:pv13_ompetitorgraphrank_hub_rank:1:120:None match_level=exact score=1.000
2026-04-27 22:18:41,254 | INFO | duplicate skipped candidate=2026-04-27-pv13-remaining-batch-01:pv13_ompetitorgraphrank_hub_rank:1:120:Market match_level=exact score=1.000
2026-04-27 22:18:41,378 | WARNING | similarity warning candidate=2026-04-27-pv13-remaining-batch-01:pv13_ompetitorgraphrank_hub_rank:2:20:None score=0.730 match_level=structural
2026-04-27 22:18:41,503 | WARNING | similarity warning candidate=2026-04-27-pv13-remaining-batch-01:pv13_ompetitorgraphrank_hub_rank:2:20:Market score=0.730 match_level=structural
2026-04-27 22:18:41,627 | WARNING | similarity warning candidate=2026-04-27-pv13-remaining-batch-01:pv13_ompetitorgraphrank_hub_rank:2:60:None score=0.722 match_level=structural
2026-04-27 22:18:41,754 | WARNING | similarity warning candidate=2026-04-27-pv13-remaining-batch-01:pv13_ompetitorgraphrank_hub_rank:2:60:Market score=0.722 match_level=structural
2026-04-27 22:18:41,883 | WARNING | similarity warning candidate=2026-04-27-pv13-remaining-batch-01:pv13_ompetitorgraphrank_hub_rank:2:120:None score=0.735 match_level=structural
2026-04-27 22:18:42,013 | WARNING | similarity warning candidate=2026-04-27-pv13-remaining-batch-01:pv13_ompetitorgraphrank_hub_rank:2:120:Market score=0.735 match_level=structural
2026-04-27 22:18:42,133 | WARNING | similarity warning candidate=2026-04-27-pv13-remaining-batch-01:pv13_ompetitorgraphrank_hub_rank:3:20:None score=0.708 match_level=structural
2026-04-27 22:18:42,256 | WARNING | similarity warning candidate=2026-04-27-pv13-remaining-batch-01:pv13_ompetitorgraphrank_hub_rank:3:20:Market score=0.708 match_level=structural
2026-04-27 22:18:42,619 | WARNING | similarity warning candidate=2026-04-27-pv13-remaining-batch-01:pv13_ompetitorgraphrank_hub_rank:3:120:None score=0.712 match_level=structural
2026-04-27 22:18:42,743 | WARNING | similarity warning candidate=2026-04-27-pv13-remaining-batch-01:pv13_ompetitorgraphrank_hub_rank:3:120:Market score=0.712 match_level=structural
2026-04-27 22:18:42,894 | WARNING | similarity warning candidate=2026-04-27-pv13-remaining-batch-01:pv13_ompetitorgraphrank_hub_rank:4:20:None score=0.799 match_level=structural
2026-04-27 22:18:43,045 | WARNING | similarity warning candidate=2026-04-27-pv13-remaining-batch-01:pv13_ompetitorgraphrank_hub_rank:4:20:Market score=0.799 match_level=structural
2026-04-27 22:18:43,196 | WARNING | similarity warning candidate=2026-04-27-pv13-remaining-batch-01:pv13_ompetitorgraphrank_hub_rank:4:60:None score=0.791 match_level=structural
2026-04-27 22:18:43,348 | WARNING | similarity warning candidate=2026-04-27-pv13-remaining-batch-01:pv13_ompetitorgraphrank_hub_rank:4:60:Market score=0.791 match_level=structural
2026-04-27 22:18:43,503 | WARNING | similarity warning candidate=2026-04-27-pv13-remaining-batch-01:pv13_ompetitorgraphrank_hub_rank:4:120:None score=0.803 match_level=structural
2026-04-27 22:18:43,657 | WARNING | similarity warning candidate=2026-04-27-pv13-remaining-batch-01:pv13_ompetitorgraphrank_hub_rank:4:120:Market score=0.803 match_level=structural
2026-04-27 22:18:45,689 | WARNING | similarity warning candidate=2026-04-27-pv13-remaining-batch-01:pv13_com_rk_au:1:20:None score=0.992 match_level=structural
2026-04-27 22:18:45,766 | WARNING | similarity warning candidate=2026-04-27-pv13-remaining-batch-01:pv13_com_rk_au:1:20:Market score=0.992 match_level=structural
2026-04-27 22:18:45,842 | WARNING | similarity warning candidate=2026-04-27-pv13-remaining-batch-01:pv13_com_rk_au:1:60:None score=0.977 match_level=structural
2026-04-27 22:18:45,919 | WARNING | similarity warning candidate=2026-04-27-pv13-remaining-batch-01:pv13_com_rk_au:1:60:Market score=0.977 match_level=structural
2026-04-27 22:18:45,919 | INFO | duplicate skipped candidate=2026-04-27-pv13-remaining-batch-01:pv13_com_rk_au:1:120:None match_level=exact score=1.000
2026-04-27 22:18:45,919 | INFO | duplicate skipped candidate=2026-04-27-pv13-remaining-batch-01:pv13_com_rk_au:1:120:Market match_level=exact score=1.000
2026-04-27 22:18:46,000 | WARNING | similarity warning candidate=2026-04-27-pv13-remaining-batch-01:pv13_com_rk_au:2:20:None score=0.728 match_level=structural
2026-04-27 22:18:46,082 | WARNING | similarity warning candidate=2026-04-27-pv13-remaining-batch-01:pv13_com_rk_au:2:20:Market score=0.728 match_level=structural
2026-04-27 22:18:46,163 | WARNING | similarity warning candidate=2026-04-27-pv13-remaining-batch-01:pv13_com_rk_au:2:60:None score=0.715 match_level=structural
2026-04-27 22:18:46,245 | WARNING | similarity warning candidate=2026-04-27-pv13-remaining-batch-01:pv13_com_rk_au:2:60:Market score=0.715 match_level=structural
2026-04-27 22:18:46,328 | WARNING | similarity warning candidate=2026-04-27-pv13-remaining-batch-01:pv13_com_rk_au:2:120:None score=0.735 match_level=structural
2026-04-27 22:18:46,411 | WARNING | similarity warning candidate=2026-04-27-pv13-remaining-batch-01:pv13_com_rk_au:2:120:Market score=0.735 match_level=structural
2026-04-27 22:18:46,796 | WARNING | similarity warning candidate=2026-04-27-pv13-remaining-batch-01:pv13_com_rk_au:3:120:None score=0.700 match_level=structural
2026-04-27 22:18:46,875 | WARNING | similarity warning candidate=2026-04-27-pv13-remaining-batch-01:pv13_com_rk_au:3:120:Market score=0.700 match_level=structural
2026-04-27 22:18:46,981 | WARNING | similarity warning candidate=2026-04-27-pv13-remaining-batch-01:pv13_com_rk_au:4:20:None score=0.770 match_level=structural
2026-04-27 22:18:47,088 | WARNING | similarity warning candidate=2026-04-27-pv13-remaining-batch-01:pv13_com_rk_au:4:20:Market score=0.770 match_level=structural
2026-04-27 22:18:47,196 | WARNING | similarity warning candidate=2026-04-27-pv13-remaining-batch-01:pv13_com_rk_au:4:60:None score=0.758 match_level=structural
2026-04-27 22:18:47,305 | WARNING | similarity warning candidate=2026-04-27-pv13-remaining-batch-01:pv13_com_rk_au:4:60:Market score=0.758 match_level=structural
2026-04-27 22:18:47,414 | WARNING | similarity warning candidate=2026-04-27-pv13-remaining-batch-01:pv13_com_rk_au:4:120:None score=0.777 match_level=structural
2026-04-27 22:18:47,523 | WARNING | similarity warning candidate=2026-04-27-pv13-remaining-batch-01:pv13_com_rk_au:4:120:Market score=0.777 match_level=structural
2026-04-27 22:18:51,530 | WARNING | similarity warning candidate=2026-04-27-pv13-remaining-batch-01:pv13_revere_key_sector_total:1:20:None score=0.995 match_level=structural
2026-04-27 22:18:51,640 | WARNING | similarity warning candidate=2026-04-27-pv13-remaining-batch-01:pv13_revere_key_sector_total:1:20:Market score=0.995 match_level=structural
2026-04-27 22:18:51,640 | INFO | duplicate skipped candidate=2026-04-27-pv13-remaining-batch-01:pv13_revere_key_sector_total:1:60:None match_level=exact score=1.000
2026-04-27 22:18:51,640 | INFO | duplicate skipped candidate=2026-04-27-pv13-remaining-batch-01:pv13_revere_key_sector_total:1:60:Market match_level=exact score=1.000
2026-04-27 22:18:51,640 | INFO | duplicate skipped candidate=2026-04-27-pv13-remaining-batch-01:pv13_revere_key_sector_total:1:120:None match_level=exact score=1.000
2026-04-27 22:18:51,640 | INFO | duplicate skipped candidate=2026-04-27-pv13-remaining-batch-01:pv13_revere_key_sector_total:1:120:Market match_level=exact score=1.000
2026-04-27 22:18:52,447 | WARNING | similarity warning candidate=2026-04-27-pv13-remaining-batch-01:pv13_revere_key_sector_total:3:20:None score=0.754 match_level=structural
2026-04-27 22:18:52,558 | WARNING | similarity warning candidate=2026-04-27-pv13-remaining-batch-01:pv13_revere_key_sector_total:3:20:Market score=0.754 match_level=structural
2026-04-27 22:18:52,669 | WARNING | similarity warning candidate=2026-04-27-pv13-remaining-batch-01:pv13_revere_key_sector_total:3:60:None score=0.763 match_level=structural
2026-04-27 22:18:52,779 | WARNING | similarity warning candidate=2026-04-27-pv13-remaining-batch-01:pv13_revere_key_sector_total:3:60:Market score=0.763 match_level=structural
2026-04-27 22:18:52,892 | WARNING | similarity warning candidate=2026-04-27-pv13-remaining-batch-01:pv13_revere_key_sector_total:3:120:None score=0.750 match_level=structural
2026-04-27 22:18:53,005 | WARNING | similarity warning candidate=2026-04-27-pv13-remaining-batch-01:pv13_revere_key_sector_total:3:120:Market score=0.750 match_level=structural
2026-04-27 22:18:53,147 | WARNING | similarity warning candidate=2026-04-27-pv13-remaining-batch-01:pv13_revere_key_sector_total:4:20:None score=0.992 match_level=structural
2026-04-27 22:18:53,288 | WARNING | similarity warning candidate=2026-04-27-pv13-remaining-batch-01:pv13_revere_key_sector_total:4:20:Market score=0.992 match_level=structural
2026-04-27 22:18:53,289 | INFO | duplicate skipped candidate=2026-04-27-pv13-remaining-batch-01:pv13_revere_key_sector_total:4:60:None match_level=exact score=1.000
2026-04-27 22:18:53,289 | INFO | duplicate skipped candidate=2026-04-27-pv13-remaining-batch-01:pv13_revere_key_sector_total:4:60:Market match_level=exact score=1.000
2026-04-27 22:18:53,432 | WARNING | similarity warning candidate=2026-04-27-pv13-remaining-batch-01:pv13_revere_key_sector_total:4:120:None score=0.989 match_level=structural
2026-04-27 22:18:53,576 | WARNING | similarity warning candidate=2026-04-27-pv13-remaining-batch-01:pv13_revere_key_sector_total:4:120:Market score=0.989 match_level=structural
2026-04-27 22:18:55,625 | WARNING | similarity warning candidate=2026-04-27-pv13-remaining-batch-01:pv13_revere_index_value:1:20:None score=0.994 match_level=structural
2026-04-27 22:18:55,724 | WARNING | similarity warning candidate=2026-04-27-pv13-remaining-batch-01:pv13_revere_index_value:1:20:Market score=0.994 match_level=structural
2026-04-27 22:18:55,724 | INFO | duplicate skipped candidate=2026-04-27-pv13-remaining-batch-01:pv13_revere_index_value:1:60:None match_level=exact score=1.000
2026-04-27 22:18:55,724 | INFO | duplicate skipped candidate=2026-04-27-pv13-remaining-batch-01:pv13_revere_index_value:1:60:Market match_level=exact score=1.000
2026-04-27 22:18:55,724 | INFO | duplicate skipped candidate=2026-04-27-pv13-remaining-batch-01:pv13_revere_index_value:1:120:None match_level=exact score=1.000
2026-04-27 22:18:55,724 | INFO | duplicate skipped candidate=2026-04-27-pv13-remaining-batch-01:pv13_revere_index_value:1:120:Market match_level=exact score=1.000
2026-04-27 22:18:56,444 | WARNING | similarity warning candidate=2026-04-27-pv13-remaining-batch-01:pv13_revere_index_value:3:20:None score=0.747 match_level=structural
2026-04-27 22:18:56,542 | WARNING | similarity warning candidate=2026-04-27-pv13-remaining-batch-01:pv13_revere_index_value:3:20:Market score=0.747 match_level=structural
2026-04-27 22:18:56,640 | WARNING | similarity warning candidate=2026-04-27-pv13-remaining-batch-01:pv13_revere_index_value:3:60:None score=0.756 match_level=structural
2026-04-27 22:18:56,738 | WARNING | similarity warning candidate=2026-04-27-pv13-remaining-batch-01:pv13_revere_index_value:3:60:Market score=0.756 match_level=structural
2026-04-27 22:18:56,839 | WARNING | similarity warning candidate=2026-04-27-pv13-remaining-batch-01:pv13_revere_index_value:3:120:None score=0.743 match_level=structural
2026-04-27 22:18:56,940 | WARNING | similarity warning candidate=2026-04-27-pv13-remaining-batch-01:pv13_revere_index_value:3:120:Market score=0.743 match_level=structural
2026-04-27 22:18:57,069 | WARNING | similarity warning candidate=2026-04-27-pv13-remaining-batch-01:pv13_revere_index_value:4:20:None score=0.991 match_level=structural
2026-04-27 22:18:57,200 | WARNING | similarity warning candidate=2026-04-27-pv13-remaining-batch-01:pv13_revere_index_value:4:20:Market score=0.991 match_level=structural
2026-04-27 22:18:57,200 | INFO | duplicate skipped candidate=2026-04-27-pv13-remaining-batch-01:pv13_revere_index_value:4:60:None match_level=exact score=1.000
2026-04-27 22:18:57,200 | INFO | duplicate skipped candidate=2026-04-27-pv13-remaining-batch-01:pv13_revere_index_value:4:60:Market match_level=exact score=1.000
2026-04-27 22:18:57,333 | WARNING | similarity warning candidate=2026-04-27-pv13-remaining-batch-01:pv13_revere_index_value:4:120:None score=0.987 match_level=structural
2026-04-27 22:18:57,464 | WARNING | similarity warning candidate=2026-04-27-pv13-remaining-batch-01:pv13_revere_index_value:4:120:Market score=0.987 match_level=structural
2026-04-27 22:18:57,464 | INFO | dedupe summary total=240 duplicates=16 warnings=86 remaining=224
2026-04-27 22:18:57,468 | INFO | live mode start
2026-04-27 22:18:57,468 | INFO | planned_candidates=50
2026-04-27 22:18:57,468 | INFO | project_root=/Users/zpdedn/Documents/project/Worldquantbrain
2026-04-27 22:18:57,468 | INFO | fields_file=/Users/zpdedn/Documents/project/Worldquantbrain/runs/research-contracts/2026-04-27-pv13-remaining-field_candidates.json
2026-04-27 22:18:57,468 | INFO | ledger_path=/Users/zpdedn/Documents/project/Worldquantbrain/runs/evidence/result_ledger.db
2026-04-27 22:18:57,468 | INFO | progress_path=/Users/zpdedn/Documents/project/Worldquantbrain/runs/evidence/batch_progress.json
2026-04-27 22:18:57,468 | INFO | run_mode=live test_mode=False
2026-04-27 22:18:57,468 | INFO | api_base_url=https://api.worldquantbrain.com
2026-04-27 22:18:57,468 | INFO | auth_mode=basic
2026-04-27 22:18:57,468 | INFO | missing_config=none
2026-04-27 22:18:57,468 | INFO | daily_count=8 warn_at=3800 limit=4000
2026-04-27 22:18:59,497 | INFO | progress saved path=/Users/zpdedn/Documents/project/Worldquantbrain/runs/evidence/batch_progress.json records=9
2026-04-27 22:21:16,347 | WARNING | poll timed out alpha_id=https://api.worldquantbrain.com/simulations/2nfCh21pS4qZayoRm6VxVHJ after 20 retries
2026-04-27 22:21:16,349 | WARNING | poll timeout or pending result candidate=2026-04-27-pv13-remaining-batch-01:pv13_revere_index_value:1:20:Market submission=https://api.worldquantbrain.com/simulations/2nfCh21pS4qZayoRm6VxVHJ
2026-04-27 22:21:16,351 | INFO | progress saved path=/Users/zpdedn/Documents/project/Worldquantbrain/runs/evidence/batch_progress.json records=9
2026-04-27 22:21:16,669 | INFO | progress saved path=/Users/zpdedn/Documents/project/Worldquantbrain/runs/evidence/batch_progress.json records=10
2026-04-27 22:23:33,950 | WARNING | poll timed out alpha_id=https://api.worldquantbrain.com/simulations/30xJtfbEZ4We9RacbQWnqun after 20 retries
2026-04-27 22:23:33,952 | WARNING | poll timeout or pending result candidate=2026-04-27-pv13-remaining-batch-01:pv13_revere_key_sector_total:1:20:Market submission=https://api.worldquantbrain.com/simulations/30xJtfbEZ4We9RacbQWnqun
2026-04-27 22:23:33,955 | INFO | progress saved path=/Users/zpdedn/Documents/project/Worldquantbrain/runs/evidence/batch_progress.json records=10
2026-04-27 22:23:34,290 | INFO | progress saved path=/Users/zpdedn/Documents/project/Worldquantbrain/runs/evidence/batch_progress.json records=11
2026-04-27 22:26:19,465 | WARNING | poll transient network error alpha_id=https://api.worldquantbrain.com/simulations/2slNPB5Q255Qbgl130oIg9Kk attempt=13 error=('Connection aborted.', RemoteDisconnected('Remote end closed connection without response'))
2026-04-27 22:27:52,187 | WARNING | poll transient network error alpha_id=https://api.worldquantbrain.com/simulations/2slNPB5Q255Qbgl130oIg9Kk attempt=16 error=('Connection aborted.', RemoteDisconnected('Remote end closed connection without response'))
2026-04-27 22:29:57,773 | INFO | ledger insert complete row_id=271 alpha_id=bloG9E7N
2026-04-27 22:29:57,777 | INFO | progress saved path=/Users/zpdedn/Documents/project/Worldquantbrain/runs/evidence/batch_progress.json records=11
2026-04-27 22:29:57,777 | INFO | candidate completed candidate=2026-04-27-pv13-remaining-batch-01:pv13_ompetitorgraphrank_hub_rank:1:20:Market alpha_id=bloG9E7N status=COMPLETE
2026-04-27 22:29:58,196 | INFO | progress saved path=/Users/zpdedn/Documents/project/Worldquantbrain/runs/evidence/batch_progress.json records=12
2026-04-27 22:30:28,202 | WARNING | poll transient network error alpha_id=https://api.worldquantbrain.com/simulations/37Ul59bSD4CYaKZr5xzGdhV attempt=1 error=('Connection aborted.', RemoteDisconnected('Remote end closed connection without response'))
2026-04-27 22:32:48,179 | WARNING | poll timed out alpha_id=https://api.worldquantbrain.com/simulations/37Ul59bSD4CYaKZr5xzGdhV after 20 retries
2026-04-27 22:32:48,180 | WARNING | poll timeout or pending result candidate=2026-04-27-pv13-remaining-batch-01:pv13_com_rk_au:1:20:Market submission=https://api.worldquantbrain.com/simulations/37Ul59bSD4CYaKZr5xzGdhV
2026-04-27 22:32:48,183 | INFO | progress saved path=/Users/zpdedn/Documents/project/Worldquantbrain/runs/evidence/batch_progress.json records=12
2026-04-27 22:32:48,702 | INFO | progress saved path=/Users/zpdedn/Documents/project/Worldquantbrain/runs/evidence/batch_progress.json records=13
2026-04-27 22:35:08,094 | WARNING | poll timed out alpha_id=https://api.worldquantbrain.com/simulations/1Qe03La474Ve9DectGAgSX2 after 20 retries
2026-04-27 22:35:08,096 | WARNING | poll timeout or pending result candidate=2026-04-27-pv13-remaining-batch-01:rel_num_comp:1:120:Market submission=https://api.worldquantbrain.com/simulations/1Qe03La474Ve9DectGAgSX2
2026-04-27 22:35:08,099 | INFO | progress saved path=/Users/zpdedn/Documents/project/Worldquantbrain/runs/evidence/batch_progress.json records=13
2026-04-27 22:35:08,568 | INFO | progress saved path=/Users/zpdedn/Documents/project/Worldquantbrain/runs/evidence/batch_progress.json records=14
2026-04-27 22:37:42,170 | WARNING | poll transient network error alpha_id=https://api.worldquantbrain.com/simulations/3D6p4e6O04Zz9DE19dpY3lQz attempt=19 error=('Connection aborted.', RemoteDisconnected('Remote end closed connection without response'))
2026-04-27 22:38:13,488 | INFO | ledger insert complete row_id=274 alpha_id=O0bQpwEg
2026-04-27 22:38:13,496 | INFO | progress saved path=/Users/zpdedn/Documents/project/Worldquantbrain/runs/evidence/batch_progress.json records=14
2026-04-27 22:38:13,496 | INFO | candidate completed candidate=2026-04-27-pv13-remaining-batch-01:pv13_ustomergraphrank_auth_rank:1:120:Market alpha_id=O0bQpwEg status=COMPLETE
2026-04-27 22:38:13,961 | INFO | progress saved path=/Users/zpdedn/Documents/project/Worldquantbrain/runs/evidence/batch_progress.json records=15
2026-04-27 22:40:30,650 | WARNING | poll transient network error alpha_id=https://api.worldquantbrain.com/simulations/4nCsGk1uD5gx8FSLlOgXPix attempt=16 error=('Connection aborted.', RemoteDisconnected('Remote end closed connection without response'))
2026-04-27 22:41:40,071 | WARNING | poll transient network error alpha_id=https://api.worldquantbrain.com/simulations/4nCsGk1uD5gx8FSLlOgXPix attempt=18 error=HTTPSConnectionPool(host='api.worldquantbrain.com', port=443): Max retries exceeded with url: /simulations/4nCsGk1uD5gx8FSLlOgXPix (Caused by SSLError(SSLEOFError(8, 'EOF occurred in violation of protocol (_ssl.c:1129)')))
2026-04-27 22:42:41,445 | WARNING | poll transient network error alpha_id=https://api.worldquantbrain.com/simulations/4nCsGk1uD5gx8FSLlOgXPix attempt=20 error=('Connection aborted.', RemoteDisconnected('Remote end closed connection without response'))
2026-04-27 22:42:41,447 | WARNING | poll exhausted network retries alpha_id=https://api.worldquantbrain.com/simulations/4nCsGk1uD5gx8FSLlOgXPix
2026-04-27 22:42:41,448 | WARNING | poll timeout or pending result candidate=2026-04-27-pv13-remaining-batch-01:pv13_ustomergraphrank_hub_rank:1:120:Market submission=https://api.worldquantbrain.com/simulations/4nCsGk1uD5gx8FSLlOgXPix
2026-04-27 22:42:41,451 | INFO | progress saved path=/Users/zpdedn/Documents/project/Worldquantbrain/runs/evidence/batch_progress.json records=15
2026-04-27 22:42:42,615 | INFO | progress saved path=/Users/zpdedn/Documents/project/Worldquantbrain/runs/evidence/batch_progress.json records=16
2026-04-27 22:44:31,895 | INFO | loaded field candidate file=/Users/zpdedn/Documents/project/Worldquantbrain/runs/research-contracts/2026-04-27-pv13-remaining-field_candidates.json
2026-04-27 22:44:31,896 | INFO | batch_id=2026-04-27-pv13-remaining-batch-01
2026-04-27 22:44:31,896 | INFO | field_count=10
2026-04-27 22:44:31,896 | INFO | generated_candidates=240
2026-04-27 22:44:32,039 | WARNING | similarity warning candidate=2026-04-27-pv13-remaining-batch-01:pv13_ustomergraphrank_auth_rank:1:20:None score=0.995 match_level=structural
2026-04-27 22:44:32,166 | WARNING | similarity warning candidate=2026-04-27-pv13-remaining-batch-01:pv13_ustomergraphrank_auth_rank:1:20:Market score=0.995 match_level=structural
2026-04-27 22:44:32,292 | WARNING | similarity warning candidate=2026-04-27-pv13-remaining-batch-01:pv13_ustomergraphrank_auth_rank:1:60:None score=0.986 match_level=structural
2026-04-27 22:44:32,416 | WARNING | similarity warning candidate=2026-04-27-pv13-remaining-batch-01:pv13_ustomergraphrank_auth_rank:1:60:Market score=0.986 match_level=structural
2026-04-27 22:44:32,416 | INFO | duplicate skipped candidate=2026-04-27-pv13-remaining-batch-01:pv13_ustomergraphrank_auth_rank:1:120:None match_level=exact score=1.000
2026-04-27 22:44:32,416 | INFO | duplicate skipped candidate=2026-04-27-pv13-remaining-batch-01:pv13_ustomergraphrank_auth_rank:1:120:Market match_level=exact score=1.000
2026-04-27 22:44:32,539 | WARNING | similarity warning candidate=2026-04-27-pv13-remaining-batch-01:pv13_ustomergraphrank_auth_rank:2:20:None score=0.769 match_level=structural
2026-04-27 22:44:32,664 | WARNING | similarity warning candidate=2026-04-27-pv13-remaining-batch-01:pv13_ustomergraphrank_auth_rank:2:20:Market score=0.769 match_level=structural
2026-04-27 22:44:32,788 | WARNING | similarity warning candidate=2026-04-27-pv13-remaining-batch-01:pv13_ustomergraphrank_auth_rank:2:60:None score=0.760 match_level=structural
2026-04-27 22:44:32,913 | WARNING | similarity warning candidate=2026-04-27-pv13-remaining-batch-01:pv13_ustomergraphrank_auth_rank:2:60:Market score=0.760 match_level=structural
2026-04-27 22:44:33,040 | WARNING | similarity warning candidate=2026-04-27-pv13-remaining-batch-01:pv13_ustomergraphrank_auth_rank:2:120:None score=0.774 match_level=structural
2026-04-27 22:44:33,167 | WARNING | similarity warning candidate=2026-04-27-pv13-remaining-batch-01:pv13_ustomergraphrank_auth_rank:2:120:Market score=0.774 match_level=structural
2026-04-27 22:44:33,286 | WARNING | similarity warning candidate=2026-04-27-pv13-remaining-batch-01:pv13_ustomergraphrank_auth_rank:3:20:None score=0.707 match_level=structural
2026-04-27 22:44:33,405 | WARNING | similarity warning candidate=2026-04-27-pv13-remaining-batch-01:pv13_ustomergraphrank_auth_rank:3:20:Market score=0.707 match_level=structural
2026-04-27 22:44:33,766 | WARNING | similarity warning candidate=2026-04-27-pv13-remaining-batch-01:pv13_ustomergraphrank_auth_rank:3:120:None score=0.712 match_level=structural
2026-04-27 22:44:33,888 | WARNING | similarity warning candidate=2026-04-27-pv13-remaining-batch-01:pv13_ustomergraphrank_auth_rank:3:120:Market score=0.712 match_level=structural
2026-04-27 22:44:34,038 | WARNING | similarity warning candidate=2026-04-27-pv13-remaining-batch-01:pv13_ustomergraphrank_auth_rank:4:20:None score=0.797 match_level=structural
2026-04-27 22:44:34,189 | WARNING | similarity warning candidate=2026-04-27-pv13-remaining-batch-01:pv13_ustomergraphrank_auth_rank:4:20:Market score=0.797 match_level=structural
2026-04-27 22:44:34,339 | WARNING | similarity warning candidate=2026-04-27-pv13-remaining-batch-01:pv13_ustomergraphrank_auth_rank:4:60:None score=0.789 match_level=structural
2026-04-27 22:44:34,489 | WARNING | similarity warning candidate=2026-04-27-pv13-remaining-batch-01:pv13_ustomergraphrank_auth_rank:4:60:Market score=0.789 match_level=structural
2026-04-27 22:44:34,642 | WARNING | similarity warning candidate=2026-04-27-pv13-remaining-batch-01:pv13_ustomergraphrank_auth_rank:4:120:None score=0.802 match_level=structural
2026-04-27 22:44:34,795 | WARNING | similarity warning candidate=2026-04-27-pv13-remaining-batch-01:pv13_ustomergraphrank_auth_rank:4:120:Market score=0.802 match_level=structural
2026-04-27 22:44:34,911 | WARNING | similarity warning candidate=2026-04-27-pv13-remaining-batch-01:pv13_ustomergraphrank_hub_rank:1:20:None score=0.995 match_level=structural
2026-04-27 22:44:35,028 | WARNING | similarity warning candidate=2026-04-27-pv13-remaining-batch-01:pv13_ustomergraphrank_hub_rank:1:20:Market score=0.995 match_level=structural
2026-04-27 22:44:35,144 | WARNING | similarity warning candidate=2026-04-27-pv13-remaining-batch-01:pv13_ustomergraphrank_hub_rank:1:60:None score=0.986 match_level=structural
2026-04-27 22:44:35,261 | WARNING | similarity warning candidate=2026-04-27-pv13-remaining-batch-01:pv13_ustomergraphrank_hub_rank:1:60:Market score=0.986 match_level=structural
2026-04-27 22:44:35,261 | INFO | duplicate skipped candidate=2026-04-27-pv13-remaining-batch-01:pv13_ustomergraphrank_hub_rank:1:120:None match_level=exact score=1.000
2026-04-27 22:44:35,261 | INFO | duplicate skipped candidate=2026-04-27-pv13-remaining-batch-01:pv13_ustomergraphrank_hub_rank:1:120:Market match_level=exact score=1.000
2026-04-27 22:44:35,382 | WARNING | similarity warning candidate=2026-04-27-pv13-remaining-batch-01:pv13_ustomergraphrank_hub_rank:2:20:None score=0.764 match_level=structural
2026-04-27 22:44:35,503 | WARNING | similarity warning candidate=2026-04-27-pv13-remaining-batch-01:pv13_ustomergraphrank_hub_rank:2:20:Market score=0.764 match_level=structural
2026-04-27 22:44:35,625 | WARNING | similarity warning candidate=2026-04-27-pv13-remaining-batch-01:pv13_ustomergraphrank_hub_rank:2:60:None score=0.756 match_level=structural
2026-04-27 22:44:35,747 | WARNING | similarity warning candidate=2026-04-27-pv13-remaining-batch-01:pv13_ustomergraphrank_hub_rank:2:60:Market score=0.756 match_level=structural
2026-04-27 22:44:35,872 | WARNING | similarity warning candidate=2026-04-27-pv13-remaining-batch-01:pv13_ustomergraphrank_hub_rank:2:120:None score=0.769 match_level=structural
2026-04-27 22:44:35,997 | WARNING | similarity warning candidate=2026-04-27-pv13-remaining-batch-01:pv13_ustomergraphrank_hub_rank:2:120:Market score=0.769 match_level=structural
2026-04-27 22:44:36,114 | WARNING | similarity warning candidate=2026-04-27-pv13-remaining-batch-01:pv13_ustomergraphrank_hub_rank:3:20:None score=0.706 match_level=structural
2026-04-27 22:44:36,230 | WARNING | similarity warning candidate=2026-04-27-pv13-remaining-batch-01:pv13_ustomergraphrank_hub_rank:3:20:Market score=0.706 match_level=structural
2026-04-27 22:44:36,582 | WARNING | similarity warning candidate=2026-04-27-pv13-remaining-batch-01:pv13_ustomergraphrank_hub_rank:3:120:None score=0.711 match_level=structural
2026-04-27 22:44:36,701 | WARNING | similarity warning candidate=2026-04-27-pv13-remaining-batch-01:pv13_ustomergraphrank_hub_rank:3:120:Market score=0.711 match_level=structural
2026-04-27 22:44:36,850 | WARNING | similarity warning candidate=2026-04-27-pv13-remaining-batch-01:pv13_ustomergraphrank_hub_rank:4:20:None score=0.796 match_level=structural
2026-04-27 22:44:36,998 | WARNING | similarity warning candidate=2026-04-27-pv13-remaining-batch-01:pv13_ustomergraphrank_hub_rank:4:20:Market score=0.796 match_level=structural
2026-04-27 22:44:37,145 | WARNING | similarity warning candidate=2026-04-27-pv13-remaining-batch-01:pv13_ustomergraphrank_hub_rank:4:60:None score=0.788 match_level=structural
2026-04-27 22:44:37,293 | WARNING | similarity warning candidate=2026-04-27-pv13-remaining-batch-01:pv13_ustomergraphrank_hub_rank:4:60:Market score=0.788 match_level=structural
2026-04-27 22:44:37,453 | WARNING | similarity warning candidate=2026-04-27-pv13-remaining-batch-01:pv13_ustomergraphrank_hub_rank:4:120:None score=0.801 match_level=structural
2026-04-27 22:44:37,609 | WARNING | similarity warning candidate=2026-04-27-pv13-remaining-batch-01:pv13_ustomergraphrank_hub_rank:4:120:Market score=0.801 match_level=structural
2026-04-27 22:44:37,609 | INFO | duplicate skipped candidate=2026-04-27-pv13-remaining-batch-01:pv13_ompetitorgraphrank_hub_rank:1:20:None match_level=exact score=1.000
2026-04-27 22:44:37,609 | INFO | duplicate skipped candidate=2026-04-27-pv13-remaining-batch-01:pv13_ompetitorgraphrank_hub_rank:1:20:Market match_level=exact score=1.000
2026-04-27 22:44:37,732 | WARNING | similarity warning candidate=2026-04-27-pv13-remaining-batch-01:pv13_ompetitorgraphrank_hub_rank:1:60:None score=0.991 match_level=structural
2026-04-27 22:44:37,856 | WARNING | similarity warning candidate=2026-04-27-pv13-remaining-batch-01:pv13_ompetitorgraphrank_hub_rank:1:60:Market score=0.991 match_level=structural
2026-04-27 22:44:37,856 | INFO | duplicate skipped candidate=2026-04-27-pv13-remaining-batch-01:pv13_ompetitorgraphrank_hub_rank:1:120:None match_level=exact score=1.000
2026-04-27 22:44:37,856 | INFO | duplicate skipped candidate=2026-04-27-pv13-remaining-batch-01:pv13_ompetitorgraphrank_hub_rank:1:120:Market match_level=exact score=1.000
2026-04-27 22:44:37,985 | WARNING | similarity warning candidate=2026-04-27-pv13-remaining-batch-01:pv13_ompetitorgraphrank_hub_rank:2:20:None score=0.730 match_level=structural
2026-04-27 22:44:38,112 | WARNING | similarity warning candidate=2026-04-27-pv13-remaining-batch-01:pv13_ompetitorgraphrank_hub_rank:2:20:Market score=0.730 match_level=structural
2026-04-27 22:44:38,242 | WARNING | similarity warning candidate=2026-04-27-pv13-remaining-batch-01:pv13_ompetitorgraphrank_hub_rank:2:60:None score=0.722 match_level=structural
2026-04-27 22:44:38,371 | WARNING | similarity warning candidate=2026-04-27-pv13-remaining-batch-01:pv13_ompetitorgraphrank_hub_rank:2:60:Market score=0.722 match_level=structural
2026-04-27 22:44:38,501 | WARNING | similarity warning candidate=2026-04-27-pv13-remaining-batch-01:pv13_ompetitorgraphrank_hub_rank:2:120:None score=0.735 match_level=structural
2026-04-27 22:44:38,632 | WARNING | similarity warning candidate=2026-04-27-pv13-remaining-batch-01:pv13_ompetitorgraphrank_hub_rank:2:120:Market score=0.735 match_level=structural
2026-04-27 22:44:38,754 | WARNING | similarity warning candidate=2026-04-27-pv13-remaining-batch-01:pv13_ompetitorgraphrank_hub_rank:3:20:None score=0.712 match_level=structural
2026-04-27 22:44:38,877 | WARNING | similarity warning candidate=2026-04-27-pv13-remaining-batch-01:pv13_ompetitorgraphrank_hub_rank:3:20:Market score=0.712 match_level=structural
2026-04-27 22:44:39,001 | WARNING | similarity warning candidate=2026-04-27-pv13-remaining-batch-01:pv13_ompetitorgraphrank_hub_rank:3:60:None score=0.703 match_level=structural
2026-04-27 22:44:39,124 | WARNING | similarity warning candidate=2026-04-27-pv13-remaining-batch-01:pv13_ompetitorgraphrank_hub_rank:3:60:Market score=0.703 match_level=structural
2026-04-27 22:44:39,250 | WARNING | similarity warning candidate=2026-04-27-pv13-remaining-batch-01:pv13_ompetitorgraphrank_hub_rank:3:120:None score=0.712 match_level=structural
2026-04-27 22:44:39,375 | WARNING | similarity warning candidate=2026-04-27-pv13-remaining-batch-01:pv13_ompetitorgraphrank_hub_rank:3:120:Market score=0.712 match_level=structural
2026-04-27 22:44:39,530 | WARNING | similarity warning candidate=2026-04-27-pv13-remaining-batch-01:pv13_ompetitorgraphrank_hub_rank:4:20:None score=0.802 match_level=structural
2026-04-27 22:44:39,685 | WARNING | similarity warning candidate=2026-04-27-pv13-remaining-batch-01:pv13_ompetitorgraphrank_hub_rank:4:20:Market score=0.802 match_level=structural
2026-04-27 22:44:39,840 | WARNING | similarity warning candidate=2026-04-27-pv13-remaining-batch-01:pv13_ompetitorgraphrank_hub_rank:4:60:None score=0.794 match_level=structural
2026-04-27 22:44:39,994 | WARNING | similarity warning candidate=2026-04-27-pv13-remaining-batch-01:pv13_ompetitorgraphrank_hub_rank:4:60:Market score=0.794 match_level=structural
2026-04-27 22:44:40,153 | WARNING | similarity warning candidate=2026-04-27-pv13-remaining-batch-01:pv13_ompetitorgraphrank_hub_rank:4:120:None score=0.803 match_level=structural
2026-04-27 22:44:40,310 | WARNING | similarity warning candidate=2026-04-27-pv13-remaining-batch-01:pv13_ompetitorgraphrank_hub_rank:4:120:Market score=0.803 match_level=structural
2026-04-27 22:44:40,383 | WARNING | similarity warning candidate=2026-04-27-pv13-remaining-batch-01:rel_num_comp:1:20:None score=0.992 match_level=structural
2026-04-27 22:44:40,455 | WARNING | similarity warning candidate=2026-04-27-pv13-remaining-batch-01:rel_num_comp:1:20:Market score=0.992 match_level=structural
2026-04-27 22:44:40,528 | WARNING | similarity warning candidate=2026-04-27-pv13-remaining-batch-01:rel_num_comp:1:60:None score=0.976 match_level=structural
2026-04-27 22:44:40,601 | WARNING | similarity warning candidate=2026-04-27-pv13-remaining-batch-01:rel_num_comp:1:60:Market score=0.976 match_level=structural
2026-04-27 22:44:40,601 | INFO | duplicate skipped candidate=2026-04-27-pv13-remaining-batch-01:rel_num_comp:1:120:None match_level=exact score=1.000
2026-04-27 22:44:40,601 | INFO | duplicate skipped candidate=2026-04-27-pv13-remaining-batch-01:rel_num_comp:1:120:Market match_level=exact score=1.000
2026-04-27 22:44:41,617 | WARNING | similarity warning candidate=2026-04-27-pv13-remaining-batch-01:rel_num_comp:4:20:None score=0.765 match_level=structural
2026-04-27 22:44:41,722 | WARNING | similarity warning candidate=2026-04-27-pv13-remaining-batch-01:rel_num_comp:4:20:Market score=0.765 match_level=structural
2026-04-27 22:44:41,828 | WARNING | similarity warning candidate=2026-04-27-pv13-remaining-batch-01:rel_num_comp:4:60:None score=0.752 match_level=structural
2026-04-27 22:44:41,934 | WARNING | similarity warning candidate=2026-04-27-pv13-remaining-batch-01:rel_num_comp:4:60:Market score=0.752 match_level=structural
2026-04-27 22:44:42,041 | WARNING | similarity warning candidate=2026-04-27-pv13-remaining-batch-01:rel_num_comp:4:120:None score=0.773 match_level=structural
2026-04-27 22:44:42,147 | WARNING | similarity warning candidate=2026-04-27-pv13-remaining-batch-01:rel_num_comp:4:120:Market score=0.773 match_level=structural
2026-04-27 22:44:42,147 | INFO | duplicate skipped candidate=2026-04-27-pv13-remaining-batch-01:pv13_com_rk_au:1:20:None match_level=exact score=1.000
2026-04-27 22:44:42,147 | INFO | duplicate skipped candidate=2026-04-27-pv13-remaining-batch-01:pv13_com_rk_au:1:20:Market match_level=exact score=1.000
2026-04-27 22:44:42,225 | WARNING | similarity warning candidate=2026-04-27-pv13-remaining-batch-01:pv13_com_rk_au:1:60:None score=0.985 match_level=structural
2026-04-27 22:44:42,303 | WARNING | similarity warning candidate=2026-04-27-pv13-remaining-batch-01:pv13_com_rk_au:1:60:Market score=0.985 match_level=structural
2026-04-27 22:44:42,303 | INFO | duplicate skipped candidate=2026-04-27-pv13-remaining-batch-01:pv13_com_rk_au:1:120:None match_level=exact score=1.000
2026-04-27 22:44:42,303 | INFO | duplicate skipped candidate=2026-04-27-pv13-remaining-batch-01:pv13_com_rk_au:1:120:Market match_level=exact score=1.000
2026-04-27 22:44:42,386 | WARNING | similarity warning candidate=2026-04-27-pv13-remaining-batch-01:pv13_com_rk_au:2:20:None score=0.728 match_level=structural
2026-04-27 22:44:42,469 | WARNING | similarity warning candidate=2026-04-27-pv13-remaining-batch-01:pv13_com_rk_au:2:20:Market score=0.728 match_level=structural
2026-04-27 22:44:42,552 | WARNING | similarity warning candidate=2026-04-27-pv13-remaining-batch-01:pv13_com_rk_au:2:60:None score=0.715 match_level=structural
2026-04-27 22:44:42,635 | WARNING | similarity warning candidate=2026-04-27-pv13-remaining-batch-01:pv13_com_rk_au:2:60:Market score=0.715 match_level=structural
2026-04-27 22:44:42,721 | WARNING | similarity warning candidate=2026-04-27-pv13-remaining-batch-01:pv13_com_rk_au:2:120:None score=0.735 match_level=structural
2026-04-27 22:44:42,807 | WARNING | similarity warning candidate=2026-04-27-pv13-remaining-batch-01:pv13_com_rk_au:2:120:Market score=0.735 match_level=structural
2026-04-27 22:44:43,198 | WARNING | similarity warning candidate=2026-04-27-pv13-remaining-batch-01:pv13_com_rk_au:3:120:None score=0.700 match_level=structural
2026-04-27 22:44:43,278 | WARNING | similarity warning candidate=2026-04-27-pv13-remaining-batch-01:pv13_com_rk_au:3:120:Market score=0.700 match_level=structural
2026-04-27 22:44:43,389 | WARNING | similarity warning candidate=2026-04-27-pv13-remaining-batch-01:pv13_com_rk_au:4:20:None score=0.775 match_level=structural
2026-04-27 22:44:43,498 | WARNING | similarity warning candidate=2026-04-27-pv13-remaining-batch-01:pv13_com_rk_au:4:20:Market score=0.775 match_level=structural
2026-04-27 22:44:43,608 | WARNING | similarity warning candidate=2026-04-27-pv13-remaining-batch-01:pv13_com_rk_au:4:60:None score=0.762 match_level=structural
2026-04-27 22:44:43,719 | WARNING | similarity warning candidate=2026-04-27-pv13-remaining-batch-01:pv13_com_rk_au:4:60:Market score=0.762 match_level=structural
2026-04-27 22:44:43,831 | WARNING | similarity warning candidate=2026-04-27-pv13-remaining-batch-01:pv13_com_rk_au:4:120:None score=0.777 match_level=structural
2026-04-27 22:44:43,943 | WARNING | similarity warning candidate=2026-04-27-pv13-remaining-batch-01:pv13_com_rk_au:4:120:Market score=0.777 match_level=structural
2026-04-27 22:44:44,016 | WARNING | similarity warning candidate=2026-04-27-pv13-remaining-batch-01:rel_num_cust:1:20:None score=0.743 match_level=structural
2026-04-27 22:44:44,088 | WARNING | similarity warning candidate=2026-04-27-pv13-remaining-batch-01:rel_num_cust:1:20:Market score=0.743 match_level=structural
2026-04-27 22:44:44,160 | WARNING | similarity warning candidate=2026-04-27-pv13-remaining-batch-01:rel_num_cust:1:60:None score=0.727 match_level=structural
2026-04-27 22:44:44,233 | WARNING | similarity warning candidate=2026-04-27-pv13-remaining-batch-01:rel_num_cust:1:60:Market score=0.727 match_level=structural
2026-04-27 22:44:44,308 | WARNING | similarity warning candidate=2026-04-27-pv13-remaining-batch-01:rel_num_cust:1:120:None score=0.752 match_level=structural
2026-04-27 22:44:44,384 | WARNING | similarity warning candidate=2026-04-27-pv13-remaining-batch-01:rel_num_cust:1:120:Market score=0.752 match_level=structural
2026-04-27 22:44:46,303 | WARNING | similarity warning candidate=2026-04-27-pv13-remaining-batch-01:rel_ret_part:1:120:None score=0.704 match_level=structural
2026-04-27 22:44:46,379 | WARNING | similarity warning candidate=2026-04-27-pv13-remaining-batch-01:rel_ret_part:1:120:Market score=0.704 match_level=structural
2026-04-27 22:44:48,041 | WARNING | similarity warning candidate=2026-04-27-pv13-remaining-batch-01:pv13_revere_key_sector_total:1:20:None score=0.995 match_level=structural
2026-04-27 22:44:48,155 | WARNING | similarity warning candidate=2026-04-27-pv13-remaining-batch-01:pv13_revere_key_sector_total:1:20:Market score=0.995 match_level=structural
2026-04-27 22:44:48,155 | INFO | duplicate skipped candidate=2026-04-27-pv13-remaining-batch-01:pv13_revere_key_sector_total:1:60:None match_level=exact score=1.000
2026-04-27 22:44:48,155 | INFO | duplicate skipped candidate=2026-04-27-pv13-remaining-batch-01:pv13_revere_key_sector_total:1:60:Market match_level=exact score=1.000
2026-04-27 22:44:48,155 | INFO | duplicate skipped candidate=2026-04-27-pv13-remaining-batch-01:pv13_revere_key_sector_total:1:120:None match_level=exact score=1.000
2026-04-27 22:44:48,155 | INFO | duplicate skipped candidate=2026-04-27-pv13-remaining-batch-01:pv13_revere_key_sector_total:1:120:Market match_level=exact score=1.000
2026-04-27 22:44:48,984 | WARNING | similarity warning candidate=2026-04-27-pv13-remaining-batch-01:pv13_revere_key_sector_total:3:20:None score=0.754 match_level=structural
2026-04-27 22:44:49,097 | WARNING | similarity warning candidate=2026-04-27-pv13-remaining-batch-01:pv13_revere_key_sector_total:3:20:Market score=0.754 match_level=structural
2026-04-27 22:44:49,210 | WARNING | similarity warning candidate=2026-04-27-pv13-remaining-batch-01:pv13_revere_key_sector_total:3:60:None score=0.763 match_level=structural
2026-04-27 22:44:49,323 | WARNING | similarity warning candidate=2026-04-27-pv13-remaining-batch-01:pv13_revere_key_sector_total:3:60:Market score=0.763 match_level=structural
2026-04-27 22:44:49,439 | WARNING | similarity warning candidate=2026-04-27-pv13-remaining-batch-01:pv13_revere_key_sector_total:3:120:None score=0.750 match_level=structural
2026-04-27 22:44:49,555 | WARNING | similarity warning candidate=2026-04-27-pv13-remaining-batch-01:pv13_revere_key_sector_total:3:120:Market score=0.750 match_level=structural
2026-04-27 22:44:49,700 | WARNING | similarity warning candidate=2026-04-27-pv13-remaining-batch-01:pv13_revere_key_sector_total:4:20:None score=0.992 match_level=structural
2026-04-27 22:44:49,846 | WARNING | similarity warning candidate=2026-04-27-pv13-remaining-batch-01:pv13_revere_key_sector_total:4:20:Market score=0.992 match_level=structural
2026-04-27 22:44:49,847 | INFO | duplicate skipped candidate=2026-04-27-pv13-remaining-batch-01:pv13_revere_key_sector_total:4:60:None match_level=exact score=1.000
2026-04-27 22:44:49,847 | INFO | duplicate skipped candidate=2026-04-27-pv13-remaining-batch-01:pv13_revere_key_sector_total:4:60:Market match_level=exact score=1.000
2026-04-27 22:44:49,994 | WARNING | similarity warning candidate=2026-04-27-pv13-remaining-batch-01:pv13_revere_key_sector_total:4:120:None score=0.989 match_level=structural
2026-04-27 22:44:50,141 | WARNING | similarity warning candidate=2026-04-27-pv13-remaining-batch-01:pv13_revere_key_sector_total:4:120:Market score=0.989 match_level=structural
2026-04-27 22:44:50,214 | WARNING | similarity warning candidate=2026-04-27-pv13-remaining-batch-01:rel_num_part:1:20:None score=0.743 match_level=structural
2026-04-27 22:44:50,286 | WARNING | similarity warning candidate=2026-04-27-pv13-remaining-batch-01:rel_num_part:1:20:Market score=0.743 match_level=structural
2026-04-27 22:44:50,359 | WARNING | similarity warning candidate=2026-04-27-pv13-remaining-batch-01:rel_num_part:1:60:None score=0.727 match_level=structural
2026-04-27 22:44:50,431 | WARNING | similarity warning candidate=2026-04-27-pv13-remaining-batch-01:rel_num_part:1:60:Market score=0.727 match_level=structural
2026-04-27 22:44:50,506 | WARNING | similarity warning candidate=2026-04-27-pv13-remaining-batch-01:rel_num_part:1:120:None score=0.752 match_level=structural
2026-04-27 22:44:50,581 | WARNING | similarity warning candidate=2026-04-27-pv13-remaining-batch-01:rel_num_part:1:120:Market score=0.752 match_level=structural
2026-04-27 22:44:52,135 | INFO | duplicate skipped candidate=2026-04-27-pv13-remaining-batch-01:pv13_revere_index_value:1:20:None match_level=exact score=1.000
2026-04-27 22:44:52,135 | INFO | duplicate skipped candidate=2026-04-27-pv13-remaining-batch-01:pv13_revere_index_value:1:20:Market match_level=exact score=1.000
2026-04-27 22:44:52,135 | INFO | duplicate skipped candidate=2026-04-27-pv13-remaining-batch-01:pv13_revere_index_value:1:60:None match_level=exact score=1.000
2026-04-27 22:44:52,135 | INFO | duplicate skipped candidate=2026-04-27-pv13-remaining-batch-01:pv13_revere_index_value:1:60:Market match_level=exact score=1.000
2026-04-27 22:44:52,136 | INFO | duplicate skipped candidate=2026-04-27-pv13-remaining-batch-01:pv13_revere_index_value:1:120:None match_level=exact score=1.000
2026-04-27 22:44:52,136 | INFO | duplicate skipped candidate=2026-04-27-pv13-remaining-batch-01:pv13_revere_index_value:1:120:Market match_level=exact score=1.000
2026-04-27 22:44:52,877 | WARNING | similarity warning candidate=2026-04-27-pv13-remaining-batch-01:pv13_revere_index_value:3:20:None score=0.747 match_level=structural
2026-04-27 22:44:52,979 | WARNING | similarity warning candidate=2026-04-27-pv13-remaining-batch-01:pv13_revere_index_value:3:20:Market score=0.747 match_level=structural
2026-04-27 22:44:53,080 | WARNING | similarity warning candidate=2026-04-27-pv13-remaining-batch-01:pv13_revere_index_value:3:60:None score=0.756 match_level=structural
2026-04-27 22:44:53,182 | WARNING | similarity warning candidate=2026-04-27-pv13-remaining-batch-01:pv13_revere_index_value:3:60:Market score=0.756 match_level=structural
2026-04-27 22:44:53,286 | WARNING | similarity warning candidate=2026-04-27-pv13-remaining-batch-01:pv13_revere_index_value:3:120:None score=0.743 match_level=structural
2026-04-27 22:44:53,389 | WARNING | similarity warning candidate=2026-04-27-pv13-remaining-batch-01:pv13_revere_index_value:3:120:Market score=0.743 match_level=structural
2026-04-27 22:44:53,521 | WARNING | similarity warning candidate=2026-04-27-pv13-remaining-batch-01:pv13_revere_index_value:4:20:None score=0.991 match_level=structural
2026-04-27 22:44:53,654 | WARNING | similarity warning candidate=2026-04-27-pv13-remaining-batch-01:pv13_revere_index_value:4:20:Market score=0.991 match_level=structural
2026-04-27 22:44:53,654 | INFO | duplicate skipped candidate=2026-04-27-pv13-remaining-batch-01:pv13_revere_index_value:4:60:None match_level=exact score=1.000
2026-04-27 22:44:53,654 | INFO | duplicate skipped candidate=2026-04-27-pv13-remaining-batch-01:pv13_revere_index_value:4:60:Market match_level=exact score=1.000
2026-04-27 22:44:53,789 | WARNING | similarity warning candidate=2026-04-27-pv13-remaining-batch-01:pv13_revere_index_value:4:120:None score=0.987 match_level=structural
2026-04-27 22:44:53,924 | WARNING | similarity warning candidate=2026-04-27-pv13-remaining-batch-01:pv13_revere_index_value:4:120:Market score=0.987 match_level=structural
2026-04-27 22:44:53,924 | INFO | dedupe summary total=240 duplicates=28 warnings=122 remaining=212
2026-04-27 22:44:53,927 | INFO | live mode start
2026-04-27 22:44:53,927 | INFO | planned_candidates=50
2026-04-27 22:44:53,927 | INFO | project_root=/Users/zpdedn/Documents/project/Worldquantbrain
2026-04-27 22:44:53,927 | INFO | fields_file=/Users/zpdedn/Documents/project/Worldquantbrain/runs/research-contracts/2026-04-27-pv13-remaining-field_candidates.json
2026-04-27 22:44:53,928 | INFO | ledger_path=/Users/zpdedn/Documents/project/Worldquantbrain/runs/evidence/result_ledger.db
2026-04-27 22:44:53,928 | INFO | progress_path=/Users/zpdedn/Documents/project/Worldquantbrain/runs/evidence/batch_progress.json
2026-04-27 22:44:53,928 | INFO | run_mode=live test_mode=False
2026-04-27 22:44:53,928 | INFO | api_base_url=https://api.worldquantbrain.com
2026-04-27 22:44:53,928 | INFO | auth_mode=basic
2026-04-27 22:44:53,928 | INFO | missing_config=none
2026-04-27 22:44:53,928 | INFO | daily_count=16 warn_at=3800 limit=4000
2026-04-27 22:44:53,928 | INFO | resuming_pending=2
2026-04-27 22:47:06,256 | WARNING | poll transient network error alpha_id=https://api.worldquantbrain.com/simulations/30xJtfbEZ4We9RacbQWnqun attempt=5 error=('Connection aborted.', RemoteDisconnected('Remote end closed connection without response'))
2026-04-27 22:51:15,809 | WARNING | poll transient network error alpha_id=https://api.worldquantbrain.com/simulations/30xJtfbEZ4We9RacbQWnqun attempt=13 error=('Connection aborted.', RemoteDisconnected('Remote end closed connection without response'))
2026-04-27 22:53:19,639 | WARNING | poll transient network error alpha_id=https://api.worldquantbrain.com/simulations/30xJtfbEZ4We9RacbQWnqun attempt=17 error=('Connection aborted.', RemoteDisconnected('Remote end closed connection without response'))
2026-04-27 22:54:54,605 | INFO | ledger already contains alpha_id=9qaZRZLd, skipping duplicate insert
2026-04-27 22:55:56,480 | WARNING | poll transient network error alpha_id=https://api.worldquantbrain.com/simulations/353yjD5kW4nZ9aR1bsXvbS5A attempt=3 error=('Connection aborted.', RemoteDisconnected('Remote end closed connection without response'))
2026-04-27 22:57:29,385 | WARNING | poll transient network error alpha_id=https://api.worldquantbrain.com/simulations/353yjD5kW4nZ9aR1bsXvbS5A attempt=6 error=('Connection aborted.', RemoteDisconnected('Remote end closed connection without response'))
2026-04-27 22:59:33,553 | WARNING | poll transient network error alpha_id=https://api.worldquantbrain.com/simulations/353yjD5kW4nZ9aR1bsXvbS5A attempt=10 error=('Connection aborted.', RemoteDisconnected('Remote end closed connection without response'))
2026-04-27 23:04:46,552 | INFO | ledger already contains alpha_id=3qaQ7mGN, skipping duplicate insert
2026-04-27 23:04:46,869 | INFO | progress saved path=/Users/zpdedn/Documents/project/Worldquantbrain/runs/evidence/batch_progress.json records=17
2026-04-27 23:07:06,435 | INFO | ledger insert complete row_id=279 alpha_id=vRewvXpa
2026-04-27 23:07:06,442 | INFO | progress saved path=/Users/zpdedn/Documents/project/Worldquantbrain/runs/evidence/batch_progress.json records=17
2026-04-27 23:07:06,443 | INFO | candidate completed candidate=2026-04-27-pv13-remaining-batch-01:pv13_revere_index_value:2:120:Market alpha_id=vRewvXpa status=COMPLETE
2026-04-27 23:07:06,444 | INFO | skip completed candidate=2026-04-27-pv13-remaining-batch-01:pv13_revere_key_sector_total:1:20:Market
2026-04-27 23:07:07,175 | INFO | progress saved path=/Users/zpdedn/Documents/project/Worldquantbrain/runs/evidence/batch_progress.json records=18
2026-04-27 23:09:25,487 | WARNING | poll timed out alpha_id=https://api.worldquantbrain.com/simulations/3x71pn30F5amaZ0f4v7u6W7 after 20 retries
2026-04-27 23:09:25,488 | WARNING | poll timeout or pending result candidate=2026-04-27-pv13-remaining-batch-01:pv13_ompetitorgraphrank_hub_rank:1:60:Market submission=https://api.worldquantbrain.com/simulations/3x71pn30F5amaZ0f4v7u6W7
2026-04-27 23:09:25,494 | INFO | progress saved path=/Users/zpdedn/Documents/project/Worldquantbrain/runs/evidence/batch_progress.json records=18
2026-04-27 23:09:25,939 | INFO | progress saved path=/Users/zpdedn/Documents/project/Worldquantbrain/runs/evidence/batch_progress.json records=19
2026-04-27 23:11:52,224 | WARNING | poll transient network error alpha_id=https://api.worldquantbrain.com/simulations/3ku3uy4AT4DkanxtFxbab9h attempt=13 error=('Connection aborted.', RemoteDisconnected('Remote end closed connection without response'))
2026-04-27 23:12:53,972 | WARNING | poll transient network error alpha_id=https://api.worldquantbrain.com/simulations/3ku3uy4AT4DkanxtFxbab9h attempt=15 error=('Connection aborted.', RemoteDisconnected('Remote end closed connection without response'))
2026-04-27 23:13:55,381 | WARNING | poll transient network error alpha_id=https://api.worldquantbrain.com/simulations/3ku3uy4AT4DkanxtFxbab9h attempt=17 error=('Connection aborted.', RemoteDisconnected('Remote end closed connection without response'))
2026-04-27 23:14:56,731 | WARNING | poll transient network error alpha_id=https://api.worldquantbrain.com/simulations/3ku3uy4AT4DkanxtFxbab9h attempt=19 error=('Connection aborted.', RemoteDisconnected('Remote end closed connection without response'))
2026-04-27 23:15:28,542 | INFO | ledger insert complete row_id=280 alpha_id=E5gOGoG0
2026-04-27 23:15:28,552 | INFO | progress saved path=/Users/zpdedn/Documents/project/Worldquantbrain/runs/evidence/batch_progress.json records=19
2026-04-27 23:15:28,552 | INFO | candidate completed candidate=2026-04-27-pv13-remaining-batch-01:pv13_com_rk_au:1:60:Market alpha_id=E5gOGoG0 status=COMPLETE
2026-04-27 23:15:28,990 | INFO | progress saved path=/Users/zpdedn/Documents/project/Worldquantbrain/runs/evidence/batch_progress.json records=20
2026-04-27 23:17:48,130 | WARNING | poll timed out alpha_id=https://api.worldquantbrain.com/simulations/2Ngkjk60x4YabYPCZr1jaG0 after 20 retries
2026-04-27 23:17:48,132 | WARNING | poll timeout or pending result candidate=2026-04-27-pv13-remaining-batch-01:rel_num_comp:1:20:Market submission=https://api.worldquantbrain.com/simulations/2Ngkjk60x4YabYPCZr1jaG0
2026-04-27 23:17:48,140 | INFO | progress saved path=/Users/zpdedn/Documents/project/Worldquantbrain/runs/evidence/batch_progress.json records=20
2026-04-27 23:17:50,288 | INFO | progress saved path=/Users/zpdedn/Documents/project/Worldquantbrain/runs/evidence/batch_progress.json records=21
2026-04-27 23:20:10,081 | WARNING | poll timed out alpha_id=https://api.worldquantbrain.com/simulations/aMhiN3U05cyaBpXEIxSUR7 after 20 retries
2026-04-27 23:20:10,084 | WARNING | poll timeout or pending result candidate=2026-04-27-pv13-remaining-batch-01:pv13_ustomergraphrank_auth_rank:1:20:Market submission=https://api.worldquantbrain.com/simulations/aMhiN3U05cyaBpXEIxSUR7
2026-04-27 23:20:10,098 | INFO | progress saved path=/Users/zpdedn/Documents/project/Worldquantbrain/runs/evidence/batch_progress.json records=21
2026-04-27 23:20:10,581 | INFO | progress saved path=/Users/zpdedn/Documents/project/Worldquantbrain/runs/evidence/batch_progress.json records=22
2026-04-27 23:22:54,458 | WARNING | poll transient network error alpha_id=https://api.worldquantbrain.com/simulations/N0V2Pat74mv9HT1fQN00Qrg attempt=16 error=('Connection aborted.', RemoteDisconnected('Remote end closed connection without response'))
2026-04-27 23:24:27,290 | WARNING | poll transient network error alpha_id=https://api.worldquantbrain.com/simulations/N0V2Pat74mv9HT1fQN00Qrg attempt=19 error=('Connection aborted.', RemoteDisconnected('Remote end closed connection without response'))
2026-04-27 23:24:59,251 | INFO | ledger insert complete row_id=281 alpha_id=bloGj7Xm
2026-04-27 23:24:59,258 | INFO | progress saved path=/Users/zpdedn/Documents/project/Worldquantbrain/runs/evidence/batch_progress.json records=22
2026-04-27 23:24:59,258 | INFO | candidate completed candidate=2026-04-27-pv13-remaining-batch-01:pv13_ustomergraphrank_hub_rank:1:20:Market alpha_id=bloGj7Xm status=COMPLETE
2026-04-27 23:24:59,258 | INFO | skip completed candidate=2026-04-27-pv13-remaining-batch-01:rel_num_part:1:120:Market
2026-04-27 23:24:59,852 | INFO | progress saved path=/Users/zpdedn/Documents/project/Worldquantbrain/runs/evidence/batch_progress.json records=23
2026-04-27 23:27:40,102 | INFO | ledger insert complete row_id=282 alpha_id=d5Ekj9pw
2026-04-27 23:27:40,107 | INFO | progress saved path=/Users/zpdedn/Documents/project/Worldquantbrain/runs/evidence/batch_progress.json records=23
2026-04-27 23:27:40,107 | INFO | candidate completed candidate=2026-04-27-pv13-remaining-batch-01:rel_ret_part:1:120:Market alpha_id=d5Ekj9pw status=COMPLETE
2026-04-27 23:27:40,463 | INFO | progress saved path=/Users/zpdedn/Documents/project/Worldquantbrain/runs/evidence/batch_progress.json records=24
2026-04-27 23:30:00,565 | WARNING | poll timed out alpha_id=https://api.worldquantbrain.com/simulations/1mOgOE7t14Aa9LX13L7f88xi after 20 retries
2026-04-27 23:30:00,567 | WARNING | poll timeout or pending result candidate=2026-04-27-pv13-remaining-batch-01:rel_num_cust:1:120:Market submission=https://api.worldquantbrain.com/simulations/1mOgOE7t14Aa9LX13L7f88xi
2026-04-27 23:30:00,572 | INFO | progress saved path=/Users/zpdedn/Documents/project/Worldquantbrain/runs/evidence/batch_progress.json records=24
2026-04-27 23:30:01,022 | INFO | progress saved path=/Users/zpdedn/Documents/project/Worldquantbrain/runs/evidence/batch_progress.json records=25
2026-04-27 23:35:17,185 | WARNING | poll transient network error alpha_id=https://api.worldquantbrain.com/simulations/1sNCU85Hs4gU9pl19Lg0r7tL attempt=20 error=('Connection aborted.', RemoteDisconnected('Remote end closed connection without response'))
2026-04-27 23:35:17,188 | WARNING | poll exhausted network retries alpha_id=https://api.worldquantbrain.com/simulations/1sNCU85Hs4gU9pl19Lg0r7tL
2026-04-27 23:35:17,188 | WARNING | poll timeout or pending result candidate=2026-04-27-pv13-remaining-batch-01:pv13_revere_index_value:2:120:None submission=https://api.worldquantbrain.com/simulations/1sNCU85Hs4gU9pl19Lg0r7tL
2026-04-27 23:35:17,199 | INFO | progress saved path=/Users/zpdedn/Documents/project/Worldquantbrain/runs/evidence/batch_progress.json records=25
2026-04-27 23:35:19,068 | INFO | progress saved path=/Users/zpdedn/Documents/project/Worldquantbrain/runs/evidence/batch_progress.json records=26
2026-04-27 23:37:39,325 | WARNING | poll timed out alpha_id=https://api.worldquantbrain.com/simulations/3fMY6fe1V4lC9UgXhDsl63b after 20 retries
2026-04-27 23:37:39,329 | WARNING | poll timeout or pending result candidate=2026-04-27-pv13-remaining-batch-01:pv13_revere_key_sector_total:1:20:None submission=https://api.worldquantbrain.com/simulations/3fMY6fe1V4lC9UgXhDsl63b
2026-04-27 23:37:39,343 | INFO | progress saved path=/Users/zpdedn/Documents/project/Worldquantbrain/runs/evidence/batch_progress.json records=26
2026-04-27 23:37:39,853 | INFO | progress saved path=/Users/zpdedn/Documents/project/Worldquantbrain/runs/evidence/batch_progress.json records=27
2026-04-27 23:40:00,891 | WARNING | poll timed out alpha_id=https://api.worldquantbrain.com/simulations/4fBe2Q7Eq4m8a96rC6l4fZ3 after 20 retries
2026-04-27 23:40:00,894 | WARNING | poll timeout or pending result candidate=2026-04-27-pv13-remaining-batch-01:pv13_ompetitorgraphrank_hub_rank:1:60:None submission=https://api.worldquantbrain.com/simulations/4fBe2Q7Eq4m8a96rC6l4fZ3
2026-04-27 23:40:00,905 | INFO | progress saved path=/Users/zpdedn/Documents/project/Worldquantbrain/runs/evidence/batch_progress.json records=27
2026-04-27 23:40:01,347 | INFO | progress saved path=/Users/zpdedn/Documents/project/Worldquantbrain/runs/evidence/batch_progress.json records=28
2026-04-27 23:42:21,842 | WARNING | poll timed out alpha_id=https://api.worldquantbrain.com/simulations/3u4eko7t54iEalR15JbZHVIy after 20 retries
2026-04-27 23:42:21,842 | WARNING | poll timeout or pending result candidate=2026-04-27-pv13-remaining-batch-01:pv13_com_rk_au:1:60:None submission=https://api.worldquantbrain.com/simulations/3u4eko7t54iEalR15JbZHVIy
2026-04-27 23:42:21,849 | INFO | progress saved path=/Users/zpdedn/Documents/project/Worldquantbrain/runs/evidence/batch_progress.json records=28
2026-04-27 23:42:22,286 | INFO | progress saved path=/Users/zpdedn/Documents/project/Worldquantbrain/runs/evidence/batch_progress.json records=29
2026-04-27 23:45:55,046 | WARNING | poll transient network error alpha_id=https://api.worldquantbrain.com/simulations/13SOcIagp4Xe8P7127jR1WOo attempt=20 error=('Connection aborted.', RemoteDisconnected('Remote end closed connection without response'))
2026-04-27 23:45:55,050 | WARNING | poll exhausted network retries alpha_id=https://api.worldquantbrain.com/simulations/13SOcIagp4Xe8P7127jR1WOo
2026-04-27 23:45:55,050 | WARNING | poll timeout or pending result candidate=2026-04-27-pv13-remaining-batch-01:rel_num_comp:1:20:None submission=https://api.worldquantbrain.com/simulations/13SOcIagp4Xe8P7127jR1WOo
2026-04-27 23:45:55,060 | INFO | progress saved path=/Users/zpdedn/Documents/project/Worldquantbrain/runs/evidence/batch_progress.json records=29
2026-04-27 23:45:56,566 | INFO | progress saved path=/Users/zpdedn/Documents/project/Worldquantbrain/runs/evidence/batch_progress.json records=30
2026-04-27 23:46:26,614 | WARNING | poll transient network error alpha_id=https://api.worldquantbrain.com/simulations/33rabV6p05jGaPJ8DzwvWlN attempt=1 error=('Connection aborted.', RemoteDisconnected('Remote end closed connection without response'))
2026-04-27 23:47:55,425 | WARNING | poll transient network error alpha_id=https://api.worldquantbrain.com/simulations/33rabV6p05jGaPJ8DzwvWlN attempt=8 error=('Connection aborted.', RemoteDisconnected('Remote end closed connection without response'))
2026-04-27 23:49:29,336 | WARNING | poll transient network error alpha_id=https://api.worldquantbrain.com/simulations/33rabV6p05jGaPJ8DzwvWlN attempt=11 error=('Connection aborted.', RemoteDisconnected('Remote end closed connection without response'))
2026-04-27 23:52:36,544 | WARNING | poll transient network error alpha_id=https://api.worldquantbrain.com/simulations/33rabV6p05jGaPJ8DzwvWlN attempt=17 error=('Connection aborted.', RemoteDisconnected('Remote end closed connection without response'))
2026-04-27 23:53:41,539 | WARNING | poll transient network error alpha_id=https://api.worldquantbrain.com/simulations/33rabV6p05jGaPJ8DzwvWlN attempt=19 error=('Connection aborted.', RemoteDisconnected('Remote end closed connection without response'))
2026-04-27 23:54:13,556 | INFO | ledger insert complete row_id=283 alpha_id=E5gOprp1
2026-04-27 23:54:13,568 | INFO | progress saved path=/Users/zpdedn/Documents/project/Worldquantbrain/runs/evidence/batch_progress.json records=30
2026-04-27 23:54:13,568 | INFO | candidate completed candidate=2026-04-27-pv13-remaining-batch-01:pv13_ustomergraphrank_auth_rank:1:20:None alpha_id=E5gOprp1 status=COMPLETE
2026-04-27 23:54:13,990 | INFO | progress saved path=/Users/zpdedn/Documents/project/Worldquantbrain/runs/evidence/batch_progress.json records=31
2026-04-27 23:57:15,905 | WARNING | poll transient network error alpha_id=https://api.worldquantbrain.com/simulations/1xiMXZd4U5gD9GfnRJ4UPAn attempt=14 error=('Connection aborted.', RemoteDisconnected('Remote end closed connection without response'))
2026-04-28 00:00:22,874 | INFO | ledger insert complete row_id=284 alpha_id=E5gOR11J
2026-04-28 00:00:22,881 | INFO | progress saved path=/Users/zpdedn/Documents/project/Worldquantbrain/runs/evidence/batch_progress.json records=31
2026-04-28 00:00:22,881 | INFO | candidate completed candidate=2026-04-27-pv13-remaining-batch-01:pv13_ustomergraphrank_hub_rank:1:20:None alpha_id=E5gOR11J status=COMPLETE
2026-04-28 00:02:24,234 | INFO | progress saved path=/Users/zpdedn/Documents/project/Worldquantbrain/runs/evidence/batch_progress.json records=32
2026-04-28 00:05:18,031 | WARNING | poll transient network error alpha_id=https://api.worldquantbrain.com/simulations/1GmTEVf2G4U49Cc8621g5pd attempt=18 error=('Connection aborted.', RemoteDisconnected('Remote end closed connection without response'))
2026-04-28 00:06:19,356 | WARNING | poll transient network error alpha_id=https://api.worldquantbrain.com/simulations/1GmTEVf2G4U49Cc8621g5pd attempt=20 error=('Connection aborted.', RemoteDisconnected('Remote end closed connection without response'))
2026-04-28 00:06:19,361 | WARNING | poll exhausted network retries alpha_id=https://api.worldquantbrain.com/simulations/1GmTEVf2G4U49Cc8621g5pd
2026-04-28 00:06:19,361 | WARNING | poll timeout or pending result candidate=2026-04-27-pv13-remaining-batch-01:rel_num_part:1:120:None submission=https://api.worldquantbrain.com/simulations/1GmTEVf2G4U49Cc8621g5pd
2026-04-28 00:06:19,371 | INFO | progress saved path=/Users/zpdedn/Documents/project/Worldquantbrain/runs/evidence/batch_progress.json records=32
2026-04-28 00:06:20,790 | INFO | progress saved path=/Users/zpdedn/Documents/project/Worldquantbrain/runs/evidence/batch_progress.json records=33
2026-04-28 00:08:28,663 | WARNING | poll transient network error alpha_id=https://api.worldquantbrain.com/simulations/lC88j1z74HnbXs5HfmtnBC attempt=14 error=('Connection aborted.', RemoteDisconnected('Remote end closed connection without response'))
2026-04-28 00:11:38,972 | INFO | ledger insert complete row_id=285 alpha_id=vRewO3Kw
2026-04-28 00:11:38,975 | INFO | progress saved path=/Users/zpdedn/Documents/project/Worldquantbrain/runs/evidence/batch_progress.json records=33
2026-04-28 00:11:38,975 | INFO | candidate completed candidate=2026-04-27-pv13-remaining-batch-01:rel_ret_part:1:120:None alpha_id=vRewO3Kw status=COMPLETE
2026-04-28 00:11:39,397 | INFO | progress saved path=/Users/zpdedn/Documents/project/Worldquantbrain/runs/evidence/batch_progress.json records=34
2026-04-28 00:14:44,635 | WARNING | poll transient network error alpha_id=https://api.worldquantbrain.com/simulations/2lxYRO22k4L7ctYZ2B2Z1W9 attempt=20 error=('Connection aborted.', RemoteDisconnected('Remote end closed connection without response'))
2026-04-28 00:14:44,637 | WARNING | poll exhausted network retries alpha_id=https://api.worldquantbrain.com/simulations/2lxYRO22k4L7ctYZ2B2Z1W9
2026-04-28 00:14:44,638 | WARNING | poll timeout or pending result candidate=2026-04-27-pv13-remaining-batch-01:rel_num_cust:1:120:None submission=https://api.worldquantbrain.com/simulations/2lxYRO22k4L7ctYZ2B2Z1W9
2026-04-28 00:14:44,648 | INFO | progress saved path=/Users/zpdedn/Documents/project/Worldquantbrain/runs/evidence/batch_progress.json records=34
2026-04-28 00:14:46,299 | INFO | progress saved path=/Users/zpdedn/Documents/project/Worldquantbrain/runs/evidence/batch_progress.json records=35
2026-04-28 00:17:04,956 | WARNING | poll timed out alpha_id=https://api.worldquantbrain.com/simulations/2soNwP1Zc4xxa0cwq2q3Q1z after 20 retries
2026-04-28 00:17:04,958 | WARNING | poll timeout or pending result candidate=2026-04-27-pv13-remaining-batch-01:pv13_revere_index_value:2:20:Market submission=https://api.worldquantbrain.com/simulations/2soNwP1Zc4xxa0cwq2q3Q1z
2026-04-28 00:17:04,973 | INFO | progress saved path=/Users/zpdedn/Documents/project/Worldquantbrain/runs/evidence/batch_progress.json records=35
2026-04-28 00:17:05,343 | INFO | progress saved path=/Users/zpdedn/Documents/project/Worldquantbrain/runs/evidence/batch_progress.json records=36
2026-04-28 00:17:35,492 | WARNING | poll transient network error alpha_id=https://api.worldquantbrain.com/simulations/I4E4Cf7V5bqbSh15IhWxBIC attempt=1 error=('Connection aborted.', RemoteDisconnected('Remote end closed connection without response'))
2026-04-28 00:19:14,899 | WARNING | poll transient network error alpha_id=https://api.worldquantbrain.com/simulations/I4E4Cf7V5bqbSh15IhWxBIC attempt=10 error=('Connection aborted.', RemoteDisconnected('Remote end closed connection without response'))
2026-04-28 00:24:27,449 | INFO | ledger insert complete row_id=286 alpha_id=0meOYOG8
2026-04-28 00:24:27,457 | INFO | progress saved path=/Users/zpdedn/Documents/project/Worldquantbrain/runs/evidence/batch_progress.json records=36
2026-04-28 00:24:27,458 | INFO | candidate completed candidate=2026-04-27-pv13-remaining-batch-01:pv13_revere_index_value:2:20:None alpha_id=0meOYOG8 status=COMPLETE
2026-04-28 00:26:28,569 | INFO | progress saved path=/Users/zpdedn/Documents/project/Worldquantbrain/runs/evidence/batch_progress.json records=37
2026-04-28 00:32:12,858 | INFO | ledger insert complete row_id=287 alpha_id=9qaZx30o
2026-04-28 00:32:12,870 | INFO | progress saved path=/Users/zpdedn/Documents/project/Worldquantbrain/runs/evidence/batch_progress.json records=37
2026-04-28 00:32:12,871 | INFO | candidate completed candidate=2026-04-27-pv13-remaining-batch-01:pv13_revere_index_value:2:60:Market alpha_id=9qaZx30o status=COMPLETE
2026-04-28 00:32:13,616 | INFO | progress saved path=/Users/zpdedn/Documents/project/Worldquantbrain/runs/evidence/batch_progress.json records=38
2026-04-28 00:35:22,173 | WARNING | poll transient network error alpha_id=https://api.worldquantbrain.com/simulations/1HRsRveyn58t8PcAo0g5Zod attempt=15 error=('Connection aborted.', RemoteDisconnected('Remote end closed connection without response'))
2026-04-28 00:36:23,497 | WARNING | poll transient network error alpha_id=https://api.worldquantbrain.com/simulations/1HRsRveyn58t8PcAo0g5Zod attempt=17 error=('Connection aborted.', RemoteDisconnected('Remote end closed connection without response'))
2026-04-28 00:37:57,081 | INFO | ledger insert complete row_id=288 alpha_id=ZY2PaWdx
2026-04-28 00:37:57,093 | INFO | progress saved path=/Users/zpdedn/Documents/project/Worldquantbrain/runs/evidence/batch_progress.json records=38
2026-04-28 00:37:57,093 | INFO | candidate completed candidate=2026-04-27-pv13-remaining-batch-01:pv13_revere_index_value:2:60:None alpha_id=ZY2PaWdx status=COMPLETE
2026-04-28 00:37:57,483 | INFO | progress saved path=/Users/zpdedn/Documents/project/Worldquantbrain/runs/evidence/batch_progress.json records=39
2026-04-28 00:41:09,677 | INFO | ledger insert complete row_id=289 alpha_id=Xg2maxzl
2026-04-28 00:41:09,685 | INFO | progress saved path=/Users/zpdedn/Documents/project/Worldquantbrain/runs/evidence/batch_progress.json records=39
2026-04-28 00:41:09,686 | INFO | candidate completed candidate=2026-04-27-pv13-remaining-batch-01:pv13_revere_index_value:3:120:Market alpha_id=Xg2maxzl status=COMPLETE
2026-04-28 00:41:10,210 | INFO | progress saved path=/Users/zpdedn/Documents/project/Worldquantbrain/runs/evidence/batch_progress.json records=40
2026-04-28 00:41:40,978 | WARNING | poll transient network error alpha_id=https://api.worldquantbrain.com/simulations/bOKO7dGs4n5b5BVBjy0Ja1 attempt=1 error=('Connection aborted.', RemoteDisconnected('Remote end closed connection without response'))
2026-04-28 00:43:52,631 | WARNING | poll timed out alpha_id=https://api.worldquantbrain.com/simulations/bOKO7dGs4n5b5BVBjy0Ja1 after 20 retries
2026-04-28 00:43:52,632 | WARNING | poll timeout or pending result candidate=2026-04-27-pv13-remaining-batch-01:pv13_revere_index_value:3:120:None submission=https://api.worldquantbrain.com/simulations/bOKO7dGs4n5b5BVBjy0Ja1
2026-04-28 00:43:52,639 | INFO | progress saved path=/Users/zpdedn/Documents/project/Worldquantbrain/runs/evidence/batch_progress.json records=40
2026-04-28 00:43:52,982 | INFO | progress saved path=/Users/zpdedn/Documents/project/Worldquantbrain/runs/evidence/batch_progress.json records=41
2026-04-28 00:45:43,564 | WARNING | poll transient network error alpha_id=https://api.worldquantbrain.com/simulations/eFaqNeVu4RL9C6WJaT0xki attempt=11 error=('Connection aborted.', RemoteDisconnected('Remote end closed connection without response'))
2026-04-28 00:47:47,460 | WARNING | poll transient network error alpha_id=https://api.worldquantbrain.com/simulations/eFaqNeVu4RL9C6WJaT0xki attempt=15 error=('Connection aborted.', RemoteDisconnected('Remote end closed connection without response'))
2026-04-28 00:50:24,548 | INFO | ledger insert complete row_id=290 alpha_id=akAjRPgW
2026-04-28 00:50:24,559 | INFO | progress saved path=/Users/zpdedn/Documents/project/Worldquantbrain/runs/evidence/batch_progress.json records=41
2026-04-28 00:50:24,560 | INFO | candidate completed candidate=2026-04-27-pv13-remaining-batch-01:pv13_revere_index_value:3:20:Market alpha_id=akAjRPgW status=COMPLETE
2026-04-28 00:52:26,369 | INFO | progress saved path=/Users/zpdedn/Documents/project/Worldquantbrain/runs/evidence/batch_progress.json records=42
2026-04-28 00:55:58,119 | WARNING | poll transient network error alpha_id=https://api.worldquantbrain.com/simulations/brtY03Sk4Mca265cdfxpHZ attempt=20 error=('Connection aborted.', RemoteDisconnected('Remote end closed connection without response'))
2026-04-28 00:55:58,121 | WARNING | poll exhausted network retries alpha_id=https://api.worldquantbrain.com/simulations/brtY03Sk4Mca265cdfxpHZ
2026-04-28 00:55:58,122 | WARNING | poll timeout or pending result candidate=2026-04-27-pv13-remaining-batch-01:pv13_revere_index_value:3:20:None submission=https://api.worldquantbrain.com/simulations/brtY03Sk4Mca265cdfxpHZ
2026-04-28 00:55:58,138 | INFO | progress saved path=/Users/zpdedn/Documents/project/Worldquantbrain/runs/evidence/batch_progress.json records=42
2026-04-28 00:55:59,722 | INFO | progress saved path=/Users/zpdedn/Documents/project/Worldquantbrain/runs/evidence/batch_progress.json records=43
2026-04-28 00:58:19,590 | WARNING | poll timed out alpha_id=https://api.worldquantbrain.com/simulations/jpFczbt54qpbVCnFB01Xxw after 20 retries
2026-04-28 00:58:19,594 | WARNING | poll timeout or pending result candidate=2026-04-27-pv13-remaining-batch-01:pv13_revere_index_value:3:60:Market submission=https://api.worldquantbrain.com/simulations/jpFczbt54qpbVCnFB01Xxw
2026-04-28 00:58:19,602 | INFO | progress saved path=/Users/zpdedn/Documents/project/Worldquantbrain/runs/evidence/batch_progress.json records=43
2026-04-28 00:58:20,021 | INFO | progress saved path=/Users/zpdedn/Documents/project/Worldquantbrain/runs/evidence/batch_progress.json records=44
2026-04-28 01:00:53,476 | WARNING | poll transient network error alpha_id=https://api.worldquantbrain.com/simulations/1S1UYF9WL4y2aUu1fdXSemKB attempt=18 error=('Connection aborted.', RemoteDisconnected('Remote end closed connection without response'))
2026-04-28 01:01:56,848 | INFO | ledger insert complete row_id=291 alpha_id=MPKMd3da
2026-04-28 01:01:56,856 | INFO | progress saved path=/Users/zpdedn/Documents/project/Worldquantbrain/runs/evidence/batch_progress.json records=44
2026-04-28 01:01:56,856 | INFO | candidate completed candidate=2026-04-27-pv13-remaining-batch-01:pv13_revere_index_value:3:60:None alpha_id=MPKMd3da status=COMPLETE
2026-04-28 01:01:57,274 | INFO | progress saved path=/Users/zpdedn/Documents/project/Worldquantbrain/runs/evidence/batch_progress.json records=45
2026-04-28 01:05:12,038 | WARNING | poll transient network error alpha_id=https://api.worldquantbrain.com/simulations/xkwDrgMv4hla7RTAixke19 attempt=17 error=('Connection aborted.', RemoteDisconnected('Remote end closed connection without response'))
2026-04-28 01:06:46,045 | INFO | ledger insert complete row_id=292 alpha_id=MPKMdN2k
2026-04-28 01:06:46,054 | INFO | progress saved path=/Users/zpdedn/Documents/project/Worldquantbrain/runs/evidence/batch_progress.json records=45
2026-04-28 01:06:46,054 | INFO | candidate completed candidate=2026-04-27-pv13-remaining-batch-01:pv13_revere_key_sector_total:2:120:Market alpha_id=MPKMdN2k status=COMPLETE
2026-04-28 01:06:46,378 | INFO | progress saved path=/Users/zpdedn/Documents/project/Worldquantbrain/runs/evidence/batch_progress.json records=46
2026-04-28 01:09:01,242 | INFO | ledger insert complete row_id=293 alpha_id=58anAqMJ
2026-04-28 01:09:01,245 | INFO | progress saved path=/Users/zpdedn/Documents/project/Worldquantbrain/runs/evidence/batch_progress.json records=46
2026-04-28 01:09:01,245 | INFO | candidate completed candidate=2026-04-27-pv13-remaining-batch-01:pv13_revere_key_sector_total:2:120:None alpha_id=58anAqMJ status=COMPLETE
2026-04-28 01:11:03,476 | INFO | progress saved path=/Users/zpdedn/Documents/project/Worldquantbrain/runs/evidence/batch_progress.json records=47
2026-04-28 01:11:33,778 | WARNING | poll transient network error alpha_id=https://api.worldquantbrain.com/simulations/23Iq724Qh4TPbjR5dqZZQTs attempt=1 error=('Connection aborted.', RemoteDisconnected('Remote end closed connection without response'))
2026-04-28 01:14:17,452 | WARNING | poll transient network error alpha_id=https://api.worldquantbrain.com/simulations/23Iq724Qh4TPbjR5dqZZQTs attempt=15 error=('Connection aborted.', RemoteDisconnected('Remote end closed connection without response'))
2026-04-28 01:15:20,924 | WARNING | poll transient network error alpha_id=https://api.worldquantbrain.com/simulations/23Iq724Qh4TPbjR5dqZZQTs attempt=17 error=('Connection aborted.', RemoteDisconnected('Remote end closed connection without response'))
2026-04-28 01:16:54,045 | INFO | ledger insert complete row_id=294 alpha_id=d5Ek39wx
2026-04-28 01:16:54,049 | INFO | progress saved path=/Users/zpdedn/Documents/project/Worldquantbrain/runs/evidence/batch_progress.json records=47
2026-04-28 01:16:54,049 | INFO | candidate completed candidate=2026-04-27-pv13-remaining-batch-01:pv13_revere_key_sector_total:2:20:Market alpha_id=d5Ek39wx status=COMPLETE
2026-04-28 01:16:57,695 | INFO | progress saved path=/Users/zpdedn/Documents/project/Worldquantbrain/runs/evidence/batch_progress.json records=48
2026-04-28 01:17:27,720 | WARNING | poll transient network error alpha_id=https://api.worldquantbrain.com/simulations/40sk2T4fU5239rwsIUJmKAR attempt=1 error=('Connection aborted.', RemoteDisconnected('Remote end closed connection without response'))
2026-04-28 01:21:19,254 | INFO | ledger insert complete row_id=295 alpha_id=A1gjz6pQ
2026-04-28 01:21:19,269 | INFO | progress saved path=/Users/zpdedn/Documents/project/Worldquantbrain/runs/evidence/batch_progress.json records=48
2026-04-28 01:21:19,269 | INFO | candidate completed candidate=2026-04-27-pv13-remaining-batch-01:pv13_revere_key_sector_total:2:20:None alpha_id=A1gjz6pQ status=COMPLETE
2026-04-28 01:21:19,711 | INFO | progress saved path=/Users/zpdedn/Documents/project/Worldquantbrain/runs/evidence/batch_progress.json records=49
2026-04-28 01:23:40,104 | WARNING | poll timed out alpha_id=https://api.worldquantbrain.com/simulations/2Ea6AKfgH5fjaNUeFwOKg3M after 20 retries
2026-04-28 01:23:40,105 | WARNING | poll timeout or pending result candidate=2026-04-27-pv13-remaining-batch-01:pv13_revere_key_sector_total:2:60:Market submission=https://api.worldquantbrain.com/simulations/2Ea6AKfgH5fjaNUeFwOKg3M
2026-04-28 01:23:40,114 | INFO | progress saved path=/Users/zpdedn/Documents/project/Worldquantbrain/runs/evidence/batch_progress.json records=49
2026-04-28 01:23:40,503 | INFO | progress saved path=/Users/zpdedn/Documents/project/Worldquantbrain/runs/evidence/batch_progress.json records=50
2026-04-28 01:26:00,808 | WARNING | poll timed out alpha_id=https://api.worldquantbrain.com/simulations/1i74FkKs4CpaKnsPAZGQBm after 20 retries
2026-04-28 01:26:00,810 | WARNING | poll timeout or pending result candidate=2026-04-27-pv13-remaining-batch-01:pv13_revere_key_sector_total:2:60:None submission=https://api.worldquantbrain.com/simulations/1i74FkKs4CpaKnsPAZGQBm
2026-04-28 01:26:00,819 | INFO | progress saved path=/Users/zpdedn/Documents/project/Worldquantbrain/runs/evidence/batch_progress.json records=50
2026-04-28 01:26:01,206 | INFO | progress saved path=/Users/zpdedn/Documents/project/Worldquantbrain/runs/evidence/batch_progress.json records=51
2026-04-28 01:26:31,588 | WARNING | poll transient network error alpha_id=https://api.worldquantbrain.com/simulations/1wkaBF2KY4JbbexrWSfgjih attempt=1 error=('Connection aborted.', RemoteDisconnected('Remote end closed connection without response'))
2026-04-28 01:28:09,726 | WARNING | poll transient network error alpha_id=https://api.worldquantbrain.com/simulations/1wkaBF2KY4JbbexrWSfgjih attempt=10 error=('Connection aborted.', RemoteDisconnected('Remote end closed connection without response'))
2026-04-28 01:29:10,808 | WARNING | poll transient network error alpha_id=https://api.worldquantbrain.com/simulations/1wkaBF2KY4JbbexrWSfgjih attempt=12 error=('Connection aborted.', RemoteDisconnected('Remote end closed connection without response'))
2026-04-28 01:32:47,540 | WARNING | poll transient network error alpha_id=https://api.worldquantbrain.com/simulations/1wkaBF2KY4JbbexrWSfgjih attempt=19 error=('Connection aborted.', RemoteDisconnected('Remote end closed connection without response'))
2026-04-28 01:33:20,656 | INFO | ledger insert complete row_id=296 alpha_id=1YakK8xK
2026-04-28 01:33:20,671 | INFO | progress saved path=/Users/zpdedn/Documents/project/Worldquantbrain/runs/evidence/batch_progress.json records=51
2026-04-28 01:33:20,671 | INFO | candidate completed candidate=2026-04-27-pv13-remaining-batch-01:pv13_revere_key_sector_total:3:120:Market alpha_id=1YakK8xK status=COMPLETE
2026-04-28 01:35:22,647 | INFO | progress saved path=/Users/zpdedn/Documents/project/Worldquantbrain/runs/evidence/batch_progress.json records=52
2026-04-28 01:38:02,393 | WARNING | poll transient network error alpha_id=https://api.worldquantbrain.com/simulations/1r6ecK6tq58Da0HBmtWhrSy attempt=20 error=('Connection aborted.', RemoteDisconnected('Remote end closed connection without response'))
2026-04-28 01:38:02,402 | WARNING | poll exhausted network retries alpha_id=https://api.worldquantbrain.com/simulations/1r6ecK6tq58Da0HBmtWhrSy
2026-04-28 01:38:02,402 | WARNING | poll timeout or pending result candidate=2026-04-27-pv13-remaining-batch-01:pv13_revere_key_sector_total:3:120:None submission=https://api.worldquantbrain.com/simulations/1r6ecK6tq58Da0HBmtWhrSy
2026-04-28 01:38:02,417 | INFO | progress saved path=/Users/zpdedn/Documents/project/Worldquantbrain/runs/evidence/batch_progress.json records=52
2026-04-28 01:38:03,910 | INFO | progress saved path=/Users/zpdedn/Documents/project/Worldquantbrain/runs/evidence/batch_progress.json records=53
2026-04-28 01:40:26,893 | WARNING | poll timed out alpha_id=https://api.worldquantbrain.com/simulations/2zBok92DF5fwczZot549XWw after 20 retries
2026-04-28 01:40:26,898 | WARNING | poll timeout or pending result candidate=2026-04-27-pv13-remaining-batch-01:pv13_revere_key_sector_total:3:20:Market submission=https://api.worldquantbrain.com/simulations/2zBok92DF5fwczZot549XWw
2026-04-28 01:40:26,910 | INFO | progress saved path=/Users/zpdedn/Documents/project/Worldquantbrain/runs/evidence/batch_progress.json records=53
2026-04-28 01:40:31,297 | INFO | progress saved path=/Users/zpdedn/Documents/project/Worldquantbrain/runs/evidence/batch_progress.json records=54
2026-04-28 01:44:54,741 | WARNING | poll transient network error alpha_id=https://api.worldquantbrain.com/simulations/1C7sfreVM4XFaKuL2OpTMec attempt=20 error=('Connection aborted.', RemoteDisconnected('Remote end closed connection without response'))
2026-04-28 01:44:54,742 | WARNING | poll exhausted network retries alpha_id=https://api.worldquantbrain.com/simulations/1C7sfreVM4XFaKuL2OpTMec
2026-04-28 01:44:54,742 | WARNING | poll timeout or pending result candidate=2026-04-27-pv13-remaining-batch-01:pv13_revere_key_sector_total:3:20:None submission=https://api.worldquantbrain.com/simulations/1C7sfreVM4XFaKuL2OpTMec
2026-04-28 01:44:54,746 | INFO | progress saved path=/Users/zpdedn/Documents/project/Worldquantbrain/runs/evidence/batch_progress.json records=54
2026-04-28 01:44:56,005 | INFO | progress saved path=/Users/zpdedn/Documents/project/Worldquantbrain/runs/evidence/batch_progress.json records=55
2026-04-28 01:48:05,449 | WARNING | poll transient network error alpha_id=https://api.worldquantbrain.com/simulations/2ZTtXyb0w4zrbVsc3emEj5T attempt=16 error=('Connection aborted.', RemoteDisconnected('Remote end closed connection without response'))
2026-04-28 01:49:38,206 | WARNING | poll transient network error alpha_id=https://api.worldquantbrain.com/simulations/2ZTtXyb0w4zrbVsc3emEj5T attempt=19 error=('Connection aborted.', RemoteDisconnected('Remote end closed connection without response'))
2026-04-28 01:50:11,165 | INFO | ledger insert complete row_id=297 alpha_id=Vk21eGgw
2026-04-28 01:50:11,175 | INFO | progress saved path=/Users/zpdedn/Documents/project/Worldquantbrain/runs/evidence/batch_progress.json records=55
2026-04-28 01:50:11,175 | INFO | candidate completed candidate=2026-04-27-pv13-remaining-batch-01:pv13_revere_key_sector_total:3:60:Market alpha_id=Vk21eGgw status=COMPLETE
2026-04-28 01:50:12,213 | INFO | progress saved path=/Users/zpdedn/Documents/project/Worldquantbrain/runs/evidence/batch_progress.json records=56
2026-04-28 01:53:15,695 | WARNING | poll timed out alpha_id=https://api.worldquantbrain.com/simulations/3BfZWc7Gs4xi8Gtx8o173WR after 20 retries
2026-04-28 01:53:15,697 | WARNING | poll timeout or pending result candidate=2026-04-27-pv13-remaining-batch-01:pv13_revere_key_sector_total:3:60:None submission=https://api.worldquantbrain.com/simulations/3BfZWc7Gs4xi8Gtx8o173WR
2026-04-28 01:53:15,707 | INFO | progress saved path=/Users/zpdedn/Documents/project/Worldquantbrain/runs/evidence/batch_progress.json records=56
2026-04-28 01:53:17,027 | INFO | progress saved path=/Users/zpdedn/Documents/project/Worldquantbrain/runs/evidence/batch_progress.json records=57
2026-04-28 01:55:39,268 | WARNING | poll timed out alpha_id=https://api.worldquantbrain.com/simulations/wq61BclU4FSc29b7KYNo3p after 20 retries
2026-04-28 01:55:39,270 | WARNING | poll timeout or pending result candidate=2026-04-27-pv13-remaining-batch-01:pv13_ompetitorgraphrank_hub_rank:2:120:Market submission=https://api.worldquantbrain.com/simulations/wq61BclU4FSc29b7KYNo3p
2026-04-28 01:55:39,282 | INFO | progress saved path=/Users/zpdedn/Documents/project/Worldquantbrain/runs/evidence/batch_progress.json records=57
2026-04-28 01:55:39,768 | INFO | progress saved path=/Users/zpdedn/Documents/project/Worldquantbrain/runs/evidence/batch_progress.json records=58
2026-04-28 01:56:09,783 | WARNING | poll transient network error alpha_id=https://api.worldquantbrain.com/simulations/17iPsg5Au53Zc1MgVndv1Pz attempt=1 error=('Connection aborted.', RemoteDisconnected('Remote end closed connection without response'))
2026-04-28 02:02:51,447 | WARNING | poll transient network error alpha_id=https://api.worldquantbrain.com/simulations/17iPsg5Au53Zc1MgVndv1Pz attempt=18 error=('Connection aborted.', RemoteDisconnected('Remote end closed connection without response'))
2026-04-28 02:03:53,724 | INFO | ledger insert complete row_id=298 alpha_id=akAjgN8W
2026-04-28 02:03:53,735 | INFO | progress saved path=/Users/zpdedn/Documents/project/Worldquantbrain/runs/evidence/batch_progress.json records=58
2026-04-28 02:03:53,735 | INFO | candidate completed candidate=2026-04-27-pv13-remaining-batch-01:pv13_ompetitorgraphrank_hub_rank:2:120:None alpha_id=akAjgN8W status=COMPLETE
2026-04-28 02:03:54,100 | INFO | progress saved path=/Users/zpdedn/Documents/project/Worldquantbrain/runs/evidence/batch_progress.json records=59
2026-04-28 02:06:12,718 | WARNING | poll timed out alpha_id=https://api.worldquantbrain.com/simulations/E5XmJ45Y4zPapHmEPHexno after 20 retries
2026-04-28 02:06:12,719 | WARNING | poll timeout or pending result candidate=2026-04-27-pv13-remaining-batch-01:pv13_ompetitorgraphrank_hub_rank:2:20:Market submission=https://api.worldquantbrain.com/simulations/E5XmJ45Y4zPapHmEPHexno
2026-04-28 02:06:12,730 | INFO | progress saved path=/Users/zpdedn/Documents/project/Worldquantbrain/runs/evidence/batch_progress.json records=59
2026-04-28 02:06:13,078 | INFO | progress saved path=/Users/zpdedn/Documents/project/Worldquantbrain/runs/evidence/batch_progress.json records=60
2026-04-28 02:08:32,048 | WARNING | poll timed out alpha_id=https://api.worldquantbrain.com/simulations/421MmHghx57D9oPqPxEfCuO after 20 retries
2026-04-28 02:08:32,050 | WARNING | poll timeout or pending result candidate=2026-04-27-pv13-remaining-batch-01:pv13_ompetitorgraphrank_hub_rank:2:20:None submission=https://api.worldquantbrain.com/simulations/421MmHghx57D9oPqPxEfCuO
2026-04-28 02:08:32,061 | INFO | progress saved path=/Users/zpdedn/Documents/project/Worldquantbrain/runs/evidence/batch_progress.json records=60
2026-04-28 02:08:32,474 | INFO | progress saved path=/Users/zpdedn/Documents/project/Worldquantbrain/runs/evidence/batch_progress.json records=61
2026-04-28 02:10:27,974 | WARNING | poll transient network error alpha_id=https://api.worldquantbrain.com/simulations/Fu4ky8cQ4labXc83H1NgLX attempt=12 error=('Connection aborted.', RemoteDisconnected('Remote end closed connection without response'))
2026-04-28 02:12:01,485 | WARNING | poll transient network error alpha_id=https://api.worldquantbrain.com/simulations/Fu4ky8cQ4labXc83H1NgLX attempt=15 error=('Connection aborted.', RemoteDisconnected('Remote end closed connection without response'))
2026-04-28 02:14:39,278 | INFO | ledger insert complete row_id=299 alpha_id=RR2jorLz
2026-04-28 02:14:39,290 | INFO | progress saved path=/Users/zpdedn/Documents/project/Worldquantbrain/runs/evidence/batch_progress.json records=61
2026-04-28 02:14:39,290 | INFO | candidate completed candidate=2026-04-27-pv13-remaining-batch-01:pv13_ompetitorgraphrank_hub_rank:2:60:Market alpha_id=RR2jorLz status=COMPLETE
2026-04-28 02:16:41,379 | INFO | progress saved path=/Users/zpdedn/Documents/project/Worldquantbrain/runs/evidence/batch_progress.json records=62
2026-04-28 02:19:02,584 | WARNING | poll timed out alpha_id=https://api.worldquantbrain.com/simulations/2milSTd6l4Em8ZW7wgOOINt after 20 retries
2026-04-28 02:19:02,586 | WARNING | poll timeout or pending result candidate=2026-04-27-pv13-remaining-batch-01:pv13_ompetitorgraphrank_hub_rank:2:60:None submission=https://api.worldquantbrain.com/simulations/2milSTd6l4Em8ZW7wgOOINt
2026-04-28 02:19:02,597 | INFO | progress saved path=/Users/zpdedn/Documents/project/Worldquantbrain/runs/evidence/batch_progress.json records=62
2026-04-28 02:19:03,051 | INFO | progress saved path=/Users/zpdedn/Documents/project/Worldquantbrain/runs/evidence/batch_progress.json records=63
2026-04-28 02:19:33,070 | WARNING | poll transient network error alpha_id=https://api.worldquantbrain.com/simulations/PXtbp1t4SqajhoeFIQay3 attempt=1 error=('Connection aborted.', RemoteDisconnected('Remote end closed connection without response'))
2026-04-28 02:21:28,922 | WARNING | poll transient network error alpha_id=https://api.worldquantbrain.com/simulations/PXtbp1t4SqajhoeFIQay3 attempt=13 error=('Connection aborted.', RemoteDisconnected('Remote end closed connection without response'))
2026-04-28 02:24:04,474 | WARNING | poll transient network error alpha_id=https://api.worldquantbrain.com/simulations/PXtbp1t4SqajhoeFIQay3 attempt=18 error=('Connection aborted.', RemoteDisconnected('Remote end closed connection without response'))
2026-04-28 02:25:06,232 | WARNING | poll transient network error alpha_id=https://api.worldquantbrain.com/simulations/PXtbp1t4SqajhoeFIQay3 attempt=20 error=('Connection aborted.', RemoteDisconnected('Remote end closed connection without response'))
2026-04-28 02:25:06,234 | WARNING | poll exhausted network retries alpha_id=https://api.worldquantbrain.com/simulations/PXtbp1t4SqajhoeFIQay3
2026-04-28 02:25:06,234 | WARNING | poll timeout or pending result candidate=2026-04-27-pv13-remaining-batch-01:pv13_ompetitorgraphrank_hub_rank:3:120:Market submission=https://api.worldquantbrain.com/simulations/PXtbp1t4SqajhoeFIQay3
2026-04-28 02:25:06,248 | INFO | progress saved path=/Users/zpdedn/Documents/project/Worldquantbrain/runs/evidence/batch_progress.json records=63
2026-04-28 02:25:07,353 | INFO | progress saved path=/Users/zpdedn/Documents/project/Worldquantbrain/runs/evidence/batch_progress.json records=64
2026-04-28 02:27:07,433 | WARNING | poll transient network error alpha_id=https://api.worldquantbrain.com/simulations/1ctEdd2o94N98yifiP1o9m4 attempt=13 error=('Connection aborted.', RemoteDisconnected('Remote end closed connection without response'))
2026-04-28 02:30:12,975 | WARNING | poll transient network error alpha_id=https://api.worldquantbrain.com/simulations/1ctEdd2o94N98yifiP1o9m4 attempt=19 error=('Connection aborted.', RemoteDisconnected('Remote end closed connection without response'))
2026-04-28 02:30:44,061 | INFO | ledger insert complete row_id=300 alpha_id=om380JOb
2026-04-28 02:30:44,079 | INFO | progress saved path=/Users/zpdedn/Documents/project/Worldquantbrain/runs/evidence/batch_progress.json records=64
2026-04-28 02:30:44,080 | INFO | candidate completed candidate=2026-04-27-pv13-remaining-batch-01:pv13_ompetitorgraphrank_hub_rank:3:120:None alpha_id=om380JOb status=COMPLETE
2026-04-28 02:30:44,088 | INFO | progress saved path=/Users/zpdedn/Documents/project/Worldquantbrain/runs/evidence/batch_progress.json records=64
2026-04-28 02:30:44,088 | INFO | live mode end summary={"completed": 24, "daily_count": 31, "failed": 0, "missing_config": [], "mode": "live", "planned": 50, "resumed": 2, "skipped_active": 0, "skipped_completed": 2, "submitted": 48, "test_mode": false}
2026-04-28 02:30:44,089 | INFO | summary={"completed": 24, "daily_count": 31, "failed": 0, "missing_config": [], "mode": "live", "planned": 50, "resumed": 2, "skipped_active": 0, "skipped_completed": 2, "submitted": 48, "test_mode": false}
2026-04-28 03:39:13,628 | INFO | loaded sweep manifest=/Users/zpdedn/Documents/project/Worldquantbrain/runs/candidate-batches/20260427-193748-demo_alpha-sweep.json
2026-04-28 03:39:13,628 | INFO | loaded field candidate file=/tmp/demo_fields.json
2026-04-28 03:39:13,628 | INFO | batch_id=demo-batch
2026-04-28 03:39:13,628 | INFO | field_count=1
2026-04-28 03:39:13,629 | INFO | generated_candidates=8
2026-04-28 03:39:14,502 | INFO | dedupe summary total=8 duplicates=0 warnings=0 remaining=8
2026-04-28 03:39:14,502 | INFO | dry-run plan start
2026-04-28 03:39:14,502 | INFO | project_root=/Users/zpdedn/Documents/project/Worldquantbrain
2026-04-28 03:39:14,502 | INFO | fields_file=/tmp/demo_fields.json
2026-04-28 03:39:14,503 | INFO | ledger_rows=300
2026-04-28 03:39:14,503 | INFO | templates=ts_rank(close, 10) + ts_mean(open, 20), ts_rank(close, 20) + ts_mean(open, 20), ts_rank(close, 60) + ts_mean(open, 10), ts_rank(close, 60) + ts_mean(open, 60)
2026-04-28 03:39:14,503 | INFO | decays=5, 10
2026-04-28 03:39:14,503 | INFO | neutralizations=None, Market
2026-04-28 03:39:14,503 | INFO | planned_candidates=3
2026-04-28 03:39:14,503 | INFO | top_recommendations=1
2026-04-28 03:39:14,503 | INFO | top_field_cap=2
2026-04-28 03:39:14,503 | INFO | --- ranked plan ---
2026-04-28 03:39:14,503 | INFO | rank field                        decay neutralization tmp  alpha_cnt coverage complexity  score     expression
2026-04-28 03:39:14,503 | INFO | 1    close                        None  Market     1    0        0.000  2           0.600     ts_rank(close, 10) + ts_mean(open, 20)
2026-04-28 03:39:14,503 | INFO | 2    close                        None  None       1    0        0.000  2           0.600     ts_rank(close, 10) + ts_mean(open, 20)
2026-04-28 03:39:14,503 | INFO | 3    close                        None  Market     2    0        0.000  2           0.600     ts_rank(close, 20) + ts_mean(open, 20)
2026-04-28 03:39:14,503 | INFO | --- top 1 (field-capped) ---
2026-04-28 03:39:14,503 | INFO | top=1 candidate=demo-batch:close:1:None:Market score=0.600 expr=ts_rank(close, 10) + ts_mean(open, 20)
2026-04-28 03:39:14,503 | INFO | dry-run plan end
2026-04-28 03:39:14,503 | INFO | summary={"mode": "dry", "planned": 3, "top": 1, "total_after_dedupe": 3}
2026-04-28 04:09:35,398 | INFO | loaded field candidate file=/Users/zpdedn/Documents/project/Worldquantbrain/runs/research-contracts/2026-04-27-pv13-remaining-field_candidates.json
2026-04-28 04:09:35,398 | INFO | batch_id=2026-04-27-pv13-remaining-batch-01
2026-04-28 04:09:35,398 | INFO | field_count=10
2026-04-28 04:09:35,398 | INFO | generated_candidates=240
2026-04-28 04:09:35,401 | INFO | duplicate skipped candidate=2026-04-27-pv13-remaining-batch-01:pv13_ustomergraphrank_auth_rank:1:20:None match_level=exact score=1.000
2026-04-28 04:09:35,401 | INFO | duplicate skipped candidate=2026-04-27-pv13-remaining-batch-01:pv13_ustomergraphrank_auth_rank:1:20:Market match_level=exact score=1.000
2026-04-28 04:09:35,547 | WARNING | similarity warning candidate=2026-04-27-pv13-remaining-batch-01:pv13_ustomergraphrank_auth_rank:1:60:None score=0.991 match_level=structural
2026-04-28 04:09:35,680 | WARNING | similarity warning candidate=2026-04-27-pv13-remaining-batch-01:pv13_ustomergraphrank_auth_rank:1:60:Market score=0.991 match_level=structural
2026-04-28 04:09:35,680 | INFO | duplicate skipped candidate=2026-04-27-pv13-remaining-batch-01:pv13_ustomergraphrank_auth_rank:1:120:None match_level=exact score=1.000
2026-04-28 04:09:35,680 | INFO | duplicate skipped candidate=2026-04-27-pv13-remaining-batch-01:pv13_ustomergraphrank_auth_rank:1:120:Market match_level=exact score=1.000
2026-04-28 04:09:35,820 | WARNING | similarity warning candidate=2026-04-27-pv13-remaining-batch-01:pv13_ustomergraphrank_auth_rank:2:20:None score=0.769 match_level=structural
2026-04-28 04:09:35,956 | WARNING | similarity warning candidate=2026-04-27-pv13-remaining-batch-01:pv13_ustomergraphrank_auth_rank:2:20:Market score=0.769 match_level=structural
2026-04-28 04:09:36,088 | WARNING | similarity warning candidate=2026-04-27-pv13-remaining-batch-01:pv13_ustomergraphrank_auth_rank:2:60:None score=0.760 match_level=structural
2026-04-28 04:09:36,220 | WARNING | similarity warning candidate=2026-04-27-pv13-remaining-batch-01:pv13_ustomergraphrank_auth_rank:2:60:Market score=0.760 match_level=structural
2026-04-28 04:09:36,357 | WARNING | similarity warning candidate=2026-04-27-pv13-remaining-batch-01:pv13_ustomergraphrank_auth_rank:2:120:None score=0.774 match_level=structural
2026-04-28 04:09:36,494 | WARNING | similarity warning candidate=2026-04-27-pv13-remaining-batch-01:pv13_ustomergraphrank_auth_rank:2:120:Market score=0.774 match_level=structural
2026-04-28 04:09:36,622 | WARNING | similarity warning candidate=2026-04-27-pv13-remaining-batch-01:pv13_ustomergraphrank_auth_rank:3:20:None score=0.736 match_level=structural
2026-04-28 04:09:36,751 | WARNING | similarity warning candidate=2026-04-27-pv13-remaining-batch-01:pv13_ustomergraphrank_auth_rank:3:20:Market score=0.736 match_level=structural
2026-04-28 04:09:36,879 | WARNING | similarity warning candidate=2026-04-27-pv13-remaining-batch-01:pv13_ustomergraphrank_auth_rank:3:60:None score=0.727 match_level=structural
2026-04-28 04:09:37,008 | WARNING | similarity warning candidate=2026-04-27-pv13-remaining-batch-01:pv13_ustomergraphrank_auth_rank:3:60:Market score=0.727 match_level=structural
2026-04-28 04:09:37,138 | WARNING | similarity warning candidate=2026-04-27-pv13-remaining-batch-01:pv13_ustomergraphrank_auth_rank:3:120:None score=0.742 match_level=structural
2026-04-28 04:09:37,269 | WARNING | similarity warning candidate=2026-04-27-pv13-remaining-batch-01:pv13_ustomergraphrank_auth_rank:3:120:Market score=0.742 match_level=structural
2026-04-28 04:09:37,430 | WARNING | similarity warning candidate=2026-04-27-pv13-remaining-batch-01:pv13_ustomergraphrank_auth_rank:4:20:None score=0.801 match_level=structural
2026-04-28 04:09:37,590 | WARNING | similarity warning candidate=2026-04-27-pv13-remaining-batch-01:pv13_ustomergraphrank_auth_rank:4:20:Market score=0.801 match_level=structural
2026-04-28 04:09:37,751 | WARNING | similarity warning candidate=2026-04-27-pv13-remaining-batch-01:pv13_ustomergraphrank_auth_rank:4:60:None score=0.793 match_level=structural
2026-04-28 04:09:37,912 | WARNING | similarity warning candidate=2026-04-27-pv13-remaining-batch-01:pv13_ustomergraphrank_auth_rank:4:60:Market score=0.793 match_level=structural
2026-04-28 04:09:38,075 | WARNING | similarity warning candidate=2026-04-27-pv13-remaining-batch-01:pv13_ustomergraphrank_auth_rank:4:120:None score=0.802 match_level=structural
2026-04-28 04:09:38,238 | WARNING | similarity warning candidate=2026-04-27-pv13-remaining-batch-01:pv13_ustomergraphrank_auth_rank:4:120:Market score=0.802 match_level=structural
2026-04-28 04:09:38,238 | INFO | duplicate skipped candidate=2026-04-27-pv13-remaining-batch-01:pv13_ustomergraphrank_hub_rank:1:20:None match_level=exact score=1.000
2026-04-28 04:09:38,238 | INFO | duplicate skipped candidate=2026-04-27-pv13-remaining-batch-01:pv13_ustomergraphrank_hub_rank:1:20:Market match_level=exact score=1.000
2026-04-28 04:09:38,362 | WARNING | similarity warning candidate=2026-04-27-pv13-remaining-batch-01:pv13_ustomergraphrank_hub_rank:1:60:None score=0.990 match_level=structural
2026-04-28 04:09:38,486 | WARNING | similarity warning candidate=2026-04-27-pv13-remaining-batch-01:pv13_ustomergraphrank_hub_rank:1:60:Market score=0.990 match_level=structural
2026-04-28 04:09:38,486 | INFO | duplicate skipped candidate=2026-04-27-pv13-remaining-batch-01:pv13_ustomergraphrank_hub_rank:1:120:None match_level=exact score=1.000
2026-04-28 04:09:38,486 | INFO | duplicate skipped candidate=2026-04-27-pv13-remaining-batch-01:pv13_ustomergraphrank_hub_rank:1:120:Market match_level=exact score=1.000
2026-04-28 04:09:38,616 | WARNING | similarity warning candidate=2026-04-27-pv13-remaining-batch-01:pv13_ustomergraphrank_hub_rank:2:20:None score=0.764 match_level=structural
2026-04-28 04:09:38,747 | WARNING | similarity warning candidate=2026-04-27-pv13-remaining-batch-01:pv13_ustomergraphrank_hub_rank:2:20:Market score=0.764 match_level=structural
2026-04-28 04:09:38,877 | WARNING | similarity warning candidate=2026-04-27-pv13-remaining-batch-01:pv13_ustomergraphrank_hub_rank:2:60:None score=0.764 match_level=structural
2026-04-28 04:09:39,007 | WARNING | similarity warning candidate=2026-04-27-pv13-remaining-batch-01:pv13_ustomergraphrank_hub_rank:2:60:Market score=0.764 match_level=structural
2026-04-28 04:09:39,139 | WARNING | similarity warning candidate=2026-04-27-pv13-remaining-batch-01:pv13_ustomergraphrank_hub_rank:2:120:None score=0.769 match_level=structural
2026-04-28 04:09:39,272 | WARNING | similarity warning candidate=2026-04-27-pv13-remaining-batch-01:pv13_ustomergraphrank_hub_rank:2:120:Market score=0.769 match_level=structural
2026-04-28 04:09:39,396 | WARNING | similarity warning candidate=2026-04-27-pv13-remaining-batch-01:pv13_ustomergraphrank_hub_rank:3:20:None score=0.759 match_level=structural
2026-04-28 04:09:39,521 | WARNING | similarity warning candidate=2026-04-27-pv13-remaining-batch-01:pv13_ustomergraphrank_hub_rank:3:20:Market score=0.759 match_level=structural
2026-04-28 04:09:39,645 | WARNING | similarity warning candidate=2026-04-27-pv13-remaining-batch-01:pv13_ustomergraphrank_hub_rank:3:60:None score=0.749 match_level=structural
2026-04-28 04:09:39,769 | WARNING | similarity warning candidate=2026-04-27-pv13-remaining-batch-01:pv13_ustomergraphrank_hub_rank:3:60:Market score=0.749 match_level=structural
2026-04-28 04:09:39,896 | WARNING | similarity warning candidate=2026-04-27-pv13-remaining-batch-01:pv13_ustomergraphrank_hub_rank:3:120:None score=0.764 match_level=structural
2026-04-28 04:09:40,024 | WARNING | similarity warning candidate=2026-04-27-pv13-remaining-batch-01:pv13_ustomergraphrank_hub_rank:3:120:Market score=0.764 match_level=structural
2026-04-28 04:09:40,181 | WARNING | similarity warning candidate=2026-04-27-pv13-remaining-batch-01:pv13_ustomergraphrank_hub_rank:4:20:None score=0.800 match_level=structural
2026-04-28 04:09:40,339 | WARNING | similarity warning candidate=2026-04-27-pv13-remaining-batch-01:pv13_ustomergraphrank_hub_rank:4:20:Market score=0.800 match_level=structural
2026-04-28 04:09:40,496 | WARNING | similarity warning candidate=2026-04-27-pv13-remaining-batch-01:pv13_ustomergraphrank_hub_rank:4:60:None score=0.792 match_level=structural
2026-04-28 04:09:40,653 | WARNING | similarity warning candidate=2026-04-27-pv13-remaining-batch-01:pv13_ustomergraphrank_hub_rank:4:60:Market score=0.792 match_level=structural
2026-04-28 04:09:40,816 | WARNING | similarity warning candidate=2026-04-27-pv13-remaining-batch-01:pv13_ustomergraphrank_hub_rank:4:120:None score=0.801 match_level=structural
2026-04-28 04:09:40,979 | WARNING | similarity warning candidate=2026-04-27-pv13-remaining-batch-01:pv13_ustomergraphrank_hub_rank:4:120:Market score=0.801 match_level=structural
2026-04-28 04:09:40,979 | INFO | duplicate skipped candidate=2026-04-27-pv13-remaining-batch-01:pv13_ompetitorgraphrank_hub_rank:1:20:None match_level=exact score=1.000
2026-04-28 04:09:40,979 | INFO | duplicate skipped candidate=2026-04-27-pv13-remaining-batch-01:pv13_ompetitorgraphrank_hub_rank:1:20:Market match_level=exact score=1.000
2026-04-28 04:09:41,108 | WARNING | similarity warning candidate=2026-04-27-pv13-remaining-batch-01:pv13_ompetitorgraphrank_hub_rank:1:60:None score=0.991 match_level=structural
2026-04-28 04:09:41,238 | WARNING | similarity warning candidate=2026-04-27-pv13-remaining-batch-01:pv13_ompetitorgraphrank_hub_rank:1:60:Market score=0.991 match_level=structural
2026-04-28 04:09:41,238 | INFO | duplicate skipped candidate=2026-04-27-pv13-remaining-batch-01:pv13_ompetitorgraphrank_hub_rank:1:120:None match_level=exact score=1.000
2026-04-28 04:09:41,238 | INFO | duplicate skipped candidate=2026-04-27-pv13-remaining-batch-01:pv13_ompetitorgraphrank_hub_rank:1:120:Market match_level=exact score=1.000
2026-04-28 04:09:41,373 | WARNING | similarity warning candidate=2026-04-27-pv13-remaining-batch-01:pv13_ompetitorgraphrank_hub_rank:2:20:None score=0.996 match_level=structural
2026-04-28 04:09:41,508 | WARNING | similarity warning candidate=2026-04-27-pv13-remaining-batch-01:pv13_ompetitorgraphrank_hub_rank:2:20:Market score=0.996 match_level=structural
2026-04-28 04:09:41,508 | INFO | duplicate skipped candidate=2026-04-27-pv13-remaining-batch-01:pv13_ompetitorgraphrank_hub_rank:2:60:None match_level=exact score=1.000
2026-04-28 04:09:41,509 | INFO | duplicate skipped candidate=2026-04-27-pv13-remaining-batch-01:pv13_ompetitorgraphrank_hub_rank:2:60:Market match_level=exact score=1.000
2026-04-28 04:09:41,509 | INFO | duplicate skipped candidate=2026-04-27-pv13-remaining-batch-01:pv13_ompetitorgraphrank_hub_rank:2:120:None match_level=exact score=1.000
2026-04-28 04:09:41,509 | INFO | duplicate skipped candidate=2026-04-27-pv13-remaining-batch-01:pv13_ompetitorgraphrank_hub_rank:2:120:Market match_level=exact score=1.000
2026-04-28 04:09:41,638 | WARNING | similarity warning candidate=2026-04-27-pv13-remaining-batch-01:pv13_ompetitorgraphrank_hub_rank:3:20:None score=0.996 match_level=structural
2026-04-28 04:09:41,769 | WARNING | similarity warning candidate=2026-04-27-pv13-remaining-batch-01:pv13_ompetitorgraphrank_hub_rank:3:20:Market score=0.996 match_level=structural
2026-04-28 04:09:41,898 | WARNING | similarity warning candidate=2026-04-27-pv13-remaining-batch-01:pv13_ompetitorgraphrank_hub_rank:3:60:None score=0.987 match_level=structural
2026-04-28 04:09:42,028 | WARNING | similarity warning candidate=2026-04-27-pv13-remaining-batch-01:pv13_ompetitorgraphrank_hub_rank:3:60:Market score=0.987 match_level=structural
2026-04-28 04:09:42,028 | INFO | duplicate skipped candidate=2026-04-27-pv13-remaining-batch-01:pv13_ompetitorgraphrank_hub_rank:3:120:None match_level=exact score=1.000
2026-04-28 04:09:42,028 | INFO | duplicate skipped candidate=2026-04-27-pv13-remaining-batch-01:pv13_ompetitorgraphrank_hub_rank:3:120:Market match_level=exact score=1.000
2026-04-28 04:09:42,191 | WARNING | similarity warning candidate=2026-04-27-pv13-remaining-batch-01:pv13_ompetitorgraphrank_hub_rank:4:20:None score=0.802 match_level=structural
2026-04-28 04:09:42,354 | WARNING | similarity warning candidate=2026-04-27-pv13-remaining-batch-01:pv13_ompetitorgraphrank_hub_rank:4:20:Market score=0.802 match_level=structural
2026-04-28 04:09:42,518 | WARNING | similarity warning candidate=2026-04-27-pv13-remaining-batch-01:pv13_ompetitorgraphrank_hub_rank:4:60:None score=0.794 match_level=structural
2026-04-28 04:09:42,681 | WARNING | similarity warning candidate=2026-04-27-pv13-remaining-batch-01:pv13_ompetitorgraphrank_hub_rank:4:60:Market score=0.794 match_level=structural
2026-04-28 04:09:42,847 | WARNING | similarity warning candidate=2026-04-27-pv13-remaining-batch-01:pv13_ompetitorgraphrank_hub_rank:4:120:None score=0.803 match_level=structural
2026-04-28 04:09:43,012 | WARNING | similarity warning candidate=2026-04-27-pv13-remaining-batch-01:pv13_ompetitorgraphrank_hub_rank:4:120:Market score=0.803 match_level=structural
2026-04-28 04:09:43,089 | WARNING | similarity warning candidate=2026-04-27-pv13-remaining-batch-01:rel_num_comp:1:20:None score=0.992 match_level=structural
2026-04-28 04:09:43,166 | WARNING | similarity warning candidate=2026-04-27-pv13-remaining-batch-01:rel_num_comp:1:20:Market score=0.992 match_level=structural
2026-04-28 04:09:43,242 | WARNING | similarity warning candidate=2026-04-27-pv13-remaining-batch-01:rel_num_comp:1:60:None score=0.976 match_level=structural
2026-04-28 04:09:43,319 | WARNING | similarity warning candidate=2026-04-27-pv13-remaining-batch-01:rel_num_comp:1:60:Market score=0.976 match_level=structural
2026-04-28 04:09:43,319 | INFO | duplicate skipped candidate=2026-04-27-pv13-remaining-batch-01:rel_num_comp:1:120:None match_level=exact score=1.000
2026-04-28 04:09:43,319 | INFO | duplicate skipped candidate=2026-04-27-pv13-remaining-batch-01:rel_num_comp:1:120:Market match_level=exact score=1.000
2026-04-28 04:09:44,395 | WARNING | similarity warning candidate=2026-04-27-pv13-remaining-batch-01:rel_num_comp:4:20:None score=0.765 match_level=structural
2026-04-28 04:09:44,505 | WARNING | similarity warning candidate=2026-04-27-pv13-remaining-batch-01:rel_num_comp:4:20:Market score=0.765 match_level=structural
2026-04-28 04:09:44,617 | WARNING | similarity warning candidate=2026-04-27-pv13-remaining-batch-01:rel_num_comp:4:60:None score=0.752 match_level=structural
2026-04-28 04:09:44,729 | WARNING | similarity warning candidate=2026-04-27-pv13-remaining-batch-01:rel_num_comp:4:60:Market score=0.752 match_level=structural
2026-04-28 04:09:44,844 | WARNING | similarity warning candidate=2026-04-27-pv13-remaining-batch-01:rel_num_comp:4:120:None score=0.773 match_level=structural
2026-04-28 04:09:44,958 | WARNING | similarity warning candidate=2026-04-27-pv13-remaining-batch-01:rel_num_comp:4:120:Market score=0.773 match_level=structural
2026-04-28 04:09:44,959 | INFO | duplicate skipped candidate=2026-04-27-pv13-remaining-batch-01:pv13_com_rk_au:1:20:None match_level=exact score=1.000
2026-04-28 04:09:44,959 | INFO | duplicate skipped candidate=2026-04-27-pv13-remaining-batch-01:pv13_com_rk_au:1:20:Market match_level=exact score=1.000
2026-04-28 04:09:44,959 | INFO | duplicate skipped candidate=2026-04-27-pv13-remaining-batch-01:pv13_com_rk_au:1:60:None match_level=exact score=1.000
2026-04-28 04:09:44,959 | INFO | duplicate skipped candidate=2026-04-27-pv13-remaining-batch-01:pv13_com_rk_au:1:60:Market match_level=exact score=1.000
2026-04-28 04:09:44,959 | INFO | duplicate skipped candidate=2026-04-27-pv13-remaining-batch-01:pv13_com_rk_au:1:120:None match_level=exact score=1.000
2026-04-28 04:09:44,959 | INFO | duplicate skipped candidate=2026-04-27-pv13-remaining-batch-01:pv13_com_rk_au:1:120:Market match_level=exact score=1.000
2026-04-28 04:09:45,048 | WARNING | similarity warning candidate=2026-04-27-pv13-remaining-batch-01:pv13_com_rk_au:2:20:None score=0.728 match_level=structural
2026-04-28 04:09:45,136 | WARNING | similarity warning candidate=2026-04-27-pv13-remaining-batch-01:pv13_com_rk_au:2:20:Market score=0.728 match_level=structural
2026-04-28 04:09:45,224 | WARNING | similarity warning candidate=2026-04-27-pv13-remaining-batch-01:pv13_com_rk_au:2:60:None score=0.715 match_level=structural
2026-04-28 04:09:45,313 | WARNING | similarity warning candidate=2026-04-27-pv13-remaining-batch-01:pv13_com_rk_au:2:60:Market score=0.715 match_level=structural
2026-04-28 04:09:45,406 | WARNING | similarity warning candidate=2026-04-27-pv13-remaining-batch-01:pv13_com_rk_au:2:120:None score=0.735 match_level=structural
2026-04-28 04:09:45,498 | WARNING | similarity warning candidate=2026-04-27-pv13-remaining-batch-01:pv13_com_rk_au:2:120:Market score=0.735 match_level=structural
2026-04-28 04:09:45,916 | WARNING | similarity warning candidate=2026-04-27-pv13-remaining-batch-01:pv13_com_rk_au:3:120:None score=0.700 match_level=structural
2026-04-28 04:09:46,002 | WARNING | similarity warning candidate=2026-04-27-pv13-remaining-batch-01:pv13_com_rk_au:3:120:Market score=0.700 match_level=structural
2026-04-28 04:09:46,118 | WARNING | similarity warning candidate=2026-04-27-pv13-remaining-batch-01:pv13_com_rk_au:4:20:None score=0.775 match_level=structural
2026-04-28 04:09:46,237 | WARNING | similarity warning candidate=2026-04-27-pv13-remaining-batch-01:pv13_com_rk_au:4:20:Market score=0.775 match_level=structural
2026-04-28 04:09:46,355 | WARNING | similarity warning candidate=2026-04-27-pv13-remaining-batch-01:pv13_com_rk_au:4:60:None score=0.775 match_level=structural
2026-04-28 04:09:46,474 | WARNING | similarity warning candidate=2026-04-27-pv13-remaining-batch-01:pv13_com_rk_au:4:60:Market score=0.775 match_level=structural
2026-04-28 04:09:46,595 | WARNING | similarity warning candidate=2026-04-27-pv13-remaining-batch-01:pv13_com_rk_au:4:120:None score=0.777 match_level=structural
2026-04-28 04:09:46,714 | WARNING | similarity warning candidate=2026-04-27-pv13-remaining-batch-01:pv13_com_rk_au:4:120:Market score=0.777 match_level=structural
2026-04-28 04:09:46,795 | WARNING | similarity warning candidate=2026-04-27-pv13-remaining-batch-01:rel_num_cust:1:20:None score=0.743 match_level=structural
2026-04-28 04:09:46,872 | WARNING | similarity warning candidate=2026-04-27-pv13-remaining-batch-01:rel_num_cust:1:20:Market score=0.743 match_level=structural
2026-04-28 04:09:46,951 | WARNING | similarity warning candidate=2026-04-27-pv13-remaining-batch-01:rel_num_cust:1:60:None score=0.727 match_level=structural
2026-04-28 04:09:47,031 | WARNING | similarity warning candidate=2026-04-27-pv13-remaining-batch-01:rel_num_cust:1:60:Market score=0.727 match_level=structural
2026-04-28 04:09:47,113 | WARNING | similarity warning candidate=2026-04-27-pv13-remaining-batch-01:rel_num_cust:1:120:None score=0.752 match_level=structural
2026-04-28 04:09:47,194 | WARNING | similarity warning candidate=2026-04-27-pv13-remaining-batch-01:rel_num_cust:1:120:Market score=0.752 match_level=structural
2026-04-28 04:09:48,903 | WARNING | similarity warning candidate=2026-04-27-pv13-remaining-batch-01:rel_ret_part:1:20:None score=0.992 match_level=structural
2026-04-28 04:09:48,979 | WARNING | similarity warning candidate=2026-04-27-pv13-remaining-batch-01:rel_ret_part:1:20:Market score=0.992 match_level=structural
2026-04-28 04:09:49,058 | WARNING | similarity warning candidate=2026-04-27-pv13-remaining-batch-01:rel_ret_part:1:60:None score=0.976 match_level=structural
2026-04-28 04:09:49,136 | WARNING | similarity warning candidate=2026-04-27-pv13-remaining-batch-01:rel_ret_part:1:60:Market score=0.976 match_level=structural
2026-04-28 04:09:49,136 | INFO | duplicate skipped candidate=2026-04-27-pv13-remaining-batch-01:rel_ret_part:1:120:None match_level=exact score=1.000
2026-04-28 04:09:49,136 | INFO | duplicate skipped candidate=2026-04-27-pv13-remaining-batch-01:rel_ret_part:1:120:Market match_level=exact score=1.000
2026-04-28 04:09:50,217 | WARNING | similarity warning candidate=2026-04-27-pv13-remaining-batch-01:rel_ret_part:4:20:None score=0.765 match_level=structural
2026-04-28 04:09:50,327 | WARNING | similarity warning candidate=2026-04-27-pv13-remaining-batch-01:rel_ret_part:4:20:Market score=0.765 match_level=structural
2026-04-28 04:09:50,438 | WARNING | similarity warning candidate=2026-04-27-pv13-remaining-batch-01:rel_ret_part:4:60:None score=0.752 match_level=structural
2026-04-28 04:09:50,548 | WARNING | similarity warning candidate=2026-04-27-pv13-remaining-batch-01:rel_ret_part:4:60:Market score=0.752 match_level=structural
2026-04-28 04:09:50,662 | WARNING | similarity warning candidate=2026-04-27-pv13-remaining-batch-01:rel_ret_part:4:120:None score=0.773 match_level=structural
2026-04-28 04:09:50,775 | WARNING | similarity warning candidate=2026-04-27-pv13-remaining-batch-01:rel_ret_part:4:120:Market score=0.773 match_level=structural
2026-04-28 04:09:50,775 | INFO | duplicate skipped candidate=2026-04-27-pv13-remaining-batch-01:pv13_revere_key_sector_total:1:20:None match_level=exact score=1.000
2026-04-28 04:09:50,775 | INFO | duplicate skipped candidate=2026-04-27-pv13-remaining-batch-01:pv13_revere_key_sector_total:1:20:Market match_level=exact score=1.000
2026-04-28 04:09:50,775 | INFO | duplicate skipped candidate=2026-04-27-pv13-remaining-batch-01:pv13_revere_key_sector_total:1:60:None match_level=exact score=1.000
2026-04-28 04:09:50,775 | INFO | duplicate skipped candidate=2026-04-27-pv13-remaining-batch-01:pv13_revere_key_sector_total:1:60:Market match_level=exact score=1.000
2026-04-28 04:09:50,775 | INFO | duplicate skipped candidate=2026-04-27-pv13-remaining-batch-01:pv13_revere_key_sector_total:1:120:None match_level=exact score=1.000
2026-04-28 04:09:50,775 | INFO | duplicate skipped candidate=2026-04-27-pv13-remaining-batch-01:pv13_revere_key_sector_total:1:120:Market match_level=exact score=1.000
2026-04-28 04:09:50,775 | INFO | duplicate skipped candidate=2026-04-27-pv13-remaining-batch-01:pv13_revere_key_sector_total:2:20:None match_level=exact score=1.000
2026-04-28 04:09:50,776 | INFO | duplicate skipped candidate=2026-04-27-pv13-remaining-batch-01:pv13_revere_key_sector_total:2:20:Market match_level=exact score=1.000
2026-04-28 04:09:50,901 | WARNING | similarity warning candidate=2026-04-27-pv13-remaining-batch-01:pv13_revere_key_sector_total:2:60:None score=0.990 match_level=structural
2026-04-28 04:09:51,025 | WARNING | similarity warning candidate=2026-04-27-pv13-remaining-batch-01:pv13_revere_key_sector_total:2:60:Market score=0.990 match_level=structural
2026-04-28 04:09:51,025 | INFO | duplicate skipped candidate=2026-04-27-pv13-remaining-batch-01:pv13_revere_key_sector_total:2:120:None match_level=exact score=1.000
2026-04-28 04:09:51,025 | INFO | duplicate skipped candidate=2026-04-27-pv13-remaining-batch-01:pv13_revere_key_sector_total:2:120:Market match_level=exact score=1.000
2026-04-28 04:09:51,144 | WARNING | similarity warning candidate=2026-04-27-pv13-remaining-batch-01:pv13_revere_key_sector_total:3:20:None score=0.995 match_level=structural
2026-04-28 04:09:51,266 | WARNING | similarity warning candidate=2026-04-27-pv13-remaining-batch-01:pv13_revere_key_sector_total:3:20:Market score=0.995 match_level=structural
2026-04-28 04:09:51,266 | INFO | duplicate skipped candidate=2026-04-27-pv13-remaining-batch-01:pv13_revere_key_sector_total:3:60:None match_level=exact score=1.000
2026-04-28 04:09:51,266 | INFO | duplicate skipped candidate=2026-04-27-pv13-remaining-batch-01:pv13_revere_key_sector_total:3:60:Market match_level=exact score=1.000
2026-04-28 04:09:51,266 | INFO | duplicate skipped candidate=2026-04-27-pv13-remaining-batch-01:pv13_revere_key_sector_total:3:120:None match_level=exact score=1.000
2026-04-28 04:09:51,266 | INFO | duplicate skipped candidate=2026-04-27-pv13-remaining-batch-01:pv13_revere_key_sector_total:3:120:Market match_level=exact score=1.000
2026-04-28 04:09:51,419 | WARNING | similarity warning candidate=2026-04-27-pv13-remaining-batch-01:pv13_revere_key_sector_total:4:20:None score=0.992 match_level=structural
2026-04-28 04:09:51,572 | WARNING | similarity warning candidate=2026-04-27-pv13-remaining-batch-01:pv13_revere_key_sector_total:4:20:Market score=0.992 match_level=structural
2026-04-28 04:09:51,572 | INFO | duplicate skipped candidate=2026-04-27-pv13-remaining-batch-01:pv13_revere_key_sector_total:4:60:None match_level=exact score=1.000
2026-04-28 04:09:51,572 | INFO | duplicate skipped candidate=2026-04-27-pv13-remaining-batch-01:pv13_revere_key_sector_total:4:60:Market match_level=exact score=1.000
2026-04-28 04:09:51,730 | WARNING | similarity warning candidate=2026-04-27-pv13-remaining-batch-01:pv13_revere_key_sector_total:4:120:None score=0.989 match_level=structural
2026-04-28 04:09:51,888 | WARNING | similarity warning candidate=2026-04-27-pv13-remaining-batch-01:pv13_revere_key_sector_total:4:120:Market score=0.989 match_level=structural
2026-04-28 04:09:51,966 | WARNING | similarity warning candidate=2026-04-27-pv13-remaining-batch-01:rel_num_part:1:20:None score=0.992 match_level=structural
2026-04-28 04:09:52,043 | WARNING | similarity warning candidate=2026-04-27-pv13-remaining-batch-01:rel_num_part:1:20:Market score=0.992 match_level=structural
2026-04-28 04:09:52,119 | WARNING | similarity warning candidate=2026-04-27-pv13-remaining-batch-01:rel_num_part:1:60:None score=0.976 match_level=structural
2026-04-28 04:09:52,196 | WARNING | similarity warning candidate=2026-04-27-pv13-remaining-batch-01:rel_num_part:1:60:Market score=0.976 match_level=structural
2026-04-28 04:09:52,196 | INFO | duplicate skipped candidate=2026-04-27-pv13-remaining-batch-01:rel_num_part:1:120:None match_level=exact score=1.000
2026-04-28 04:09:52,196 | INFO | duplicate skipped candidate=2026-04-27-pv13-remaining-batch-01:rel_num_part:1:120:Market match_level=exact score=1.000
2026-04-28 04:09:53,273 | WARNING | similarity warning candidate=2026-04-27-pv13-remaining-batch-01:rel_num_part:4:20:None score=0.765 match_level=structural
2026-04-28 04:09:53,384 | WARNING | similarity warning candidate=2026-04-27-pv13-remaining-batch-01:rel_num_part:4:20:Market score=0.765 match_level=structural
2026-04-28 04:09:53,494 | WARNING | similarity warning candidate=2026-04-27-pv13-remaining-batch-01:rel_num_part:4:60:None score=0.752 match_level=structural
2026-04-28 04:09:53,604 | WARNING | similarity warning candidate=2026-04-27-pv13-remaining-batch-01:rel_num_part:4:60:Market score=0.752 match_level=structural
2026-04-28 04:09:53,718 | WARNING | similarity warning candidate=2026-04-27-pv13-remaining-batch-01:rel_num_part:4:120:None score=0.773 match_level=structural
2026-04-28 04:09:53,831 | WARNING | similarity warning candidate=2026-04-27-pv13-remaining-batch-01:rel_num_part:4:120:Market score=0.773 match_level=structural
2026-04-28 04:09:53,832 | INFO | duplicate skipped candidate=2026-04-27-pv13-remaining-batch-01:pv13_revere_index_value:1:20:None match_level=exact score=1.000
2026-04-28 04:09:53,832 | INFO | duplicate skipped candidate=2026-04-27-pv13-remaining-batch-01:pv13_revere_index_value:1:20:Market match_level=exact score=1.000
2026-04-28 04:09:53,832 | INFO | duplicate skipped candidate=2026-04-27-pv13-remaining-batch-01:pv13_revere_index_value:1:60:None match_level=exact score=1.000
2026-04-28 04:09:53,832 | INFO | duplicate skipped candidate=2026-04-27-pv13-remaining-batch-01:pv13_revere_index_value:1:60:Market match_level=exact score=1.000
2026-04-28 04:09:53,832 | INFO | duplicate skipped candidate=2026-04-27-pv13-remaining-batch-01:pv13_revere_index_value:1:120:None match_level=exact score=1.000
2026-04-28 04:09:53,832 | INFO | duplicate skipped candidate=2026-04-27-pv13-remaining-batch-01:pv13_revere_index_value:1:120:Market match_level=exact score=1.000
2026-04-28 04:09:53,832 | INFO | duplicate skipped candidate=2026-04-27-pv13-remaining-batch-01:pv13_revere_index_value:2:20:None match_level=exact score=1.000
2026-04-28 04:09:53,832 | INFO | duplicate skipped candidate=2026-04-27-pv13-remaining-batch-01:pv13_revere_index_value:2:20:Market match_level=exact score=1.000
2026-04-28 04:09:53,832 | INFO | duplicate skipped candidate=2026-04-27-pv13-remaining-batch-01:pv13_revere_index_value:2:60:None match_level=exact score=1.000
2026-04-28 04:09:53,832 | INFO | duplicate skipped candidate=2026-04-27-pv13-remaining-batch-01:pv13_revere_index_value:2:60:Market match_level=exact score=1.000
2026-04-28 04:09:53,832 | INFO | duplicate skipped candidate=2026-04-27-pv13-remaining-batch-01:pv13_revere_index_value:2:120:None match_level=exact score=1.000
2026-04-28 04:09:53,832 | INFO | duplicate skipped candidate=2026-04-27-pv13-remaining-batch-01:pv13_revere_index_value:2:120:Market match_level=exact score=1.000
2026-04-28 04:09:53,832 | INFO | duplicate skipped candidate=2026-04-27-pv13-remaining-batch-01:pv13_revere_index_value:3:20:None match_level=exact score=1.000
2026-04-28 04:09:53,832 | INFO | duplicate skipped candidate=2026-04-27-pv13-remaining-batch-01:pv13_revere_index_value:3:20:Market match_level=exact score=1.000
2026-04-28 04:09:53,832 | INFO | duplicate skipped candidate=2026-04-27-pv13-remaining-batch-01:pv13_revere_index_value:3:60:None match_level=exact score=1.000
2026-04-28 04:09:53,832 | INFO | duplicate skipped candidate=2026-04-27-pv13-remaining-batch-01:pv13_revere_index_value:3:60:Market match_level=exact score=1.000
2026-04-28 04:09:53,832 | INFO | duplicate skipped candidate=2026-04-27-pv13-remaining-batch-01:pv13_revere_index_value:3:120:None match_level=exact score=1.000
2026-04-28 04:09:53,833 | INFO | duplicate skipped candidate=2026-04-27-pv13-remaining-batch-01:pv13_revere_index_value:3:120:Market match_level=exact score=1.000
2026-04-28 04:09:53,972 | WARNING | similarity warning candidate=2026-04-27-pv13-remaining-batch-01:pv13_revere_index_value:4:20:None score=0.991 match_level=structural
2026-04-28 04:09:54,114 | WARNING | similarity warning candidate=2026-04-27-pv13-remaining-batch-01:pv13_revere_index_value:4:20:Market score=0.991 match_level=structural
2026-04-28 04:09:54,114 | INFO | duplicate skipped candidate=2026-04-27-pv13-remaining-batch-01:pv13_revere_index_value:4:60:None match_level=exact score=1.000
2026-04-28 04:09:54,114 | INFO | duplicate skipped candidate=2026-04-27-pv13-remaining-batch-01:pv13_revere_index_value:4:60:Market match_level=exact score=1.000
2026-04-28 04:09:54,258 | WARNING | similarity warning candidate=2026-04-27-pv13-remaining-batch-01:pv13_revere_index_value:4:120:None score=0.987 match_level=structural
2026-04-28 04:09:54,400 | WARNING | similarity warning candidate=2026-04-27-pv13-remaining-batch-01:pv13_revere_index_value:4:120:Market score=0.987 match_level=structural
2026-04-28 04:09:54,401 | INFO | dedupe summary total=240 duplicates=66 warnings=116 remaining=174
2026-04-28 04:09:54,401 | INFO | dry-run plan start
2026-04-28 04:09:54,402 | INFO | project_root=/Users/zpdedn/Documents/project/Worldquantbrain
2026-04-28 04:09:54,402 | INFO | fields_file=/Users/zpdedn/Documents/project/Worldquantbrain/runs/research-contracts/2026-04-27-pv13-remaining-field_candidates.json
2026-04-28 04:09:54,402 | INFO | ledger_rows=300
2026-04-28 04:09:54,402 | INFO | templates=ts_rank({field}, {decay}), ts_zscore({field}, {decay}), ts_mean({field}, {decay}), ts_rank(ts_mean({field}, 63), {decay})
2026-04-28 04:09:54,402 | INFO | decays=20, 60, 120
2026-04-28 04:09:54,402 | INFO | neutralizations=None, Market
2026-04-28 04:09:54,402 | INFO | planned_candidates=1
2026-04-28 04:09:54,402 | INFO | top_recommendations=1
2026-04-28 04:09:54,402 | INFO | top_field_cap=2
2026-04-28 04:09:54,402 | INFO | --- ranked plan ---
2026-04-28 04:09:54,402 | INFO | rank field                        decay neutralization tmp  alpha_cnt coverage complexity  score     expression
2026-04-28 04:09:54,402 | INFO | 1    pv13_revere_key_sector_total 60    Market     2    3318     1.000  1           0.500     ts_zscore(pv13_revere_key_sector_total, 60)
2026-04-28 04:09:54,402 | INFO | --- top 1 (field-capped) ---
2026-04-28 04:09:54,402 | INFO | top=1 candidate=2026-04-27-pv13-remaining-batch-01:pv13_revere_key_sector_total:2:60:Market score=0.500 expr=ts_zscore(pv13_revere_key_sector_total, 60)
2026-04-28 04:09:54,402 | INFO | dry-run plan end
2026-04-28 04:09:54,402 | INFO | summary={"mode": "dry", "planned": 1, "top": 1, "total_after_dedupe": 1}
2026-04-28 04:10:39,162 | INFO | loaded field candidate file=/Users/zpdedn/Documents/project/Worldquantbrain/runs/research-contracts/2026-04-27-pv13-remaining-field_candidates.json
2026-04-28 04:10:39,162 | INFO | batch_id=2026-04-27-pv13-remaining-batch-01
2026-04-28 04:10:39,162 | INFO | field_count=10
2026-04-28 04:10:39,162 | INFO | generated_candidates=240
2026-04-28 04:10:39,165 | INFO | duplicate skipped candidate=2026-04-27-pv13-remaining-batch-01:pv13_ustomergraphrank_auth_rank:1:20:None match_level=exact score=1.000
2026-04-28 04:10:39,165 | INFO | duplicate skipped candidate=2026-04-27-pv13-remaining-batch-01:pv13_ustomergraphrank_auth_rank:1:20:Market match_level=exact score=1.000
2026-04-28 04:10:39,311 | WARNING | similarity warning candidate=2026-04-27-pv13-remaining-batch-01:pv13_ustomergraphrank_auth_rank:1:60:None score=0.991 match_level=structural
2026-04-28 04:10:39,444 | WARNING | similarity warning candidate=2026-04-27-pv13-remaining-batch-01:pv13_ustomergraphrank_auth_rank:1:60:Market score=0.991 match_level=structural
2026-04-28 04:10:39,444 | INFO | duplicate skipped candidate=2026-04-27-pv13-remaining-batch-01:pv13_ustomergraphrank_auth_rank:1:120:None match_level=exact score=1.000
2026-04-28 04:10:39,444 | INFO | duplicate skipped candidate=2026-04-27-pv13-remaining-batch-01:pv13_ustomergraphrank_auth_rank:1:120:Market match_level=exact score=1.000
2026-04-28 04:10:39,582 | WARNING | similarity warning candidate=2026-04-27-pv13-remaining-batch-01:pv13_ustomergraphrank_auth_rank:2:20:None score=0.769 match_level=structural
2026-04-28 04:10:39,718 | WARNING | similarity warning candidate=2026-04-27-pv13-remaining-batch-01:pv13_ustomergraphrank_auth_rank:2:20:Market score=0.769 match_level=structural
2026-04-28 04:10:39,850 | WARNING | similarity warning candidate=2026-04-27-pv13-remaining-batch-01:pv13_ustomergraphrank_auth_rank:2:60:None score=0.760 match_level=structural
2026-04-28 04:10:39,983 | WARNING | similarity warning candidate=2026-04-27-pv13-remaining-batch-01:pv13_ustomergraphrank_auth_rank:2:60:Market score=0.760 match_level=structural
2026-04-28 04:10:40,118 | WARNING | similarity warning candidate=2026-04-27-pv13-remaining-batch-01:pv13_ustomergraphrank_auth_rank:2:120:None score=0.774 match_level=structural
2026-04-28 04:10:40,252 | WARNING | similarity warning candidate=2026-04-27-pv13-remaining-batch-01:pv13_ustomergraphrank_auth_rank:2:120:Market score=0.774 match_level=structural
2026-04-28 04:10:40,383 | WARNING | similarity warning candidate=2026-04-27-pv13-remaining-batch-01:pv13_ustomergraphrank_auth_rank:3:20:None score=0.736 match_level=structural
2026-04-28 04:10:40,512 | WARNING | similarity warning candidate=2026-04-27-pv13-remaining-batch-01:pv13_ustomergraphrank_auth_rank:3:20:Market score=0.736 match_level=structural
2026-04-28 04:10:40,639 | WARNING | similarity warning candidate=2026-04-27-pv13-remaining-batch-01:pv13_ustomergraphrank_auth_rank:3:60:None score=0.727 match_level=structural
2026-04-28 04:10:40,768 | WARNING | similarity warning candidate=2026-04-27-pv13-remaining-batch-01:pv13_ustomergraphrank_auth_rank:3:60:Market score=0.727 match_level=structural
2026-04-28 04:10:40,899 | WARNING | similarity warning candidate=2026-04-27-pv13-remaining-batch-01:pv13_ustomergraphrank_auth_rank:3:120:None score=0.742 match_level=structural
2026-04-28 04:10:41,030 | WARNING | similarity warning candidate=2026-04-27-pv13-remaining-batch-01:pv13_ustomergraphrank_auth_rank:3:120:Market score=0.742 match_level=structural
2026-04-28 04:10:41,193 | WARNING | similarity warning candidate=2026-04-27-pv13-remaining-batch-01:pv13_ustomergraphrank_auth_rank:4:20:None score=0.801 match_level=structural
2026-04-28 04:10:41,357 | WARNING | similarity warning candidate=2026-04-27-pv13-remaining-batch-01:pv13_ustomergraphrank_auth_rank:4:20:Market score=0.801 match_level=structural
2026-04-28 04:10:41,518 | WARNING | similarity warning candidate=2026-04-27-pv13-remaining-batch-01:pv13_ustomergraphrank_auth_rank:4:60:None score=0.793 match_level=structural
2026-04-28 04:10:41,679 | WARNING | similarity warning candidate=2026-04-27-pv13-remaining-batch-01:pv13_ustomergraphrank_auth_rank:4:60:Market score=0.793 match_level=structural
2026-04-28 04:10:41,841 | WARNING | similarity warning candidate=2026-04-27-pv13-remaining-batch-01:pv13_ustomergraphrank_auth_rank:4:120:None score=0.802 match_level=structural
2026-04-28 04:10:42,005 | WARNING | similarity warning candidate=2026-04-27-pv13-remaining-batch-01:pv13_ustomergraphrank_auth_rank:4:120:Market score=0.802 match_level=structural
2026-04-28 04:10:42,006 | INFO | duplicate skipped candidate=2026-04-27-pv13-remaining-batch-01:pv13_ustomergraphrank_hub_rank:1:20:None match_level=exact score=1.000
2026-04-28 04:10:42,006 | INFO | duplicate skipped candidate=2026-04-27-pv13-remaining-batch-01:pv13_ustomergraphrank_hub_rank:1:20:Market match_level=exact score=1.000
2026-04-28 04:10:42,133 | WARNING | similarity warning candidate=2026-04-27-pv13-remaining-batch-01:pv13_ustomergraphrank_hub_rank:1:60:None score=0.990 match_level=structural
2026-04-28 04:10:42,260 | WARNING | similarity warning candidate=2026-04-27-pv13-remaining-batch-01:pv13_ustomergraphrank_hub_rank:1:60:Market score=0.990 match_level=structural
2026-04-28 04:10:42,260 | INFO | duplicate skipped candidate=2026-04-27-pv13-remaining-batch-01:pv13_ustomergraphrank_hub_rank:1:120:None match_level=exact score=1.000
2026-04-28 04:10:42,260 | INFO | duplicate skipped candidate=2026-04-27-pv13-remaining-batch-01:pv13_ustomergraphrank_hub_rank:1:120:Market match_level=exact score=1.000
2026-04-28 04:10:42,392 | WARNING | similarity warning candidate=2026-04-27-pv13-remaining-batch-01:pv13_ustomergraphrank_hub_rank:2:20:None score=0.764 match_level=structural
2026-04-28 04:10:42,524 | WARNING | similarity warning candidate=2026-04-27-pv13-remaining-batch-01:pv13_ustomergraphrank_hub_rank:2:20:Market score=0.764 match_level=structural
2026-04-28 04:10:42,654 | WARNING | similarity warning candidate=2026-04-27-pv13-remaining-batch-01:pv13_ustomergraphrank_hub_rank:2:60:None score=0.764 match_level=structural
2026-04-28 04:10:42,785 | WARNING | similarity warning candidate=2026-04-27-pv13-remaining-batch-01:pv13_ustomergraphrank_hub_rank:2:60:Market score=0.764 match_level=structural
2026-04-28 04:10:42,917 | WARNING | similarity warning candidate=2026-04-27-pv13-remaining-batch-01:pv13_ustomergraphrank_hub_rank:2:120:None score=0.769 match_level=structural
2026-04-28 04:10:43,052 | WARNING | similarity warning candidate=2026-04-27-pv13-remaining-batch-01:pv13_ustomergraphrank_hub_rank:2:120:Market score=0.769 match_level=structural
2026-04-28 04:10:43,182 | WARNING | similarity warning candidate=2026-04-27-pv13-remaining-batch-01:pv13_ustomergraphrank_hub_rank:3:20:None score=0.759 match_level=structural
2026-04-28 04:10:43,311 | WARNING | similarity warning candidate=2026-04-27-pv13-remaining-batch-01:pv13_ustomergraphrank_hub_rank:3:20:Market score=0.759 match_level=structural
2026-04-28 04:10:43,438 | WARNING | similarity warning candidate=2026-04-27-pv13-remaining-batch-01:pv13_ustomergraphrank_hub_rank:3:60:None score=0.749 match_level=structural
2026-04-28 04:10:43,564 | WARNING | similarity warning candidate=2026-04-27-pv13-remaining-batch-01:pv13_ustomergraphrank_hub_rank:3:60:Market score=0.749 match_level=structural
2026-04-28 04:10:43,697 | WARNING | similarity warning candidate=2026-04-27-pv13-remaining-batch-01:pv13_ustomergraphrank_hub_rank:3:120:None score=0.764 match_level=structural
2026-04-28 04:10:43,840 | WARNING | similarity warning candidate=2026-04-27-pv13-remaining-batch-01:pv13_ustomergraphrank_hub_rank:3:120:Market score=0.764 match_level=structural
2026-04-28 04:10:44,003 | WARNING | similarity warning candidate=2026-04-27-pv13-remaining-batch-01:pv13_ustomergraphrank_hub_rank:4:20:None score=0.800 match_level=structural
2026-04-28 04:10:44,167 | WARNING | similarity warning candidate=2026-04-27-pv13-remaining-batch-01:pv13_ustomergraphrank_hub_rank:4:20:Market score=0.800 match_level=structural
2026-04-28 04:10:44,333 | WARNING | similarity warning candidate=2026-04-27-pv13-remaining-batch-01:pv13_ustomergraphrank_hub_rank:4:60:None score=0.792 match_level=structural
2026-04-28 04:10:44,496 | WARNING | similarity warning candidate=2026-04-27-pv13-remaining-batch-01:pv13_ustomergraphrank_hub_rank:4:60:Market score=0.792 match_level=structural
2026-04-28 04:10:44,662 | WARNING | similarity warning candidate=2026-04-27-pv13-remaining-batch-01:pv13_ustomergraphrank_hub_rank:4:120:None score=0.801 match_level=structural
2026-04-28 04:10:44,835 | WARNING | similarity warning candidate=2026-04-27-pv13-remaining-batch-01:pv13_ustomergraphrank_hub_rank:4:120:Market score=0.801 match_level=structural
2026-04-28 04:10:44,835 | INFO | duplicate skipped candidate=2026-04-27-pv13-remaining-batch-01:pv13_ompetitorgraphrank_hub_rank:1:20:None match_level=exact score=1.000
2026-04-28 04:10:44,836 | INFO | duplicate skipped candidate=2026-04-27-pv13-remaining-batch-01:pv13_ompetitorgraphrank_hub_rank:1:20:Market match_level=exact score=1.000
2026-04-28 04:10:44,975 | WARNING | similarity warning candidate=2026-04-27-pv13-remaining-batch-01:pv13_ompetitorgraphrank_hub_rank:1:60:None score=0.991 match_level=structural
2026-04-28 04:10:45,116 | WARNING | similarity warning candidate=2026-04-27-pv13-remaining-batch-01:pv13_ompetitorgraphrank_hub_rank:1:60:Market score=0.991 match_level=structural
2026-04-28 04:10:45,116 | INFO | duplicate skipped candidate=2026-04-27-pv13-remaining-batch-01:pv13_ompetitorgraphrank_hub_rank:1:120:None match_level=exact score=1.000
2026-04-28 04:10:45,116 | INFO | duplicate skipped candidate=2026-04-27-pv13-remaining-batch-01:pv13_ompetitorgraphrank_hub_rank:1:120:Market match_level=exact score=1.000
2026-04-28 04:10:45,261 | WARNING | similarity warning candidate=2026-04-27-pv13-remaining-batch-01:pv13_ompetitorgraphrank_hub_rank:2:20:None score=0.996 match_level=structural
2026-04-28 04:10:45,402 | WARNING | similarity warning candidate=2026-04-27-pv13-remaining-batch-01:pv13_ompetitorgraphrank_hub_rank:2:20:Market score=0.996 match_level=structural
2026-04-28 04:10:45,402 | INFO | duplicate skipped candidate=2026-04-27-pv13-remaining-batch-01:pv13_ompetitorgraphrank_hub_rank:2:60:None match_level=exact score=1.000
2026-04-28 04:10:45,402 | INFO | duplicate skipped candidate=2026-04-27-pv13-remaining-batch-01:pv13_ompetitorgraphrank_hub_rank:2:60:Market match_level=exact score=1.000
2026-04-28 04:10:45,402 | INFO | duplicate skipped candidate=2026-04-27-pv13-remaining-batch-01:pv13_ompetitorgraphrank_hub_rank:2:120:None match_level=exact score=1.000
2026-04-28 04:10:45,402 | INFO | duplicate skipped candidate=2026-04-27-pv13-remaining-batch-01:pv13_ompetitorgraphrank_hub_rank:2:120:Market match_level=exact score=1.000
2026-04-28 04:10:45,536 | WARNING | similarity warning candidate=2026-04-27-pv13-remaining-batch-01:pv13_ompetitorgraphrank_hub_rank:3:20:None score=0.996 match_level=structural
2026-04-28 04:10:45,671 | WARNING | similarity warning candidate=2026-04-27-pv13-remaining-batch-01:pv13_ompetitorgraphrank_hub_rank:3:20:Market score=0.996 match_level=structural
2026-04-28 04:10:45,805 | WARNING | similarity warning candidate=2026-04-27-pv13-remaining-batch-01:pv13_ompetitorgraphrank_hub_rank:3:60:None score=0.987 match_level=structural
2026-04-28 04:10:45,937 | WARNING | similarity warning candidate=2026-04-27-pv13-remaining-batch-01:pv13_ompetitorgraphrank_hub_rank:3:60:Market score=0.987 match_level=structural
2026-04-28 04:10:45,937 | INFO | duplicate skipped candidate=2026-04-27-pv13-remaining-batch-01:pv13_ompetitorgraphrank_hub_rank:3:120:None match_level=exact score=1.000
2026-04-28 04:10:45,938 | INFO | duplicate skipped candidate=2026-04-27-pv13-remaining-batch-01:pv13_ompetitorgraphrank_hub_rank:3:120:Market match_level=exact score=1.000
2026-04-28 04:10:46,104 | WARNING | similarity warning candidate=2026-04-27-pv13-remaining-batch-01:pv13_ompetitorgraphrank_hub_rank:4:20:None score=0.802 match_level=structural
2026-04-28 04:10:46,276 | WARNING | similarity warning candidate=2026-04-27-pv13-remaining-batch-01:pv13_ompetitorgraphrank_hub_rank:4:20:Market score=0.802 match_level=structural
2026-04-28 04:10:46,463 | WARNING | similarity warning candidate=2026-04-27-pv13-remaining-batch-01:pv13_ompetitorgraphrank_hub_rank:4:60:None score=0.794 match_level=structural
2026-04-28 04:10:46,638 | WARNING | similarity warning candidate=2026-04-27-pv13-remaining-batch-01:pv13_ompetitorgraphrank_hub_rank:4:60:Market score=0.794 match_level=structural
2026-04-28 04:10:46,808 | WARNING | similarity warning candidate=2026-04-27-pv13-remaining-batch-01:pv13_ompetitorgraphrank_hub_rank:4:120:None score=0.803 match_level=structural
2026-04-28 04:10:46,977 | WARNING | similarity warning candidate=2026-04-27-pv13-remaining-batch-01:pv13_ompetitorgraphrank_hub_rank:4:120:Market score=0.803 match_level=structural
2026-04-28 04:10:47,055 | WARNING | similarity warning candidate=2026-04-27-pv13-remaining-batch-01:rel_num_comp:1:20:None score=0.992 match_level=structural
2026-04-28 04:10:47,136 | WARNING | similarity warning candidate=2026-04-27-pv13-remaining-batch-01:rel_num_comp:1:20:Market score=0.992 match_level=structural
2026-04-28 04:10:47,214 | WARNING | similarity warning candidate=2026-04-27-pv13-remaining-batch-01:rel_num_comp:1:60:None score=0.976 match_level=structural
2026-04-28 04:10:47,294 | WARNING | similarity warning candidate=2026-04-27-pv13-remaining-batch-01:rel_num_comp:1:60:Market score=0.976 match_level=structural
2026-04-28 04:10:47,295 | INFO | duplicate skipped candidate=2026-04-27-pv13-remaining-batch-01:rel_num_comp:1:120:None match_level=exact score=1.000
2026-04-28 04:10:47,295 | INFO | duplicate skipped candidate=2026-04-27-pv13-remaining-batch-01:rel_num_comp:1:120:Market match_level=exact score=1.000
2026-04-28 04:10:48,397 | WARNING | similarity warning candidate=2026-04-27-pv13-remaining-batch-01:rel_num_comp:4:20:None score=0.765 match_level=structural
2026-04-28 04:10:48,514 | WARNING | similarity warning candidate=2026-04-27-pv13-remaining-batch-01:rel_num_comp:4:20:Market score=0.765 match_level=structural
2026-04-28 04:10:48,629 | WARNING | similarity warning candidate=2026-04-27-pv13-remaining-batch-01:rel_num_comp:4:60:None score=0.752 match_level=structural
2026-04-28 04:10:48,740 | WARNING | similarity warning candidate=2026-04-27-pv13-remaining-batch-01:rel_num_comp:4:60:Market score=0.752 match_level=structural
2026-04-28 04:10:48,858 | WARNING | similarity warning candidate=2026-04-27-pv13-remaining-batch-01:rel_num_comp:4:120:None score=0.773 match_level=structural
2026-04-28 04:10:48,973 | WARNING | similarity warning candidate=2026-04-27-pv13-remaining-batch-01:rel_num_comp:4:120:Market score=0.773 match_level=structural
2026-04-28 04:10:48,973 | INFO | duplicate skipped candidate=2026-04-27-pv13-remaining-batch-01:pv13_com_rk_au:1:20:None match_level=exact score=1.000
2026-04-28 04:10:48,973 | INFO | duplicate skipped candidate=2026-04-27-pv13-remaining-batch-01:pv13_com_rk_au:1:20:Market match_level=exact score=1.000
2026-04-28 04:10:48,973 | INFO | duplicate skipped candidate=2026-04-27-pv13-remaining-batch-01:pv13_com_rk_au:1:60:None match_level=exact score=1.000
2026-04-28 04:10:48,973 | INFO | duplicate skipped candidate=2026-04-27-pv13-remaining-batch-01:pv13_com_rk_au:1:60:Market match_level=exact score=1.000
2026-04-28 04:10:48,973 | INFO | duplicate skipped candidate=2026-04-27-pv13-remaining-batch-01:pv13_com_rk_au:1:120:None match_level=exact score=1.000
2026-04-28 04:10:48,973 | INFO | duplicate skipped candidate=2026-04-27-pv13-remaining-batch-01:pv13_com_rk_au:1:120:Market match_level=exact score=1.000
2026-04-28 04:10:49,063 | WARNING | similarity warning candidate=2026-04-27-pv13-remaining-batch-01:pv13_com_rk_au:2:20:None score=0.728 match_level=structural
2026-04-28 04:10:49,155 | WARNING | similarity warning candidate=2026-04-27-pv13-remaining-batch-01:pv13_com_rk_au:2:20:Market score=0.728 match_level=structural
2026-04-28 04:10:49,246 | WARNING | similarity warning candidate=2026-04-27-pv13-remaining-batch-01:pv13_com_rk_au:2:60:None score=0.715 match_level=structural
2026-04-28 04:10:49,336 | WARNING | similarity warning candidate=2026-04-27-pv13-remaining-batch-01:pv13_com_rk_au:2:60:Market score=0.715 match_level=structural
2026-04-28 04:10:49,429 | WARNING | similarity warning candidate=2026-04-27-pv13-remaining-batch-01:pv13_com_rk_au:2:120:None score=0.735 match_level=structural
2026-04-28 04:10:49,522 | WARNING | similarity warning candidate=2026-04-27-pv13-remaining-batch-01:pv13_com_rk_au:2:120:Market score=0.735 match_level=structural
2026-04-28 04:10:49,946 | WARNING | similarity warning candidate=2026-04-27-pv13-remaining-batch-01:pv13_com_rk_au:3:120:None score=0.700 match_level=structural
2026-04-28 04:10:50,034 | WARNING | similarity warning candidate=2026-04-27-pv13-remaining-batch-01:pv13_com_rk_au:3:120:Market score=0.700 match_level=structural
2026-04-28 04:10:50,152 | WARNING | similarity warning candidate=2026-04-27-pv13-remaining-batch-01:pv13_com_rk_au:4:20:None score=0.775 match_level=structural
2026-04-28 04:10:50,270 | WARNING | similarity warning candidate=2026-04-27-pv13-remaining-batch-01:pv13_com_rk_au:4:20:Market score=0.775 match_level=structural
2026-04-28 04:10:50,390 | WARNING | similarity warning candidate=2026-04-27-pv13-remaining-batch-01:pv13_com_rk_au:4:60:None score=0.775 match_level=structural
2026-04-28 04:10:50,507 | WARNING | similarity warning candidate=2026-04-27-pv13-remaining-batch-01:pv13_com_rk_au:4:60:Market score=0.775 match_level=structural
2026-04-28 04:10:50,629 | WARNING | similarity warning candidate=2026-04-27-pv13-remaining-batch-01:pv13_com_rk_au:4:120:None score=0.777 match_level=structural
2026-04-28 04:10:50,750 | WARNING | similarity warning candidate=2026-04-27-pv13-remaining-batch-01:pv13_com_rk_au:4:120:Market score=0.777 match_level=structural
2026-04-28 04:10:50,829 | WARNING | similarity warning candidate=2026-04-27-pv13-remaining-batch-01:rel_num_cust:1:20:None score=0.743 match_level=structural
2026-04-28 04:10:50,907 | WARNING | similarity warning candidate=2026-04-27-pv13-remaining-batch-01:rel_num_cust:1:20:Market score=0.743 match_level=structural
2026-04-28 04:10:50,985 | WARNING | similarity warning candidate=2026-04-27-pv13-remaining-batch-01:rel_num_cust:1:60:None score=0.727 match_level=structural
2026-04-28 04:10:51,063 | WARNING | similarity warning candidate=2026-04-27-pv13-remaining-batch-01:rel_num_cust:1:60:Market score=0.727 match_level=structural
2026-04-28 04:10:51,144 | WARNING | similarity warning candidate=2026-04-27-pv13-remaining-batch-01:rel_num_cust:1:120:None score=0.752 match_level=structural
2026-04-28 04:10:51,224 | WARNING | similarity warning candidate=2026-04-27-pv13-remaining-batch-01:rel_num_cust:1:120:Market score=0.752 match_level=structural
2026-04-28 04:10:52,966 | WARNING | similarity warning candidate=2026-04-27-pv13-remaining-batch-01:rel_ret_part:1:20:None score=0.992 match_level=structural
2026-04-28 04:10:53,045 | WARNING | similarity warning candidate=2026-04-27-pv13-remaining-batch-01:rel_ret_part:1:20:Market score=0.992 match_level=structural
2026-04-28 04:10:53,123 | WARNING | similarity warning candidate=2026-04-27-pv13-remaining-batch-01:rel_ret_part:1:60:None score=0.976 match_level=structural
2026-04-28 04:10:53,201 | WARNING | similarity warning candidate=2026-04-27-pv13-remaining-batch-01:rel_ret_part:1:60:Market score=0.976 match_level=structural
2026-04-28 04:10:53,201 | INFO | duplicate skipped candidate=2026-04-27-pv13-remaining-batch-01:rel_ret_part:1:120:None match_level=exact score=1.000
2026-04-28 04:10:53,201 | INFO | duplicate skipped candidate=2026-04-27-pv13-remaining-batch-01:rel_ret_part:1:120:Market match_level=exact score=1.000
2026-04-28 04:10:54,294 | WARNING | similarity warning candidate=2026-04-27-pv13-remaining-batch-01:rel_ret_part:4:20:None score=0.765 match_level=structural
2026-04-28 04:10:54,407 | WARNING | similarity warning candidate=2026-04-27-pv13-remaining-batch-01:rel_ret_part:4:20:Market score=0.765 match_level=structural
2026-04-28 04:10:54,521 | WARNING | similarity warning candidate=2026-04-27-pv13-remaining-batch-01:rel_ret_part:4:60:None score=0.752 match_level=structural
2026-04-28 04:10:54,632 | WARNING | similarity warning candidate=2026-04-27-pv13-remaining-batch-01:rel_ret_part:4:60:Market score=0.752 match_level=structural
2026-04-28 04:10:54,747 | WARNING | similarity warning candidate=2026-04-27-pv13-remaining-batch-01:rel_ret_part:4:120:None score=0.773 match_level=structural
2026-04-28 04:10:54,862 | WARNING | similarity warning candidate=2026-04-27-pv13-remaining-batch-01:rel_ret_part:4:120:Market score=0.773 match_level=structural
2026-04-28 04:10:54,862 | INFO | duplicate skipped candidate=2026-04-27-pv13-remaining-batch-01:pv13_revere_key_sector_total:1:20:None match_level=exact score=1.000
2026-04-28 04:10:54,862 | INFO | duplicate skipped candidate=2026-04-27-pv13-remaining-batch-01:pv13_revere_key_sector_total:1:20:Market match_level=exact score=1.000
2026-04-28 04:10:54,862 | INFO | duplicate skipped candidate=2026-04-27-pv13-remaining-batch-01:pv13_revere_key_sector_total:1:60:None match_level=exact score=1.000
2026-04-28 04:10:54,862 | INFO | duplicate skipped candidate=2026-04-27-pv13-remaining-batch-01:pv13_revere_key_sector_total:1:60:Market match_level=exact score=1.000
2026-04-28 04:10:54,862 | INFO | duplicate skipped candidate=2026-04-27-pv13-remaining-batch-01:pv13_revere_key_sector_total:1:120:None match_level=exact score=1.000
2026-04-28 04:10:54,862 | INFO | duplicate skipped candidate=2026-04-27-pv13-remaining-batch-01:pv13_revere_key_sector_total:1:120:Market match_level=exact score=1.000
2026-04-28 04:10:54,862 | INFO | duplicate skipped candidate=2026-04-27-pv13-remaining-batch-01:pv13_revere_key_sector_total:2:20:None match_level=exact score=1.000
2026-04-28 04:10:54,862 | INFO | duplicate skipped candidate=2026-04-27-pv13-remaining-batch-01:pv13_revere_key_sector_total:2:20:Market match_level=exact score=1.000
2026-04-28 04:10:54,989 | WARNING | similarity warning candidate=2026-04-27-pv13-remaining-batch-01:pv13_revere_key_sector_total:2:60:None score=0.990 match_level=structural
2026-04-28 04:10:55,115 | WARNING | similarity warning candidate=2026-04-27-pv13-remaining-batch-01:pv13_revere_key_sector_total:2:60:Market score=0.990 match_level=structural
2026-04-28 04:10:55,116 | INFO | duplicate skipped candidate=2026-04-27-pv13-remaining-batch-01:pv13_revere_key_sector_total:2:120:None match_level=exact score=1.000
2026-04-28 04:10:55,116 | INFO | duplicate skipped candidate=2026-04-27-pv13-remaining-batch-01:pv13_revere_key_sector_total:2:120:Market match_level=exact score=1.000
2026-04-28 04:10:55,239 | WARNING | similarity warning candidate=2026-04-27-pv13-remaining-batch-01:pv13_revere_key_sector_total:3:20:None score=0.995 match_level=structural
2026-04-28 04:10:55,362 | WARNING | similarity warning candidate=2026-04-27-pv13-remaining-batch-01:pv13_revere_key_sector_total:3:20:Market score=0.995 match_level=structural
2026-04-28 04:10:55,363 | INFO | duplicate skipped candidate=2026-04-27-pv13-remaining-batch-01:pv13_revere_key_sector_total:3:60:None match_level=exact score=1.000
2026-04-28 04:10:55,363 | INFO | duplicate skipped candidate=2026-04-27-pv13-remaining-batch-01:pv13_revere_key_sector_total:3:60:Market match_level=exact score=1.000
2026-04-28 04:10:55,363 | INFO | duplicate skipped candidate=2026-04-27-pv13-remaining-batch-01:pv13_revere_key_sector_total:3:120:None match_level=exact score=1.000
2026-04-28 04:10:55,363 | INFO | duplicate skipped candidate=2026-04-27-pv13-remaining-batch-01:pv13_revere_key_sector_total:3:120:Market match_level=exact score=1.000
2026-04-28 04:10:55,518 | WARNING | similarity warning candidate=2026-04-27-pv13-remaining-batch-01:pv13_revere_key_sector_total:4:20:None score=0.992 match_level=structural
2026-04-28 04:10:55,674 | WARNING | similarity warning candidate=2026-04-27-pv13-remaining-batch-01:pv13_revere_key_sector_total:4:20:Market score=0.992 match_level=structural
2026-04-28 04:10:55,674 | INFO | duplicate skipped candidate=2026-04-27-pv13-remaining-batch-01:pv13_revere_key_sector_total:4:60:None match_level=exact score=1.000
2026-04-28 04:10:55,674 | INFO | duplicate skipped candidate=2026-04-27-pv13-remaining-batch-01:pv13_revere_key_sector_total:4:60:Market match_level=exact score=1.000
2026-04-28 04:10:55,831 | WARNING | similarity warning candidate=2026-04-27-pv13-remaining-batch-01:pv13_revere_key_sector_total:4:120:None score=0.989 match_level=structural
2026-04-28 04:10:55,990 | WARNING | similarity warning candidate=2026-04-27-pv13-remaining-batch-01:pv13_revere_key_sector_total:4:120:Market score=0.989 match_level=structural
2026-04-28 04:10:56,067 | WARNING | similarity warning candidate=2026-04-27-pv13-remaining-batch-01:rel_num_part:1:20:None score=0.992 match_level=structural
2026-04-28 04:10:56,146 | WARNING | similarity warning candidate=2026-04-27-pv13-remaining-batch-01:rel_num_part:1:20:Market score=0.992 match_level=structural
2026-04-28 04:10:56,224 | WARNING | similarity warning candidate=2026-04-27-pv13-remaining-batch-01:rel_num_part:1:60:None score=0.976 match_level=structural
2026-04-28 04:10:56,302 | WARNING | similarity warning candidate=2026-04-27-pv13-remaining-batch-01:rel_num_part:1:60:Market score=0.976 match_level=structural
2026-04-28 04:10:56,302 | INFO | duplicate skipped candidate=2026-04-27-pv13-remaining-batch-01:rel_num_part:1:120:None match_level=exact score=1.000
2026-04-28 04:10:56,302 | INFO | duplicate skipped candidate=2026-04-27-pv13-remaining-batch-01:rel_num_part:1:120:Market match_level=exact score=1.000
2026-04-28 04:10:57,386 | WARNING | similarity warning candidate=2026-04-27-pv13-remaining-batch-01:rel_num_part:4:20:None score=0.765 match_level=structural
2026-04-28 04:10:57,497 | WARNING | similarity warning candidate=2026-04-27-pv13-remaining-batch-01:rel_num_part:4:20:Market score=0.765 match_level=structural
2026-04-28 04:10:57,607 | WARNING | similarity warning candidate=2026-04-27-pv13-remaining-batch-01:rel_num_part:4:60:None score=0.752 match_level=structural
2026-04-28 04:10:57,718 | WARNING | similarity warning candidate=2026-04-27-pv13-remaining-batch-01:rel_num_part:4:60:Market score=0.752 match_level=structural
2026-04-28 04:10:57,832 | WARNING | similarity warning candidate=2026-04-27-pv13-remaining-batch-01:rel_num_part:4:120:None score=0.773 match_level=structural
2026-04-28 04:10:57,947 | WARNING | similarity warning candidate=2026-04-27-pv13-remaining-batch-01:rel_num_part:4:120:Market score=0.773 match_level=structural
2026-04-28 04:10:57,947 | INFO | duplicate skipped candidate=2026-04-27-pv13-remaining-batch-01:pv13_revere_index_value:1:20:None match_level=exact score=1.000
2026-04-28 04:10:57,947 | INFO | duplicate skipped candidate=2026-04-27-pv13-remaining-batch-01:pv13_revere_index_value:1:20:Market match_level=exact score=1.000
2026-04-28 04:10:57,947 | INFO | duplicate skipped candidate=2026-04-27-pv13-remaining-batch-01:pv13_revere_index_value:1:60:None match_level=exact score=1.000
2026-04-28 04:10:57,947 | INFO | duplicate skipped candidate=2026-04-27-pv13-remaining-batch-01:pv13_revere_index_value:1:60:Market match_level=exact score=1.000
2026-04-28 04:10:57,947 | INFO | duplicate skipped candidate=2026-04-27-pv13-remaining-batch-01:pv13_revere_index_value:1:120:None match_level=exact score=1.000
2026-04-28 04:10:57,947 | INFO | duplicate skipped candidate=2026-04-27-pv13-remaining-batch-01:pv13_revere_index_value:1:120:Market match_level=exact score=1.000
2026-04-28 04:10:57,947 | INFO | duplicate skipped candidate=2026-04-27-pv13-remaining-batch-01:pv13_revere_index_value:2:20:None match_level=exact score=1.000
2026-04-28 04:10:57,947 | INFO | duplicate skipped candidate=2026-04-27-pv13-remaining-batch-01:pv13_revere_index_value:2:20:Market match_level=exact score=1.000
2026-04-28 04:10:57,947 | INFO | duplicate skipped candidate=2026-04-27-pv13-remaining-batch-01:pv13_revere_index_value:2:60:None match_level=exact score=1.000
2026-04-28 04:10:57,948 | INFO | duplicate skipped candidate=2026-04-27-pv13-remaining-batch-01:pv13_revere_index_value:2:60:Market match_level=exact score=1.000
2026-04-28 04:10:57,948 | INFO | duplicate skipped candidate=2026-04-27-pv13-remaining-batch-01:pv13_revere_index_value:2:120:None match_level=exact score=1.000
2026-04-28 04:10:57,948 | INFO | duplicate skipped candidate=2026-04-27-pv13-remaining-batch-01:pv13_revere_index_value:2:120:Market match_level=exact score=1.000
2026-04-28 04:10:57,948 | INFO | duplicate skipped candidate=2026-04-27-pv13-remaining-batch-01:pv13_revere_index_value:3:20:None match_level=exact score=1.000
2026-04-28 04:10:57,948 | INFO | duplicate skipped candidate=2026-04-27-pv13-remaining-batch-01:pv13_revere_index_value:3:20:Market match_level=exact score=1.000
2026-04-28 04:10:57,948 | INFO | duplicate skipped candidate=2026-04-27-pv13-remaining-batch-01:pv13_revere_index_value:3:60:None match_level=exact score=1.000
2026-04-28 04:10:57,948 | INFO | duplicate skipped candidate=2026-04-27-pv13-remaining-batch-01:pv13_revere_index_value:3:60:Market match_level=exact score=1.000
2026-04-28 04:10:57,948 | INFO | duplicate skipped candidate=2026-04-27-pv13-remaining-batch-01:pv13_revere_index_value:3:120:None match_level=exact score=1.000
2026-04-28 04:10:57,948 | INFO | duplicate skipped candidate=2026-04-27-pv13-remaining-batch-01:pv13_revere_index_value:3:120:Market match_level=exact score=1.000
2026-04-28 04:10:58,089 | WARNING | similarity warning candidate=2026-04-27-pv13-remaining-batch-01:pv13_revere_index_value:4:20:None score=0.991 match_level=structural
2026-04-28 04:10:58,232 | WARNING | similarity warning candidate=2026-04-27-pv13-remaining-batch-01:pv13_revere_index_value:4:20:Market score=0.991 match_level=structural
2026-04-28 04:10:58,232 | INFO | duplicate skipped candidate=2026-04-27-pv13-remaining-batch-01:pv13_revere_index_value:4:60:None match_level=exact score=1.000
2026-04-28 04:10:58,232 | INFO | duplicate skipped candidate=2026-04-27-pv13-remaining-batch-01:pv13_revere_index_value:4:60:Market match_level=exact score=1.000
2026-04-28 04:10:58,377 | WARNING | similarity warning candidate=2026-04-27-pv13-remaining-batch-01:pv13_revere_index_value:4:120:None score=0.987 match_level=structural
2026-04-28 04:10:58,520 | WARNING | similarity warning candidate=2026-04-27-pv13-remaining-batch-01:pv13_revere_index_value:4:120:Market score=0.987 match_level=structural
2026-04-28 04:10:58,520 | INFO | dedupe summary total=240 duplicates=66 warnings=116 remaining=174
2026-04-28 04:10:58,521 | INFO | dry-run plan start
2026-04-28 04:10:58,521 | INFO | project_root=/Users/zpdedn/Documents/project/Worldquantbrain
2026-04-28 04:10:58,521 | INFO | fields_file=/Users/zpdedn/Documents/project/Worldquantbrain/runs/research-contracts/2026-04-27-pv13-remaining-field_candidates.json
2026-04-28 04:10:58,522 | INFO | ledger_rows=300
2026-04-28 04:10:58,522 | INFO | templates=ts_rank({field}, {decay}), ts_zscore({field}, {decay}), ts_mean({field}, {decay}), ts_rank(ts_mean({field}, 63), {decay})
2026-04-28 04:10:58,522 | INFO | decays=20, 60, 120
2026-04-28 04:10:58,522 | INFO | neutralizations=None, Market
2026-04-28 04:10:58,522 | INFO | planned_candidates=1
2026-04-28 04:10:58,522 | INFO | top_recommendations=1
2026-04-28 04:10:58,522 | INFO | top_field_cap=2
2026-04-28 04:10:58,522 | INFO | --- ranked plan ---
2026-04-28 04:10:58,522 | INFO | rank field                        decay neutralization tmp  alpha_cnt coverage complexity  score     expression
2026-04-28 04:10:58,522 | INFO | 1    pv13_revere_key_sector_total 60    Market     2    3318     1.000  1           0.500     ts_zscore(pv13_revere_key_sector_total, 60)
2026-04-28 04:10:58,522 | INFO | --- top 1 (field-capped) ---
2026-04-28 04:10:58,522 | INFO | top=1 candidate=2026-04-27-pv13-remaining-batch-01:pv13_revere_key_sector_total:2:60:Market score=0.500 expr=ts_zscore(pv13_revere_key_sector_total, 60)
2026-04-28 04:10:58,522 | INFO | dry-run plan end
2026-04-28 04:10:58,522 | INFO | summary={"mode": "dry", "planned": 1, "top": 1, "total_after_dedupe": 1}
2026-04-28 04:15:34,762 | INFO | progress saved path=/Users/zpdedn/Documents/project/Worldquantbrain/runs/concurrent-smoke-progress-179d1bca.json records=1
2026-04-28 04:15:34,763 | INFO | progress saved path=/Users/zpdedn/Documents/project/Worldquantbrain/runs/concurrent-smoke-progress-179d1bca.json records=2
2026-04-28 04:15:34,766 | INFO | progress saved path=/Users/zpdedn/Documents/project/Worldquantbrain/runs/concurrent-smoke-progress-179d1bca.json records=2
2026-04-28 04:15:34,767 | INFO | progress saved path=/Users/zpdedn/Documents/project/Worldquantbrain/runs/concurrent-smoke-progress-179d1bca.json records=2
2026-04-28 04:15:34,768 | INFO | concurrent tasks finished count=2
2026-04-28 04:15:34,769 | INFO | live mode end summary={"completed": 2, "concurrent": true, "daily_count": 0, "failed": 0, "missing_config": [], "mode": "live", "planned": 2, "resumed": 0, "skipped_active": 0, "skipped_completed": 0, "slot_status": {"available_total": 2, "lock_path": "/Users/zpdedn/Documents/project/Worldquantbrain/runs/slot_status.lock", "max_slots": 2, "protocol_default_max_slots": 2, "recent_events": [{"action": "acquire", "available_after": 1, "available_before": 2, "region": "USA", "timestamp": "2026-04-27T20:15:34+00:00", "total_active": 1}, {"action": "acquire", "available_after": 0, "available_before": 1, "region": "USA", "timestamp": "2026-04-27T20:15:34+00:00", "total_active": 2}, {"action": "release", "available_after": 1, "available_before": 0, "region": "USA", "timestamp": "2026-04-27T20:15:34+00:00", "total_active": 1}, {"action": "release", "available_after": 2, "available_before": 1, "region": "USA", "timestamp": "2026-04-27T20:15:34+00:00", "total_active": 0}], "region_quotas": {}, "regions": {"USA": {"active": 0, "available": 2, "quota": 2}}, "schema_version": 1, "state_path": "/Users/zpdedn/Documents/project/Worldquantbrain/runs/slot_status.json", "total_active": 0, "updated_at": "2026-04-27T20:15:34+00:00"}, "strategy_optimizer": {"parameters": {"exploration_rate": 0.34636274999999994, "mutation_rate": 0.125712, "temperature": 0.7966035}, "state_path": "/Users/zpdedn/Documents/project/Worldquantbrain/runs/optimizer_state.json", "success_rate": 1.0}, "submitted": 2, "test_mode": false}
2026-04-28 04:41:33,546 | INFO | loaded field candidate file=/Users/zpdedn/Documents/project/Worldquantbrain/runs/research-contracts/2026-04-27-pv13-remaining-field_candidates.json
2026-04-28 04:41:33,547 | INFO | batch_id=2026-04-27-pv13-remaining-batch-01
2026-04-28 04:41:33,547 | INFO | field_count=10
2026-04-28 04:41:33,547 | INFO | generated_candidates=240
2026-04-28 04:41:33,550 | INFO | duplicate skipped candidate=2026-04-27-pv13-remaining-batch-01:pv13_ustomergraphrank_auth_rank:1:20:None match_level=exact score=1.000
2026-04-28 04:41:33,550 | INFO | duplicate skipped candidate=2026-04-27-pv13-remaining-batch-01:pv13_ustomergraphrank_auth_rank:1:20:Market match_level=exact score=1.000
2026-04-28 04:41:33,702 | WARNING | similarity warning candidate=2026-04-27-pv13-remaining-batch-01:pv13_ustomergraphrank_auth_rank:1:60:None score=0.991 match_level=structural
2026-04-28 04:41:33,839 | WARNING | similarity warning candidate=2026-04-27-pv13-remaining-batch-01:pv13_ustomergraphrank_auth_rank:1:60:Market score=0.991 match_level=structural
2026-04-28 04:41:33,839 | INFO | duplicate skipped candidate=2026-04-27-pv13-remaining-batch-01:pv13_ustomergraphrank_auth_rank:1:120:None match_level=exact score=1.000
2026-04-28 04:41:33,839 | INFO | duplicate skipped candidate=2026-04-27-pv13-remaining-batch-01:pv13_ustomergraphrank_auth_rank:1:120:Market match_level=exact score=1.000
2026-04-28 04:41:33,982 | WARNING | similarity warning candidate=2026-04-27-pv13-remaining-batch-01:pv13_ustomergraphrank_auth_rank:2:20:None score=0.769 match_level=structural
2026-04-28 04:41:34,118 | WARNING | similarity warning candidate=2026-04-27-pv13-remaining-batch-01:pv13_ustomergraphrank_auth_rank:2:20:Market score=0.769 match_level=structural
2026-04-28 04:41:34,251 | WARNING | similarity warning candidate=2026-04-27-pv13-remaining-batch-01:pv13_ustomergraphrank_auth_rank:2:60:None score=0.760 match_level=structural
2026-04-28 04:41:34,384 | WARNING | similarity warning candidate=2026-04-27-pv13-remaining-batch-01:pv13_ustomergraphrank_auth_rank:2:60:Market score=0.760 match_level=structural
2026-04-28 04:41:34,519 | WARNING | similarity warning candidate=2026-04-27-pv13-remaining-batch-01:pv13_ustomergraphrank_auth_rank:2:120:None score=0.774 match_level=structural
2026-04-28 04:41:34,655 | WARNING | similarity warning candidate=2026-04-27-pv13-remaining-batch-01:pv13_ustomergraphrank_auth_rank:2:120:Market score=0.774 match_level=structural
2026-04-28 04:41:34,783 | WARNING | similarity warning candidate=2026-04-27-pv13-remaining-batch-01:pv13_ustomergraphrank_auth_rank:3:20:None score=0.736 match_level=structural
2026-04-28 04:41:34,911 | WARNING | similarity warning candidate=2026-04-27-pv13-remaining-batch-01:pv13_ustomergraphrank_auth_rank:3:20:Market score=0.736 match_level=structural
2026-04-28 04:41:35,039 | WARNING | similarity warning candidate=2026-04-27-pv13-remaining-batch-01:pv13_ustomergraphrank_auth_rank:3:60:None score=0.727 match_level=structural
2026-04-28 04:41:35,166 | WARNING | similarity warning candidate=2026-04-27-pv13-remaining-batch-01:pv13_ustomergraphrank_auth_rank:3:60:Market score=0.727 match_level=structural
2026-04-28 04:41:35,297 | WARNING | similarity warning candidate=2026-04-27-pv13-remaining-batch-01:pv13_ustomergraphrank_auth_rank:3:120:None score=0.742 match_level=structural
2026-04-28 04:41:35,427 | WARNING | similarity warning candidate=2026-04-27-pv13-remaining-batch-01:pv13_ustomergraphrank_auth_rank:3:120:Market score=0.742 match_level=structural
2026-04-28 04:41:35,588 | WARNING | similarity warning candidate=2026-04-27-pv13-remaining-batch-01:pv13_ustomergraphrank_auth_rank:4:20:None score=0.801 match_level=structural
2026-04-28 04:41:35,750 | WARNING | similarity warning candidate=2026-04-27-pv13-remaining-batch-01:pv13_ustomergraphrank_auth_rank:4:20:Market score=0.801 match_level=structural
2026-04-28 04:41:35,912 | WARNING | similarity warning candidate=2026-04-27-pv13-remaining-batch-01:pv13_ustomergraphrank_auth_rank:4:60:None score=0.793 match_level=structural
2026-04-28 04:41:36,073 | WARNING | similarity warning candidate=2026-04-27-pv13-remaining-batch-01:pv13_ustomergraphrank_auth_rank:4:60:Market score=0.793 match_level=structural
2026-04-28 04:41:36,239 | WARNING | similarity warning candidate=2026-04-27-pv13-remaining-batch-01:pv13_ustomergraphrank_auth_rank:4:120:None score=0.802 match_level=structural
2026-04-28 04:41:36,402 | WARNING | similarity warning candidate=2026-04-27-pv13-remaining-batch-01:pv13_ustomergraphrank_auth_rank:4:120:Market score=0.802 match_level=structural
2026-04-28 04:41:36,402 | INFO | duplicate skipped candidate=2026-04-27-pv13-remaining-batch-01:pv13_ustomergraphrank_hub_rank:1:20:None match_level=exact score=1.000
2026-04-28 04:41:36,402 | INFO | duplicate skipped candidate=2026-04-27-pv13-remaining-batch-01:pv13_ustomergraphrank_hub_rank:1:20:Market match_level=exact score=1.000
2026-04-28 04:41:36,528 | WARNING | similarity warning candidate=2026-04-27-pv13-remaining-batch-01:pv13_ustomergraphrank_hub_rank:1:60:None score=0.990 match_level=structural
2026-04-28 04:41:36,652 | WARNING | similarity warning candidate=2026-04-27-pv13-remaining-batch-01:pv13_ustomergraphrank_hub_rank:1:60:Market score=0.990 match_level=structural
2026-04-28 04:41:36,652 | INFO | duplicate skipped candidate=2026-04-27-pv13-remaining-batch-01:pv13_ustomergraphrank_hub_rank:1:120:None match_level=exact score=1.000
2026-04-28 04:41:36,653 | INFO | duplicate skipped candidate=2026-04-27-pv13-remaining-batch-01:pv13_ustomergraphrank_hub_rank:1:120:Market match_level=exact score=1.000
2026-04-28 04:41:36,782 | WARNING | similarity warning candidate=2026-04-27-pv13-remaining-batch-01:pv13_ustomergraphrank_hub_rank:2:20:None score=0.764 match_level=structural
2026-04-28 04:41:36,912 | WARNING | similarity warning candidate=2026-04-27-pv13-remaining-batch-01:pv13_ustomergraphrank_hub_rank:2:20:Market score=0.764 match_level=structural
2026-04-28 04:41:37,042 | WARNING | similarity warning candidate=2026-04-27-pv13-remaining-batch-01:pv13_ustomergraphrank_hub_rank:2:60:None score=0.764 match_level=structural
2026-04-28 04:41:37,172 | WARNING | similarity warning candidate=2026-04-27-pv13-remaining-batch-01:pv13_ustomergraphrank_hub_rank:2:60:Market score=0.764 match_level=structural
2026-04-28 04:41:37,305 | WARNING | similarity warning candidate=2026-04-27-pv13-remaining-batch-01:pv13_ustomergraphrank_hub_rank:2:120:None score=0.769 match_level=structural
2026-04-28 04:41:37,438 | WARNING | similarity warning candidate=2026-04-27-pv13-remaining-batch-01:pv13_ustomergraphrank_hub_rank:2:120:Market score=0.769 match_level=structural
2026-04-28 04:41:37,565 | WARNING | similarity warning candidate=2026-04-27-pv13-remaining-batch-01:pv13_ustomergraphrank_hub_rank:3:20:None score=0.759 match_level=structural
2026-04-28 04:41:37,690 | WARNING | similarity warning candidate=2026-04-27-pv13-remaining-batch-01:pv13_ustomergraphrank_hub_rank:3:20:Market score=0.759 match_level=structural
2026-04-28 04:41:37,816 | WARNING | similarity warning candidate=2026-04-27-pv13-remaining-batch-01:pv13_ustomergraphrank_hub_rank:3:60:None score=0.749 match_level=structural
2026-04-28 04:41:37,942 | WARNING | similarity warning candidate=2026-04-27-pv13-remaining-batch-01:pv13_ustomergraphrank_hub_rank:3:60:Market score=0.749 match_level=structural
2026-04-28 04:41:38,069 | WARNING | similarity warning candidate=2026-04-27-pv13-remaining-batch-01:pv13_ustomergraphrank_hub_rank:3:120:None score=0.764 match_level=structural
2026-04-28 04:41:38,198 | WARNING | similarity warning candidate=2026-04-27-pv13-remaining-batch-01:pv13_ustomergraphrank_hub_rank:3:120:Market score=0.764 match_level=structural
2026-04-28 04:41:38,366 | WARNING | similarity warning candidate=2026-04-27-pv13-remaining-batch-01:pv13_ustomergraphrank_hub_rank:4:20:None score=0.800 match_level=structural
2026-04-28 04:41:38,527 | WARNING | similarity warning candidate=2026-04-27-pv13-remaining-batch-01:pv13_ustomergraphrank_hub_rank:4:20:Market score=0.800 match_level=structural
2026-04-28 04:41:38,687 | WARNING | similarity warning candidate=2026-04-27-pv13-remaining-batch-01:pv13_ustomergraphrank_hub_rank:4:60:None score=0.792 match_level=structural
2026-04-28 04:41:38,845 | WARNING | similarity warning candidate=2026-04-27-pv13-remaining-batch-01:pv13_ustomergraphrank_hub_rank:4:60:Market score=0.792 match_level=structural
2026-04-28 04:41:39,009 | WARNING | similarity warning candidate=2026-04-27-pv13-remaining-batch-01:pv13_ustomergraphrank_hub_rank:4:120:None score=0.801 match_level=structural
2026-04-28 04:41:39,170 | WARNING | similarity warning candidate=2026-04-27-pv13-remaining-batch-01:pv13_ustomergraphrank_hub_rank:4:120:Market score=0.801 match_level=structural
2026-04-28 04:41:39,171 | INFO | duplicate skipped candidate=2026-04-27-pv13-remaining-batch-01:pv13_ompetitorgraphrank_hub_rank:1:20:None match_level=exact score=1.000
2026-04-28 04:41:39,171 | INFO | duplicate skipped candidate=2026-04-27-pv13-remaining-batch-01:pv13_ompetitorgraphrank_hub_rank:1:20:Market match_level=exact score=1.000
2026-04-28 04:41:39,301 | WARNING | similarity warning candidate=2026-04-27-pv13-remaining-batch-01:pv13_ompetitorgraphrank_hub_rank:1:60:None score=0.991 match_level=structural
2026-04-28 04:41:39,431 | WARNING | similarity warning candidate=2026-04-27-pv13-remaining-batch-01:pv13_ompetitorgraphrank_hub_rank:1:60:Market score=0.991 match_level=structural
2026-04-28 04:41:39,431 | INFO | duplicate skipped candidate=2026-04-27-pv13-remaining-batch-01:pv13_ompetitorgraphrank_hub_rank:1:120:None match_level=exact score=1.000
2026-04-28 04:41:39,431 | INFO | duplicate skipped candidate=2026-04-27-pv13-remaining-batch-01:pv13_ompetitorgraphrank_hub_rank:1:120:Market match_level=exact score=1.000
2026-04-28 04:41:39,566 | WARNING | similarity warning candidate=2026-04-27-pv13-remaining-batch-01:pv13_ompetitorgraphrank_hub_rank:2:20:None score=0.996 match_level=structural
2026-04-28 04:41:39,703 | WARNING | similarity warning candidate=2026-04-27-pv13-remaining-batch-01:pv13_ompetitorgraphrank_hub_rank:2:20:Market score=0.996 match_level=structural
2026-04-28 04:41:39,703 | INFO | duplicate skipped candidate=2026-04-27-pv13-remaining-batch-01:pv13_ompetitorgraphrank_hub_rank:2:60:None match_level=exact score=1.000
2026-04-28 04:41:39,703 | INFO | duplicate skipped candidate=2026-04-27-pv13-remaining-batch-01:pv13_ompetitorgraphrank_hub_rank:2:60:Market match_level=exact score=1.000
2026-04-28 04:41:39,703 | INFO | duplicate skipped candidate=2026-04-27-pv13-remaining-batch-01:pv13_ompetitorgraphrank_hub_rank:2:120:None match_level=exact score=1.000
2026-04-28 04:41:39,704 | INFO | duplicate skipped candidate=2026-04-27-pv13-remaining-batch-01:pv13_ompetitorgraphrank_hub_rank:2:120:Market match_level=exact score=1.000
2026-04-28 04:41:39,834 | WARNING | similarity warning candidate=2026-04-27-pv13-remaining-batch-01:pv13_ompetitorgraphrank_hub_rank:3:20:None score=0.996 match_level=structural
2026-04-28 04:41:39,964 | WARNING | similarity warning candidate=2026-04-27-pv13-remaining-batch-01:pv13_ompetitorgraphrank_hub_rank:3:20:Market score=0.996 match_level=structural
2026-04-28 04:41:40,095 | WARNING | similarity warning candidate=2026-04-27-pv13-remaining-batch-01:pv13_ompetitorgraphrank_hub_rank:3:60:None score=0.987 match_level=structural
2026-04-28 04:41:40,225 | WARNING | similarity warning candidate=2026-04-27-pv13-remaining-batch-01:pv13_ompetitorgraphrank_hub_rank:3:60:Market score=0.987 match_level=structural
2026-04-28 04:41:40,225 | INFO | duplicate skipped candidate=2026-04-27-pv13-remaining-batch-01:pv13_ompetitorgraphrank_hub_rank:3:120:None match_level=exact score=1.000
2026-04-28 04:41:40,225 | INFO | duplicate skipped candidate=2026-04-27-pv13-remaining-batch-01:pv13_ompetitorgraphrank_hub_rank:3:120:Market match_level=exact score=1.000
2026-04-28 04:41:40,389 | WARNING | similarity warning candidate=2026-04-27-pv13-remaining-batch-01:pv13_ompetitorgraphrank_hub_rank:4:20:None score=0.802 match_level=structural
2026-04-28 04:41:40,554 | WARNING | similarity warning candidate=2026-04-27-pv13-remaining-batch-01:pv13_ompetitorgraphrank_hub_rank:4:20:Market score=0.802 match_level=structural
2026-04-28 04:41:40,720 | WARNING | similarity warning candidate=2026-04-27-pv13-remaining-batch-01:pv13_ompetitorgraphrank_hub_rank:4:60:None score=0.794 match_level=structural
2026-04-28 04:41:40,886 | WARNING | similarity warning candidate=2026-04-27-pv13-remaining-batch-01:pv13_ompetitorgraphrank_hub_rank:4:60:Market score=0.794 match_level=structural
2026-04-28 04:41:41,054 | WARNING | similarity warning candidate=2026-04-27-pv13-remaining-batch-01:pv13_ompetitorgraphrank_hub_rank:4:120:None score=0.803 match_level=structural
2026-04-28 04:41:41,220 | WARNING | similarity warning candidate=2026-04-27-pv13-remaining-batch-01:pv13_ompetitorgraphrank_hub_rank:4:120:Market score=0.803 match_level=structural
2026-04-28 04:41:41,296 | WARNING | similarity warning candidate=2026-04-27-pv13-remaining-batch-01:rel_num_comp:1:20:None score=0.992 match_level=structural
2026-04-28 04:41:41,373 | WARNING | similarity warning candidate=2026-04-27-pv13-remaining-batch-01:rel_num_comp:1:20:Market score=0.992 match_level=structural
2026-04-28 04:41:41,451 | WARNING | similarity warning candidate=2026-04-27-pv13-remaining-batch-01:rel_num_comp:1:60:None score=0.976 match_level=structural
2026-04-28 04:41:41,529 | WARNING | similarity warning candidate=2026-04-27-pv13-remaining-batch-01:rel_num_comp:1:60:Market score=0.976 match_level=structural
2026-04-28 04:41:41,529 | INFO | duplicate skipped candidate=2026-04-27-pv13-remaining-batch-01:rel_num_comp:1:120:None match_level=exact score=1.000
2026-04-28 04:41:41,529 | INFO | duplicate skipped candidate=2026-04-27-pv13-remaining-batch-01:rel_num_comp:1:120:Market match_level=exact score=1.000
2026-04-28 04:41:42,606 | WARNING | similarity warning candidate=2026-04-27-pv13-remaining-batch-01:rel_num_comp:4:20:None score=0.765 match_level=structural
2026-04-28 04:41:42,716 | WARNING | similarity warning candidate=2026-04-27-pv13-remaining-batch-01:rel_num_comp:4:20:Market score=0.765 match_level=structural
2026-04-28 04:41:42,827 | WARNING | similarity warning candidate=2026-04-27-pv13-remaining-batch-01:rel_num_comp:4:60:None score=0.752 match_level=structural
2026-04-28 04:41:42,937 | WARNING | similarity warning candidate=2026-04-27-pv13-remaining-batch-01:rel_num_comp:4:60:Market score=0.752 match_level=structural
2026-04-28 04:41:43,050 | WARNING | similarity warning candidate=2026-04-27-pv13-remaining-batch-01:rel_num_comp:4:120:None score=0.773 match_level=structural
2026-04-28 04:41:43,163 | WARNING | similarity warning candidate=2026-04-27-pv13-remaining-batch-01:rel_num_comp:4:120:Market score=0.773 match_level=structural
2026-04-28 04:41:43,163 | INFO | duplicate skipped candidate=2026-04-27-pv13-remaining-batch-01:pv13_com_rk_au:1:20:None match_level=exact score=1.000
2026-04-28 04:41:43,163 | INFO | duplicate skipped candidate=2026-04-27-pv13-remaining-batch-01:pv13_com_rk_au:1:20:Market match_level=exact score=1.000
2026-04-28 04:41:43,163 | INFO | duplicate skipped candidate=2026-04-27-pv13-remaining-batch-01:pv13_com_rk_au:1:60:None match_level=exact score=1.000
2026-04-28 04:41:43,163 | INFO | duplicate skipped candidate=2026-04-27-pv13-remaining-batch-01:pv13_com_rk_au:1:60:Market match_level=exact score=1.000
2026-04-28 04:41:43,163 | INFO | duplicate skipped candidate=2026-04-27-pv13-remaining-batch-01:pv13_com_rk_au:1:120:None match_level=exact score=1.000
2026-04-28 04:41:43,163 | INFO | duplicate skipped candidate=2026-04-27-pv13-remaining-batch-01:pv13_com_rk_au:1:120:Market match_level=exact score=1.000
2026-04-28 04:41:43,251 | WARNING | similarity warning candidate=2026-04-27-pv13-remaining-batch-01:pv13_com_rk_au:2:20:None score=0.728 match_level=structural
2026-04-28 04:41:43,338 | WARNING | similarity warning candidate=2026-04-27-pv13-remaining-batch-01:pv13_com_rk_au:2:20:Market score=0.728 match_level=structural
2026-04-28 04:41:43,429 | WARNING | similarity warning candidate=2026-04-27-pv13-remaining-batch-01:pv13_com_rk_au:2:60:None score=0.715 match_level=structural
2026-04-28 04:41:43,517 | WARNING | similarity warning candidate=2026-04-27-pv13-remaining-batch-01:pv13_com_rk_au:2:60:Market score=0.715 match_level=structural
2026-04-28 04:41:43,607 | WARNING | similarity warning candidate=2026-04-27-pv13-remaining-batch-01:pv13_com_rk_au:2:120:None score=0.735 match_level=structural
2026-04-28 04:41:43,698 | WARNING | similarity warning candidate=2026-04-27-pv13-remaining-batch-01:pv13_com_rk_au:2:120:Market score=0.735 match_level=structural
2026-04-28 04:41:44,112 | WARNING | similarity warning candidate=2026-04-27-pv13-remaining-batch-01:pv13_com_rk_au:3:120:None score=0.700 match_level=structural
2026-04-28 04:41:44,198 | WARNING | similarity warning candidate=2026-04-27-pv13-remaining-batch-01:pv13_com_rk_au:3:120:Market score=0.700 match_level=structural
2026-04-28 04:41:44,314 | WARNING | similarity warning candidate=2026-04-27-pv13-remaining-batch-01:pv13_com_rk_au:4:20:None score=0.775 match_level=structural
2026-04-28 04:41:44,430 | WARNING | similarity warning candidate=2026-04-27-pv13-remaining-batch-01:pv13_com_rk_au:4:20:Market score=0.775 match_level=structural
2026-04-28 04:41:44,547 | WARNING | similarity warning candidate=2026-04-27-pv13-remaining-batch-01:pv13_com_rk_au:4:60:None score=0.775 match_level=structural
2026-04-28 04:41:44,666 | WARNING | similarity warning candidate=2026-04-27-pv13-remaining-batch-01:pv13_com_rk_au:4:60:Market score=0.775 match_level=structural
2026-04-28 04:41:44,787 | WARNING | similarity warning candidate=2026-04-27-pv13-remaining-batch-01:pv13_com_rk_au:4:120:None score=0.777 match_level=structural
2026-04-28 04:41:44,908 | WARNING | similarity warning candidate=2026-04-27-pv13-remaining-batch-01:pv13_com_rk_au:4:120:Market score=0.777 match_level=structural
2026-04-28 04:41:44,986 | WARNING | similarity warning candidate=2026-04-27-pv13-remaining-batch-01:rel_num_cust:1:20:None score=0.743 match_level=structural
2026-04-28 04:41:45,066 | WARNING | similarity warning candidate=2026-04-27-pv13-remaining-batch-01:rel_num_cust:1:20:Market score=0.743 match_level=structural
2026-04-28 04:41:45,145 | WARNING | similarity warning candidate=2026-04-27-pv13-remaining-batch-01:rel_num_cust:1:60:None score=0.727 match_level=structural
2026-04-28 04:41:45,224 | WARNING | similarity warning candidate=2026-04-27-pv13-remaining-batch-01:rel_num_cust:1:60:Market score=0.727 match_level=structural
2026-04-28 04:41:45,305 | WARNING | similarity warning candidate=2026-04-27-pv13-remaining-batch-01:rel_num_cust:1:120:None score=0.752 match_level=structural
2026-04-28 04:41:45,387 | WARNING | similarity warning candidate=2026-04-27-pv13-remaining-batch-01:rel_num_cust:1:120:Market score=0.752 match_level=structural
2026-04-28 04:41:47,130 | WARNING | similarity warning candidate=2026-04-27-pv13-remaining-batch-01:rel_ret_part:1:20:None score=0.992 match_level=structural
2026-04-28 04:41:47,207 | WARNING | similarity warning candidate=2026-04-27-pv13-remaining-batch-01:rel_ret_part:1:20:Market score=0.992 match_level=structural
2026-04-28 04:41:47,284 | WARNING | similarity warning candidate=2026-04-27-pv13-remaining-batch-01:rel_ret_part:1:60:None score=0.976 match_level=structural
2026-04-28 04:41:47,362 | WARNING | similarity warning candidate=2026-04-27-pv13-remaining-batch-01:rel_ret_part:1:60:Market score=0.976 match_level=structural
2026-04-28 04:41:47,362 | INFO | duplicate skipped candidate=2026-04-27-pv13-remaining-batch-01:rel_ret_part:1:120:None match_level=exact score=1.000
2026-04-28 04:41:47,362 | INFO | duplicate skipped candidate=2026-04-27-pv13-remaining-batch-01:rel_ret_part:1:120:Market match_level=exact score=1.000
2026-04-28 04:41:48,441 | WARNING | similarity warning candidate=2026-04-27-pv13-remaining-batch-01:rel_ret_part:4:20:None score=0.765 match_level=structural
2026-04-28 04:41:48,551 | WARNING | similarity warning candidate=2026-04-27-pv13-remaining-batch-01:rel_ret_part:4:20:Market score=0.765 match_level=structural
2026-04-28 04:41:48,661 | WARNING | similarity warning candidate=2026-04-27-pv13-remaining-batch-01:rel_ret_part:4:60:None score=0.752 match_level=structural
2026-04-28 04:41:48,772 | WARNING | similarity warning candidate=2026-04-27-pv13-remaining-batch-01:rel_ret_part:4:60:Market score=0.752 match_level=structural
2026-04-28 04:41:48,886 | WARNING | similarity warning candidate=2026-04-27-pv13-remaining-batch-01:rel_ret_part:4:120:None score=0.773 match_level=structural
2026-04-28 04:41:48,999 | WARNING | similarity warning candidate=2026-04-27-pv13-remaining-batch-01:rel_ret_part:4:120:Market score=0.773 match_level=structural
2026-04-28 04:41:49,000 | INFO | duplicate skipped candidate=2026-04-27-pv13-remaining-batch-01:pv13_revere_key_sector_total:1:20:None match_level=exact score=1.000
2026-04-28 04:41:49,000 | INFO | duplicate skipped candidate=2026-04-27-pv13-remaining-batch-01:pv13_revere_key_sector_total:1:20:Market match_level=exact score=1.000
2026-04-28 04:41:49,000 | INFO | duplicate skipped candidate=2026-04-27-pv13-remaining-batch-01:pv13_revere_key_sector_total:1:60:None match_level=exact score=1.000
2026-04-28 04:41:49,000 | INFO | duplicate skipped candidate=2026-04-27-pv13-remaining-batch-01:pv13_revere_key_sector_total:1:60:Market match_level=exact score=1.000
2026-04-28 04:41:49,000 | INFO | duplicate skipped candidate=2026-04-27-pv13-remaining-batch-01:pv13_revere_key_sector_total:1:120:None match_level=exact score=1.000
2026-04-28 04:41:49,000 | INFO | duplicate skipped candidate=2026-04-27-pv13-remaining-batch-01:pv13_revere_key_sector_total:1:120:Market match_level=exact score=1.000
2026-04-28 04:41:49,000 | INFO | duplicate skipped candidate=2026-04-27-pv13-remaining-batch-01:pv13_revere_key_sector_total:2:20:None match_level=exact score=1.000
2026-04-28 04:41:49,000 | INFO | duplicate skipped candidate=2026-04-27-pv13-remaining-batch-01:pv13_revere_key_sector_total:2:20:Market match_level=exact score=1.000
2026-04-28 04:41:49,125 | WARNING | similarity warning candidate=2026-04-27-pv13-remaining-batch-01:pv13_revere_key_sector_total:2:60:None score=0.990 match_level=structural
2026-04-28 04:41:49,249 | WARNING | similarity warning candidate=2026-04-27-pv13-remaining-batch-01:pv13_revere_key_sector_total:2:60:Market score=0.990 match_level=structural
2026-04-28 04:41:49,249 | INFO | duplicate skipped candidate=2026-04-27-pv13-remaining-batch-01:pv13_revere_key_sector_total:2:120:None match_level=exact score=1.000
2026-04-28 04:41:49,249 | INFO | duplicate skipped candidate=2026-04-27-pv13-remaining-batch-01:pv13_revere_key_sector_total:2:120:Market match_level=exact score=1.000
2026-04-28 04:41:49,369 | WARNING | similarity warning candidate=2026-04-27-pv13-remaining-batch-01:pv13_revere_key_sector_total:3:20:None score=0.995 match_level=structural
2026-04-28 04:41:49,488 | WARNING | similarity warning candidate=2026-04-27-pv13-remaining-batch-01:pv13_revere_key_sector_total:3:20:Market score=0.995 match_level=structural
2026-04-28 04:41:49,488 | INFO | duplicate skipped candidate=2026-04-27-pv13-remaining-batch-01:pv13_revere_key_sector_total:3:60:None match_level=exact score=1.000
2026-04-28 04:41:49,488 | INFO | duplicate skipped candidate=2026-04-27-pv13-remaining-batch-01:pv13_revere_key_sector_total:3:60:Market match_level=exact score=1.000
2026-04-28 04:41:49,488 | INFO | duplicate skipped candidate=2026-04-27-pv13-remaining-batch-01:pv13_revere_key_sector_total:3:120:None match_level=exact score=1.000
2026-04-28 04:41:49,488 | INFO | duplicate skipped candidate=2026-04-27-pv13-remaining-batch-01:pv13_revere_key_sector_total:3:120:Market match_level=exact score=1.000
2026-04-28 04:41:49,640 | WARNING | similarity warning candidate=2026-04-27-pv13-remaining-batch-01:pv13_revere_key_sector_total:4:20:None score=0.992 match_level=structural
2026-04-28 04:41:49,794 | WARNING | similarity warning candidate=2026-04-27-pv13-remaining-batch-01:pv13_revere_key_sector_total:4:20:Market score=0.992 match_level=structural
2026-04-28 04:41:49,794 | INFO | duplicate skipped candidate=2026-04-27-pv13-remaining-batch-01:pv13_revere_key_sector_total:4:60:None match_level=exact score=1.000
2026-04-28 04:41:49,794 | INFO | duplicate skipped candidate=2026-04-27-pv13-remaining-batch-01:pv13_revere_key_sector_total:4:60:Market match_level=exact score=1.000
2026-04-28 04:41:49,949 | WARNING | similarity warning candidate=2026-04-27-pv13-remaining-batch-01:pv13_revere_key_sector_total:4:120:None score=0.989 match_level=structural
2026-04-28 04:41:50,104 | WARNING | similarity warning candidate=2026-04-27-pv13-remaining-batch-01:pv13_revere_key_sector_total:4:120:Market score=0.989 match_level=structural
2026-04-28 04:41:50,180 | WARNING | similarity warning candidate=2026-04-27-pv13-remaining-batch-01:rel_num_part:1:20:None score=0.992 match_level=structural
2026-04-28 04:41:50,257 | WARNING | similarity warning candidate=2026-04-27-pv13-remaining-batch-01:rel_num_part:1:20:Market score=0.992 match_level=structural
2026-04-28 04:41:50,334 | WARNING | similarity warning candidate=2026-04-27-pv13-remaining-batch-01:rel_num_part:1:60:None score=0.976 match_level=structural
2026-04-28 04:41:50,410 | WARNING | similarity warning candidate=2026-04-27-pv13-remaining-batch-01:rel_num_part:1:60:Market score=0.976 match_level=structural
2026-04-28 04:41:50,410 | INFO | duplicate skipped candidate=2026-04-27-pv13-remaining-batch-01:rel_num_part:1:120:None match_level=exact score=1.000
2026-04-28 04:41:50,411 | INFO | duplicate skipped candidate=2026-04-27-pv13-remaining-batch-01:rel_num_part:1:120:Market match_level=exact score=1.000
2026-04-28 04:41:51,486 | WARNING | similarity warning candidate=2026-04-27-pv13-remaining-batch-01:rel_num_part:4:20:None score=0.765 match_level=structural
2026-04-28 04:41:51,597 | WARNING | similarity warning candidate=2026-04-27-pv13-remaining-batch-01:rel_num_part:4:20:Market score=0.765 match_level=structural
2026-04-28 04:41:51,708 | WARNING | similarity warning candidate=2026-04-27-pv13-remaining-batch-01:rel_num_part:4:60:None score=0.752 match_level=structural
2026-04-28 04:41:51,819 | WARNING | similarity warning candidate=2026-04-27-pv13-remaining-batch-01:rel_num_part:4:60:Market score=0.752 match_level=structural
2026-04-28 04:41:51,932 | WARNING | similarity warning candidate=2026-04-27-pv13-remaining-batch-01:rel_num_part:4:120:None score=0.773 match_level=structural
2026-04-28 04:41:52,046 | WARNING | similarity warning candidate=2026-04-27-pv13-remaining-batch-01:rel_num_part:4:120:Market score=0.773 match_level=structural
2026-04-28 04:41:52,047 | INFO | duplicate skipped candidate=2026-04-27-pv13-remaining-batch-01:pv13_revere_index_value:1:20:None match_level=exact score=1.000
2026-04-28 04:41:52,047 | INFO | duplicate skipped candidate=2026-04-27-pv13-remaining-batch-01:pv13_revere_index_value:1:20:Market match_level=exact score=1.000
2026-04-28 04:41:52,047 | INFO | duplicate skipped candidate=2026-04-27-pv13-remaining-batch-01:pv13_revere_index_value:1:60:None match_level=exact score=1.000
2026-04-28 04:41:52,047 | INFO | duplicate skipped candidate=2026-04-27-pv13-remaining-batch-01:pv13_revere_index_value:1:60:Market match_level=exact score=1.000
2026-04-28 04:41:52,047 | INFO | duplicate skipped candidate=2026-04-27-pv13-remaining-batch-01:pv13_revere_index_value:1:120:None match_level=exact score=1.000
2026-04-28 04:41:52,047 | INFO | duplicate skipped candidate=2026-04-27-pv13-remaining-batch-01:pv13_revere_index_value:1:120:Market match_level=exact score=1.000
2026-04-28 04:41:52,047 | INFO | duplicate skipped candidate=2026-04-27-pv13-remaining-batch-01:pv13_revere_index_value:2:20:None match_level=exact score=1.000
2026-04-28 04:41:52,047 | INFO | duplicate skipped candidate=2026-04-27-pv13-remaining-batch-01:pv13_revere_index_value:2:20:Market match_level=exact score=1.000
2026-04-28 04:41:52,047 | INFO | duplicate skipped candidate=2026-04-27-pv13-remaining-batch-01:pv13_revere_index_value:2:60:None match_level=exact score=1.000
2026-04-28 04:41:52,047 | INFO | duplicate skipped candidate=2026-04-27-pv13-remaining-batch-01:pv13_revere_index_value:2:60:Market match_level=exact score=1.000
2026-04-28 04:41:52,047 | INFO | duplicate skipped candidate=2026-04-27-pv13-remaining-batch-01:pv13_revere_index_value:2:120:None match_level=exact score=1.000
2026-04-28 04:41:52,047 | INFO | duplicate skipped candidate=2026-04-27-pv13-remaining-batch-01:pv13_revere_index_value:2:120:Market match_level=exact score=1.000
2026-04-28 04:41:52,047 | INFO | duplicate skipped candidate=2026-04-27-pv13-remaining-batch-01:pv13_revere_index_value:3:20:None match_level=exact score=1.000
2026-04-28 04:41:52,047 | INFO | duplicate skipped candidate=2026-04-27-pv13-remaining-batch-01:pv13_revere_index_value:3:20:Market match_level=exact score=1.000
2026-04-28 04:41:52,047 | INFO | duplicate skipped candidate=2026-04-27-pv13-remaining-batch-01:pv13_revere_index_value:3:60:None match_level=exact score=1.000
2026-04-28 04:41:52,047 | INFO | duplicate skipped candidate=2026-04-27-pv13-remaining-batch-01:pv13_revere_index_value:3:60:Market match_level=exact score=1.000
2026-04-28 04:41:52,047 | INFO | duplicate skipped candidate=2026-04-27-pv13-remaining-batch-01:pv13_revere_index_value:3:120:None match_level=exact score=1.000
2026-04-28 04:41:52,047 | INFO | duplicate skipped candidate=2026-04-27-pv13-remaining-batch-01:pv13_revere_index_value:3:120:Market match_level=exact score=1.000
2026-04-28 04:41:52,187 | WARNING | similarity warning candidate=2026-04-27-pv13-remaining-batch-01:pv13_revere_index_value:4:20:None score=0.991 match_level=structural
2026-04-28 04:41:52,327 | WARNING | similarity warning candidate=2026-04-27-pv13-remaining-batch-01:pv13_revere_index_value:4:20:Market score=0.991 match_level=structural
2026-04-28 04:41:52,327 | INFO | duplicate skipped candidate=2026-04-27-pv13-remaining-batch-01:pv13_revere_index_value:4:60:None match_level=exact score=1.000
2026-04-28 04:41:52,327 | INFO | duplicate skipped candidate=2026-04-27-pv13-remaining-batch-01:pv13_revere_index_value:4:60:Market match_level=exact score=1.000
2026-04-28 04:41:52,469 | WARNING | similarity warning candidate=2026-04-27-pv13-remaining-batch-01:pv13_revere_index_value:4:120:None score=0.987 match_level=structural
2026-04-28 04:41:52,611 | WARNING | similarity warning candidate=2026-04-27-pv13-remaining-batch-01:pv13_revere_index_value:4:120:Market score=0.987 match_level=structural
2026-04-28 04:41:52,611 | INFO | dedupe summary total=240 duplicates=66 warnings=116 remaining=174
2026-04-28 04:41:52,612 | INFO | dry-run plan start
2026-04-28 04:41:52,612 | INFO | project_root=/Users/zpdedn/Documents/project/Worldquantbrain
2026-04-28 04:41:52,612 | INFO | fields_file=/Users/zpdedn/Documents/project/Worldquantbrain/runs/research-contracts/2026-04-27-pv13-remaining-field_candidates.json
2026-04-28 04:41:52,613 | INFO | ledger_rows=300
2026-04-28 04:41:52,613 | INFO | templates=ts_rank({field}, {decay}), ts_zscore({field}, {decay}), ts_mean({field}, {decay}), ts_rank(ts_mean({field}, 63), {decay})
2026-04-28 04:41:52,613 | INFO | decays=20, 60, 120
2026-04-28 04:41:52,613 | INFO | neutralizations=None, Market
2026-04-28 04:41:52,613 | INFO | planned_candidates=1
2026-04-28 04:41:52,613 | INFO | top_recommendations=1
2026-04-28 04:41:52,613 | INFO | top_field_cap=2
2026-04-28 04:41:52,613 | INFO | --- ranked plan ---
2026-04-28 04:41:52,613 | INFO | rank field                        decay neutralization tmp  alpha_cnt coverage complexity  score     expression
2026-04-28 04:41:52,613 | INFO | 1    pv13_revere_key_sector_total 60    Market     2    3318     1.000  1           0.500     ts_zscore(pv13_revere_key_sector_total, 60)
2026-04-28 04:41:52,613 | INFO | --- top 1 (field-capped) ---
2026-04-28 04:41:52,613 | INFO | top=1 candidate=2026-04-27-pv13-remaining-batch-01:pv13_revere_key_sector_total:2:60:Market score=0.500 expr=ts_zscore(pv13_revere_key_sector_total, 60)
2026-04-28 04:41:52,613 | INFO | dry-run plan end
2026-04-28 04:41:52,613 | INFO | summary={"mode": "dry", "planned": 1, "top": 1, "total_after_dedupe": 1}
2026-04-28 05:12:22,762 | INFO | loaded field candidate file=/Users/zpdedn/Documents/project/Worldquantbrain/runs/research-contracts/2026-04-27-pv13-remaining-field_candidates.json
2026-04-28 05:12:22,762 | INFO | batch_id=2026-04-27-pv13-remaining-batch-01
2026-04-28 05:12:22,762 | INFO | field_count=10
2026-04-28 05:12:22,762 | INFO | generated_candidates=240
2026-04-28 05:12:22,765 | INFO | duplicate skipped candidate=2026-04-27-pv13-remaining-batch-01:pv13_ustomergraphrank_auth_rank:1:20:None match_level=exact score=1.000
2026-04-28 05:12:22,765 | INFO | duplicate skipped candidate=2026-04-27-pv13-remaining-batch-01:pv13_ustomergraphrank_auth_rank:1:20:Market match_level=exact score=1.000
2026-04-28 05:12:22,912 | WARNING | similarity warning candidate=2026-04-27-pv13-remaining-batch-01:pv13_ustomergraphrank_auth_rank:1:60:None score=0.991 match_level=structural
2026-04-28 05:12:23,046 | WARNING | similarity warning candidate=2026-04-27-pv13-remaining-batch-01:pv13_ustomergraphrank_auth_rank:1:60:Market score=0.991 match_level=structural
2026-04-28 05:12:23,046 | INFO | duplicate skipped candidate=2026-04-27-pv13-remaining-batch-01:pv13_ustomergraphrank_auth_rank:1:120:None match_level=exact score=1.000
2026-04-28 05:12:23,046 | INFO | duplicate skipped candidate=2026-04-27-pv13-remaining-batch-01:pv13_ustomergraphrank_auth_rank:1:120:Market match_level=exact score=1.000
2026-04-28 05:12:23,184 | WARNING | similarity warning candidate=2026-04-27-pv13-remaining-batch-01:pv13_ustomergraphrank_auth_rank:2:20:None score=0.769 match_level=structural
2026-04-28 05:12:23,318 | WARNING | similarity warning candidate=2026-04-27-pv13-remaining-batch-01:pv13_ustomergraphrank_auth_rank:2:20:Market score=0.769 match_level=structural
2026-04-28 05:12:23,452 | WARNING | similarity warning candidate=2026-04-27-pv13-remaining-batch-01:pv13_ustomergraphrank_auth_rank:2:60:None score=0.760 match_level=structural
2026-04-28 05:12:23,583 | WARNING | similarity warning candidate=2026-04-27-pv13-remaining-batch-01:pv13_ustomergraphrank_auth_rank:2:60:Market score=0.760 match_level=structural
2026-04-28 05:12:23,717 | WARNING | similarity warning candidate=2026-04-27-pv13-remaining-batch-01:pv13_ustomergraphrank_auth_rank:2:120:None score=0.774 match_level=structural
2026-04-28 05:12:23,851 | WARNING | similarity warning candidate=2026-04-27-pv13-remaining-batch-01:pv13_ustomergraphrank_auth_rank:2:120:Market score=0.774 match_level=structural
2026-04-28 05:12:23,976 | WARNING | similarity warning candidate=2026-04-27-pv13-remaining-batch-01:pv13_ustomergraphrank_auth_rank:3:20:None score=0.736 match_level=structural
2026-04-28 05:12:24,102 | WARNING | similarity warning candidate=2026-04-27-pv13-remaining-batch-01:pv13_ustomergraphrank_auth_rank:3:20:Market score=0.736 match_level=structural
2026-04-28 05:12:24,228 | WARNING | similarity warning candidate=2026-04-27-pv13-remaining-batch-01:pv13_ustomergraphrank_auth_rank:3:60:None score=0.727 match_level=structural
2026-04-28 05:12:24,355 | WARNING | similarity warning candidate=2026-04-27-pv13-remaining-batch-01:pv13_ustomergraphrank_auth_rank:3:60:Market score=0.727 match_level=structural
2026-04-28 05:12:24,483 | WARNING | similarity warning candidate=2026-04-27-pv13-remaining-batch-01:pv13_ustomergraphrank_auth_rank:3:120:None score=0.742 match_level=structural
2026-04-28 05:12:24,612 | WARNING | similarity warning candidate=2026-04-27-pv13-remaining-batch-01:pv13_ustomergraphrank_auth_rank:3:120:Market score=0.742 match_level=structural
2026-04-28 05:12:24,771 | WARNING | similarity warning candidate=2026-04-27-pv13-remaining-batch-01:pv13_ustomergraphrank_auth_rank:4:20:None score=0.801 match_level=structural
2026-04-28 05:12:24,930 | WARNING | similarity warning candidate=2026-04-27-pv13-remaining-batch-01:pv13_ustomergraphrank_auth_rank:4:20:Market score=0.801 match_level=structural
2026-04-28 05:12:25,089 | WARNING | similarity warning candidate=2026-04-27-pv13-remaining-batch-01:pv13_ustomergraphrank_auth_rank:4:60:None score=0.793 match_level=structural
2026-04-28 05:12:25,247 | WARNING | similarity warning candidate=2026-04-27-pv13-remaining-batch-01:pv13_ustomergraphrank_auth_rank:4:60:Market score=0.793 match_level=structural
2026-04-28 05:12:25,408 | WARNING | similarity warning candidate=2026-04-27-pv13-remaining-batch-01:pv13_ustomergraphrank_auth_rank:4:120:None score=0.802 match_level=structural
2026-04-28 05:12:25,570 | WARNING | similarity warning candidate=2026-04-27-pv13-remaining-batch-01:pv13_ustomergraphrank_auth_rank:4:120:Market score=0.802 match_level=structural
2026-04-28 05:12:25,570 | INFO | duplicate skipped candidate=2026-04-27-pv13-remaining-batch-01:pv13_ustomergraphrank_hub_rank:1:20:None match_level=exact score=1.000
2026-04-28 05:12:25,570 | INFO | duplicate skipped candidate=2026-04-27-pv13-remaining-batch-01:pv13_ustomergraphrank_hub_rank:1:20:Market match_level=exact score=1.000
2026-04-28 05:12:25,696 | WARNING | similarity warning candidate=2026-04-27-pv13-remaining-batch-01:pv13_ustomergraphrank_hub_rank:1:60:None score=0.990 match_level=structural
2026-04-28 05:12:25,821 | WARNING | similarity warning candidate=2026-04-27-pv13-remaining-batch-01:pv13_ustomergraphrank_hub_rank:1:60:Market score=0.990 match_level=structural
2026-04-28 05:12:25,821 | INFO | duplicate skipped candidate=2026-04-27-pv13-remaining-batch-01:pv13_ustomergraphrank_hub_rank:1:120:None match_level=exact score=1.000
2026-04-28 05:12:25,821 | INFO | duplicate skipped candidate=2026-04-27-pv13-remaining-batch-01:pv13_ustomergraphrank_hub_rank:1:120:Market match_level=exact score=1.000
2026-04-28 05:12:25,952 | WARNING | similarity warning candidate=2026-04-27-pv13-remaining-batch-01:pv13_ustomergraphrank_hub_rank:2:20:None score=0.764 match_level=structural
2026-04-28 05:12:26,082 | WARNING | similarity warning candidate=2026-04-27-pv13-remaining-batch-01:pv13_ustomergraphrank_hub_rank:2:20:Market score=0.764 match_level=structural
2026-04-28 05:12:26,212 | WARNING | similarity warning candidate=2026-04-27-pv13-remaining-batch-01:pv13_ustomergraphrank_hub_rank:2:60:None score=0.764 match_level=structural
2026-04-28 05:12:26,341 | WARNING | similarity warning candidate=2026-04-27-pv13-remaining-batch-01:pv13_ustomergraphrank_hub_rank:2:60:Market score=0.764 match_level=structural
2026-04-28 05:12:26,474 | WARNING | similarity warning candidate=2026-04-27-pv13-remaining-batch-01:pv13_ustomergraphrank_hub_rank:2:120:None score=0.769 match_level=structural
2026-04-28 05:12:26,607 | WARNING | similarity warning candidate=2026-04-27-pv13-remaining-batch-01:pv13_ustomergraphrank_hub_rank:2:120:Market score=0.769 match_level=structural
2026-04-28 05:12:26,731 | WARNING | similarity warning candidate=2026-04-27-pv13-remaining-batch-01:pv13_ustomergraphrank_hub_rank:3:20:None score=0.759 match_level=structural
2026-04-28 05:12:26,853 | WARNING | similarity warning candidate=2026-04-27-pv13-remaining-batch-01:pv13_ustomergraphrank_hub_rank:3:20:Market score=0.759 match_level=structural
2026-04-28 05:12:26,977 | WARNING | similarity warning candidate=2026-04-27-pv13-remaining-batch-01:pv13_ustomergraphrank_hub_rank:3:60:None score=0.749 match_level=structural
2026-04-28 05:12:27,101 | WARNING | similarity warning candidate=2026-04-27-pv13-remaining-batch-01:pv13_ustomergraphrank_hub_rank:3:60:Market score=0.749 match_level=structural
2026-04-28 05:12:27,227 | WARNING | similarity warning candidate=2026-04-27-pv13-remaining-batch-01:pv13_ustomergraphrank_hub_rank:3:120:None score=0.764 match_level=structural
2026-04-28 05:12:27,353 | WARNING | similarity warning candidate=2026-04-27-pv13-remaining-batch-01:pv13_ustomergraphrank_hub_rank:3:120:Market score=0.764 match_level=structural
2026-04-28 05:12:27,509 | WARNING | similarity warning candidate=2026-04-27-pv13-remaining-batch-01:pv13_ustomergraphrank_hub_rank:4:20:None score=0.800 match_level=structural
2026-04-28 05:12:27,665 | WARNING | similarity warning candidate=2026-04-27-pv13-remaining-batch-01:pv13_ustomergraphrank_hub_rank:4:20:Market score=0.800 match_level=structural
2026-04-28 05:12:27,822 | WARNING | similarity warning candidate=2026-04-27-pv13-remaining-batch-01:pv13_ustomergraphrank_hub_rank:4:60:None score=0.792 match_level=structural
2026-04-28 05:12:27,978 | WARNING | similarity warning candidate=2026-04-27-pv13-remaining-batch-01:pv13_ustomergraphrank_hub_rank:4:60:Market score=0.792 match_level=structural
2026-04-28 05:12:28,137 | WARNING | similarity warning candidate=2026-04-27-pv13-remaining-batch-01:pv13_ustomergraphrank_hub_rank:4:120:None score=0.801 match_level=structural
2026-04-28 05:12:28,295 | WARNING | similarity warning candidate=2026-04-27-pv13-remaining-batch-01:pv13_ustomergraphrank_hub_rank:4:120:Market score=0.801 match_level=structural
2026-04-28 05:12:28,296 | INFO | duplicate skipped candidate=2026-04-27-pv13-remaining-batch-01:pv13_ompetitorgraphrank_hub_rank:1:20:None match_level=exact score=1.000
2026-04-28 05:12:28,296 | INFO | duplicate skipped candidate=2026-04-27-pv13-remaining-batch-01:pv13_ompetitorgraphrank_hub_rank:1:20:Market match_level=exact score=1.000
2026-04-28 05:12:28,424 | WARNING | similarity warning candidate=2026-04-27-pv13-remaining-batch-01:pv13_ompetitorgraphrank_hub_rank:1:60:None score=0.991 match_level=structural
2026-04-28 05:12:28,552 | WARNING | similarity warning candidate=2026-04-27-pv13-remaining-batch-01:pv13_ompetitorgraphrank_hub_rank:1:60:Market score=0.991 match_level=structural
2026-04-28 05:12:28,553 | INFO | duplicate skipped candidate=2026-04-27-pv13-remaining-batch-01:pv13_ompetitorgraphrank_hub_rank:1:120:None match_level=exact score=1.000
2026-04-28 05:12:28,553 | INFO | duplicate skipped candidate=2026-04-27-pv13-remaining-batch-01:pv13_ompetitorgraphrank_hub_rank:1:120:Market match_level=exact score=1.000
2026-04-28 05:12:28,686 | WARNING | similarity warning candidate=2026-04-27-pv13-remaining-batch-01:pv13_ompetitorgraphrank_hub_rank:2:20:None score=0.996 match_level=structural
2026-04-28 05:12:28,821 | WARNING | similarity warning candidate=2026-04-27-pv13-remaining-batch-01:pv13_ompetitorgraphrank_hub_rank:2:20:Market score=0.996 match_level=structural
2026-04-28 05:12:28,821 | INFO | duplicate skipped candidate=2026-04-27-pv13-remaining-batch-01:pv13_ompetitorgraphrank_hub_rank:2:60:None match_level=exact score=1.000
2026-04-28 05:12:28,821 | INFO | duplicate skipped candidate=2026-04-27-pv13-remaining-batch-01:pv13_ompetitorgraphrank_hub_rank:2:60:Market match_level=exact score=1.000
2026-04-28 05:12:28,822 | INFO | duplicate skipped candidate=2026-04-27-pv13-remaining-batch-01:pv13_ompetitorgraphrank_hub_rank:2:120:None match_level=exact score=1.000
2026-04-28 05:12:28,822 | INFO | duplicate skipped candidate=2026-04-27-pv13-remaining-batch-01:pv13_ompetitorgraphrank_hub_rank:2:120:Market match_level=exact score=1.000
2026-04-28 05:12:28,949 | WARNING | similarity warning candidate=2026-04-27-pv13-remaining-batch-01:pv13_ompetitorgraphrank_hub_rank:3:20:None score=0.996 match_level=structural
2026-04-28 05:12:29,078 | WARNING | similarity warning candidate=2026-04-27-pv13-remaining-batch-01:pv13_ompetitorgraphrank_hub_rank:3:20:Market score=0.996 match_level=structural
2026-04-28 05:12:29,207 | WARNING | similarity warning candidate=2026-04-27-pv13-remaining-batch-01:pv13_ompetitorgraphrank_hub_rank:3:60:None score=0.987 match_level=structural
2026-04-28 05:12:29,336 | WARNING | similarity warning candidate=2026-04-27-pv13-remaining-batch-01:pv13_ompetitorgraphrank_hub_rank:3:60:Market score=0.987 match_level=structural
2026-04-28 05:12:29,336 | INFO | duplicate skipped candidate=2026-04-27-pv13-remaining-batch-01:pv13_ompetitorgraphrank_hub_rank:3:120:None match_level=exact score=1.000
2026-04-28 05:12:29,336 | INFO | duplicate skipped candidate=2026-04-27-pv13-remaining-batch-01:pv13_ompetitorgraphrank_hub_rank:3:120:Market match_level=exact score=1.000
2026-04-28 05:12:29,497 | WARNING | similarity warning candidate=2026-04-27-pv13-remaining-batch-01:pv13_ompetitorgraphrank_hub_rank:4:20:None score=0.802 match_level=structural
2026-04-28 05:12:29,658 | WARNING | similarity warning candidate=2026-04-27-pv13-remaining-batch-01:pv13_ompetitorgraphrank_hub_rank:4:20:Market score=0.802 match_level=structural
2026-04-28 05:12:29,820 | WARNING | similarity warning candidate=2026-04-27-pv13-remaining-batch-01:pv13_ompetitorgraphrank_hub_rank:4:60:None score=0.794 match_level=structural
2026-04-28 05:12:29,981 | WARNING | similarity warning candidate=2026-04-27-pv13-remaining-batch-01:pv13_ompetitorgraphrank_hub_rank:4:60:Market score=0.794 match_level=structural
2026-04-28 05:12:30,145 | WARNING | similarity warning candidate=2026-04-27-pv13-remaining-batch-01:pv13_ompetitorgraphrank_hub_rank:4:120:None score=0.803 match_level=structural
2026-04-28 05:12:30,310 | WARNING | similarity warning candidate=2026-04-27-pv13-remaining-batch-01:pv13_ompetitorgraphrank_hub_rank:4:120:Market score=0.803 match_level=structural
2026-04-28 05:12:30,386 | WARNING | similarity warning candidate=2026-04-27-pv13-remaining-batch-01:rel_num_comp:1:20:None score=0.992 match_level=structural
2026-04-28 05:12:30,462 | WARNING | similarity warning candidate=2026-04-27-pv13-remaining-batch-01:rel_num_comp:1:20:Market score=0.992 match_level=structural
2026-04-28 05:12:30,537 | WARNING | similarity warning candidate=2026-04-27-pv13-remaining-batch-01:rel_num_comp:1:60:None score=0.976 match_level=structural
2026-04-28 05:12:30,613 | WARNING | similarity warning candidate=2026-04-27-pv13-remaining-batch-01:rel_num_comp:1:60:Market score=0.976 match_level=structural
2026-04-28 05:12:30,614 | INFO | duplicate skipped candidate=2026-04-27-pv13-remaining-batch-01:rel_num_comp:1:120:None match_level=exact score=1.000
2026-04-28 05:12:30,614 | INFO | duplicate skipped candidate=2026-04-27-pv13-remaining-batch-01:rel_num_comp:1:120:Market match_level=exact score=1.000
2026-04-28 05:12:31,681 | WARNING | similarity warning candidate=2026-04-27-pv13-remaining-batch-01:rel_num_comp:4:20:None score=0.765 match_level=structural
2026-04-28 05:12:31,789 | WARNING | similarity warning candidate=2026-04-27-pv13-remaining-batch-01:rel_num_comp:4:20:Market score=0.765 match_level=structural
2026-04-28 05:12:31,898 | WARNING | similarity warning candidate=2026-04-27-pv13-remaining-batch-01:rel_num_comp:4:60:None score=0.752 match_level=structural
2026-04-28 05:12:32,007 | WARNING | similarity warning candidate=2026-04-27-pv13-remaining-batch-01:rel_num_comp:4:60:Market score=0.752 match_level=structural
2026-04-28 05:12:32,119 | WARNING | similarity warning candidate=2026-04-27-pv13-remaining-batch-01:rel_num_comp:4:120:None score=0.773 match_level=structural
2026-04-28 05:12:32,231 | WARNING | similarity warning candidate=2026-04-27-pv13-remaining-batch-01:rel_num_comp:4:120:Market score=0.773 match_level=structural
2026-04-28 05:12:32,231 | INFO | duplicate skipped candidate=2026-04-27-pv13-remaining-batch-01:pv13_com_rk_au:1:20:None match_level=exact score=1.000
2026-04-28 05:12:32,231 | INFO | duplicate skipped candidate=2026-04-27-pv13-remaining-batch-01:pv13_com_rk_au:1:20:Market match_level=exact score=1.000
2026-04-28 05:12:32,231 | INFO | duplicate skipped candidate=2026-04-27-pv13-remaining-batch-01:pv13_com_rk_au:1:60:None match_level=exact score=1.000
2026-04-28 05:12:32,231 | INFO | duplicate skipped candidate=2026-04-27-pv13-remaining-batch-01:pv13_com_rk_au:1:60:Market match_level=exact score=1.000
2026-04-28 05:12:32,231 | INFO | duplicate skipped candidate=2026-04-27-pv13-remaining-batch-01:pv13_com_rk_au:1:120:None match_level=exact score=1.000
2026-04-28 05:12:32,231 | INFO | duplicate skipped candidate=2026-04-27-pv13-remaining-batch-01:pv13_com_rk_au:1:120:Market match_level=exact score=1.000
2026-04-28 05:12:32,317 | WARNING | similarity warning candidate=2026-04-27-pv13-remaining-batch-01:pv13_com_rk_au:2:20:None score=0.728 match_level=structural
2026-04-28 05:12:32,404 | WARNING | similarity warning candidate=2026-04-27-pv13-remaining-batch-01:pv13_com_rk_au:2:20:Market score=0.728 match_level=structural
2026-04-28 05:12:32,491 | WARNING | similarity warning candidate=2026-04-27-pv13-remaining-batch-01:pv13_com_rk_au:2:60:None score=0.715 match_level=structural
2026-04-28 05:12:32,577 | WARNING | similarity warning candidate=2026-04-27-pv13-remaining-batch-01:pv13_com_rk_au:2:60:Market score=0.715 match_level=structural
2026-04-28 05:12:32,666 | WARNING | similarity warning candidate=2026-04-27-pv13-remaining-batch-01:pv13_com_rk_au:2:120:None score=0.735 match_level=structural
2026-04-28 05:12:32,756 | WARNING | similarity warning candidate=2026-04-27-pv13-remaining-batch-01:pv13_com_rk_au:2:120:Market score=0.735 match_level=structural
2026-04-28 05:12:33,167 | WARNING | similarity warning candidate=2026-04-27-pv13-remaining-batch-01:pv13_com_rk_au:3:120:None score=0.700 match_level=structural
2026-04-28 05:12:33,250 | WARNING | similarity warning candidate=2026-04-27-pv13-remaining-batch-01:pv13_com_rk_au:3:120:Market score=0.700 match_level=structural
2026-04-28 05:12:33,365 | WARNING | similarity warning candidate=2026-04-27-pv13-remaining-batch-01:pv13_com_rk_au:4:20:None score=0.775 match_level=structural
2026-04-28 05:12:33,482 | WARNING | similarity warning candidate=2026-04-27-pv13-remaining-batch-01:pv13_com_rk_au:4:20:Market score=0.775 match_level=structural
2026-04-28 05:12:33,597 | WARNING | similarity warning candidate=2026-04-27-pv13-remaining-batch-01:pv13_com_rk_au:4:60:None score=0.775 match_level=structural
2026-04-28 05:12:33,712 | WARNING | similarity warning candidate=2026-04-27-pv13-remaining-batch-01:pv13_com_rk_au:4:60:Market score=0.775 match_level=structural
2026-04-28 05:12:33,831 | WARNING | similarity warning candidate=2026-04-27-pv13-remaining-batch-01:pv13_com_rk_au:4:120:None score=0.777 match_level=structural
2026-04-28 05:12:33,947 | WARNING | similarity warning candidate=2026-04-27-pv13-remaining-batch-01:pv13_com_rk_au:4:120:Market score=0.777 match_level=structural
2026-04-28 05:12:34,023 | WARNING | similarity warning candidate=2026-04-27-pv13-remaining-batch-01:rel_num_cust:1:20:None score=0.743 match_level=structural
2026-04-28 05:12:34,099 | WARNING | similarity warning candidate=2026-04-27-pv13-remaining-batch-01:rel_num_cust:1:20:Market score=0.743 match_level=structural
2026-04-28 05:12:34,174 | WARNING | similarity warning candidate=2026-04-27-pv13-remaining-batch-01:rel_num_cust:1:60:None score=0.727 match_level=structural
2026-04-28 05:12:34,251 | WARNING | similarity warning candidate=2026-04-27-pv13-remaining-batch-01:rel_num_cust:1:60:Market score=0.727 match_level=structural
2026-04-28 05:12:34,330 | WARNING | similarity warning candidate=2026-04-27-pv13-remaining-batch-01:rel_num_cust:1:120:None score=0.752 match_level=structural
2026-04-28 05:12:34,411 | WARNING | similarity warning candidate=2026-04-27-pv13-remaining-batch-01:rel_num_cust:1:120:Market score=0.752 match_level=structural
2026-04-28 05:12:36,100 | WARNING | similarity warning candidate=2026-04-27-pv13-remaining-batch-01:rel_ret_part:1:20:None score=0.992 match_level=structural
2026-04-28 05:12:36,176 | WARNING | similarity warning candidate=2026-04-27-pv13-remaining-batch-01:rel_ret_part:1:20:Market score=0.992 match_level=structural
2026-04-28 05:12:36,252 | WARNING | similarity warning candidate=2026-04-27-pv13-remaining-batch-01:rel_ret_part:1:60:None score=0.976 match_level=structural
2026-04-28 05:12:36,328 | WARNING | similarity warning candidate=2026-04-27-pv13-remaining-batch-01:rel_ret_part:1:60:Market score=0.976 match_level=structural
2026-04-28 05:12:36,329 | INFO | duplicate skipped candidate=2026-04-27-pv13-remaining-batch-01:rel_ret_part:1:120:None match_level=exact score=1.000
2026-04-28 05:12:36,329 | INFO | duplicate skipped candidate=2026-04-27-pv13-remaining-batch-01:rel_ret_part:1:120:Market match_level=exact score=1.000
2026-04-28 05:12:37,391 | WARNING | similarity warning candidate=2026-04-27-pv13-remaining-batch-01:rel_ret_part:4:20:None score=0.765 match_level=structural
2026-04-28 05:12:37,500 | WARNING | similarity warning candidate=2026-04-27-pv13-remaining-batch-01:rel_ret_part:4:20:Market score=0.765 match_level=structural
2026-04-28 05:12:37,609 | WARNING | similarity warning candidate=2026-04-27-pv13-remaining-batch-01:rel_ret_part:4:60:None score=0.752 match_level=structural
2026-04-28 05:12:37,718 | WARNING | similarity warning candidate=2026-04-27-pv13-remaining-batch-01:rel_ret_part:4:60:Market score=0.752 match_level=structural
2026-04-28 05:12:37,830 | WARNING | similarity warning candidate=2026-04-27-pv13-remaining-batch-01:rel_ret_part:4:120:None score=0.773 match_level=structural
2026-04-28 05:12:37,942 | WARNING | similarity warning candidate=2026-04-27-pv13-remaining-batch-01:rel_ret_part:4:120:Market score=0.773 match_level=structural
2026-04-28 05:12:37,942 | INFO | duplicate skipped candidate=2026-04-27-pv13-remaining-batch-01:pv13_revere_key_sector_total:1:20:None match_level=exact score=1.000
2026-04-28 05:12:37,942 | INFO | duplicate skipped candidate=2026-04-27-pv13-remaining-batch-01:pv13_revere_key_sector_total:1:20:Market match_level=exact score=1.000
2026-04-28 05:12:37,942 | INFO | duplicate skipped candidate=2026-04-27-pv13-remaining-batch-01:pv13_revere_key_sector_total:1:60:None match_level=exact score=1.000
2026-04-28 05:12:37,942 | INFO | duplicate skipped candidate=2026-04-27-pv13-remaining-batch-01:pv13_revere_key_sector_total:1:60:Market match_level=exact score=1.000
2026-04-28 05:12:37,942 | INFO | duplicate skipped candidate=2026-04-27-pv13-remaining-batch-01:pv13_revere_key_sector_total:1:120:None match_level=exact score=1.000
2026-04-28 05:12:37,942 | INFO | duplicate skipped candidate=2026-04-27-pv13-remaining-batch-01:pv13_revere_key_sector_total:1:120:Market match_level=exact score=1.000
2026-04-28 05:12:37,942 | INFO | duplicate skipped candidate=2026-04-27-pv13-remaining-batch-01:pv13_revere_key_sector_total:2:20:None match_level=exact score=1.000
2026-04-28 05:12:37,943 | INFO | duplicate skipped candidate=2026-04-27-pv13-remaining-batch-01:pv13_revere_key_sector_total:2:20:Market match_level=exact score=1.000
2026-04-28 05:12:38,066 | WARNING | similarity warning candidate=2026-04-27-pv13-remaining-batch-01:pv13_revere_key_sector_total:2:60:None score=0.990 match_level=structural
2026-04-28 05:12:38,189 | WARNING | similarity warning candidate=2026-04-27-pv13-remaining-batch-01:pv13_revere_key_sector_total:2:60:Market score=0.990 match_level=structural
2026-04-28 05:12:38,189 | INFO | duplicate skipped candidate=2026-04-27-pv13-remaining-batch-01:pv13_revere_key_sector_total:2:120:None match_level=exact score=1.000
2026-04-28 05:12:38,189 | INFO | duplicate skipped candidate=2026-04-27-pv13-remaining-batch-01:pv13_revere_key_sector_total:2:120:Market match_level=exact score=1.000
2026-04-28 05:12:38,308 | WARNING | similarity warning candidate=2026-04-27-pv13-remaining-batch-01:pv13_revere_key_sector_total:3:20:None score=0.995 match_level=structural
2026-04-28 05:12:38,425 | WARNING | similarity warning candidate=2026-04-27-pv13-remaining-batch-01:pv13_revere_key_sector_total:3:20:Market score=0.995 match_level=structural
2026-04-28 05:12:38,426 | INFO | duplicate skipped candidate=2026-04-27-pv13-remaining-batch-01:pv13_revere_key_sector_total:3:60:None match_level=exact score=1.000
2026-04-28 05:12:38,426 | INFO | duplicate skipped candidate=2026-04-27-pv13-remaining-batch-01:pv13_revere_key_sector_total:3:60:Market match_level=exact score=1.000
2026-04-28 05:12:38,426 | INFO | duplicate skipped candidate=2026-04-27-pv13-remaining-batch-01:pv13_revere_key_sector_total:3:120:None match_level=exact score=1.000
2026-04-28 05:12:38,426 | INFO | duplicate skipped candidate=2026-04-27-pv13-remaining-batch-01:pv13_revere_key_sector_total:3:120:Market match_level=exact score=1.000
2026-04-28 05:12:38,577 | WARNING | similarity warning candidate=2026-04-27-pv13-remaining-batch-01:pv13_revere_key_sector_total:4:20:None score=0.992 match_level=structural
2026-04-28 05:12:38,728 | WARNING | similarity warning candidate=2026-04-27-pv13-remaining-batch-01:pv13_revere_key_sector_total:4:20:Market score=0.992 match_level=structural
2026-04-28 05:12:38,728 | INFO | duplicate skipped candidate=2026-04-27-pv13-remaining-batch-01:pv13_revere_key_sector_total:4:60:None match_level=exact score=1.000
2026-04-28 05:12:38,728 | INFO | duplicate skipped candidate=2026-04-27-pv13-remaining-batch-01:pv13_revere_key_sector_total:4:60:Market match_level=exact score=1.000
2026-04-28 05:12:38,882 | WARNING | similarity warning candidate=2026-04-27-pv13-remaining-batch-01:pv13_revere_key_sector_total:4:120:None score=0.989 match_level=structural
2026-04-28 05:12:39,037 | WARNING | similarity warning candidate=2026-04-27-pv13-remaining-batch-01:pv13_revere_key_sector_total:4:120:Market score=0.989 match_level=structural
2026-04-28 05:12:39,113 | WARNING | similarity warning candidate=2026-04-27-pv13-remaining-batch-01:rel_num_part:1:20:None score=0.992 match_level=structural
2026-04-28 05:12:39,190 | WARNING | similarity warning candidate=2026-04-27-pv13-remaining-batch-01:rel_num_part:1:20:Market score=0.992 match_level=structural
2026-04-28 05:12:39,265 | WARNING | similarity warning candidate=2026-04-27-pv13-remaining-batch-01:rel_num_part:1:60:None score=0.976 match_level=structural
2026-04-28 05:12:39,342 | WARNING | similarity warning candidate=2026-04-27-pv13-remaining-batch-01:rel_num_part:1:60:Market score=0.976 match_level=structural
2026-04-28 05:12:39,342 | INFO | duplicate skipped candidate=2026-04-27-pv13-remaining-batch-01:rel_num_part:1:120:None match_level=exact score=1.000
2026-04-28 05:12:39,342 | INFO | duplicate skipped candidate=2026-04-27-pv13-remaining-batch-01:rel_num_part:1:120:Market match_level=exact score=1.000
2026-04-28 05:12:40,407 | WARNING | similarity warning candidate=2026-04-27-pv13-remaining-batch-01:rel_num_part:4:20:None score=0.765 match_level=structural
2026-04-28 05:12:40,516 | WARNING | similarity warning candidate=2026-04-27-pv13-remaining-batch-01:rel_num_part:4:20:Market score=0.765 match_level=structural
2026-04-28 05:12:40,624 | WARNING | similarity warning candidate=2026-04-27-pv13-remaining-batch-01:rel_num_part:4:60:None score=0.752 match_level=structural
2026-04-28 05:12:40,734 | WARNING | similarity warning candidate=2026-04-27-pv13-remaining-batch-01:rel_num_part:4:60:Market score=0.752 match_level=structural
2026-04-28 05:12:40,846 | WARNING | similarity warning candidate=2026-04-27-pv13-remaining-batch-01:rel_num_part:4:120:None score=0.773 match_level=structural
2026-04-28 05:12:40,958 | WARNING | similarity warning candidate=2026-04-27-pv13-remaining-batch-01:rel_num_part:4:120:Market score=0.773 match_level=structural
2026-04-28 05:12:40,958 | INFO | duplicate skipped candidate=2026-04-27-pv13-remaining-batch-01:pv13_revere_index_value:1:20:None match_level=exact score=1.000
2026-04-28 05:12:40,958 | INFO | duplicate skipped candidate=2026-04-27-pv13-remaining-batch-01:pv13_revere_index_value:1:20:Market match_level=exact score=1.000
2026-04-28 05:12:40,958 | INFO | duplicate skipped candidate=2026-04-27-pv13-remaining-batch-01:pv13_revere_index_value:1:60:None match_level=exact score=1.000
2026-04-28 05:12:40,958 | INFO | duplicate skipped candidate=2026-04-27-pv13-remaining-batch-01:pv13_revere_index_value:1:60:Market match_level=exact score=1.000
2026-04-28 05:12:40,958 | INFO | duplicate skipped candidate=2026-04-27-pv13-remaining-batch-01:pv13_revere_index_value:1:120:None match_level=exact score=1.000
2026-04-28 05:12:40,958 | INFO | duplicate skipped candidate=2026-04-27-pv13-remaining-batch-01:pv13_revere_index_value:1:120:Market match_level=exact score=1.000
2026-04-28 05:12:40,959 | INFO | duplicate skipped candidate=2026-04-27-pv13-remaining-batch-01:pv13_revere_index_value:2:20:None match_level=exact score=1.000
2026-04-28 05:12:40,959 | INFO | duplicate skipped candidate=2026-04-27-pv13-remaining-batch-01:pv13_revere_index_value:2:20:Market match_level=exact score=1.000
2026-04-28 05:12:40,959 | INFO | duplicate skipped candidate=2026-04-27-pv13-remaining-batch-01:pv13_revere_index_value:2:60:None match_level=exact score=1.000
2026-04-28 05:12:40,959 | INFO | duplicate skipped candidate=2026-04-27-pv13-remaining-batch-01:pv13_revere_index_value:2:60:Market match_level=exact score=1.000
2026-04-28 05:12:40,959 | INFO | duplicate skipped candidate=2026-04-27-pv13-remaining-batch-01:pv13_revere_index_value:2:120:None match_level=exact score=1.000
2026-04-28 05:12:40,959 | INFO | duplicate skipped candidate=2026-04-27-pv13-remaining-batch-01:pv13_revere_index_value:2:120:Market match_level=exact score=1.000
2026-04-28 05:12:40,959 | INFO | duplicate skipped candidate=2026-04-27-pv13-remaining-batch-01:pv13_revere_index_value:3:20:None match_level=exact score=1.000
2026-04-28 05:12:40,959 | INFO | duplicate skipped candidate=2026-04-27-pv13-remaining-batch-01:pv13_revere_index_value:3:20:Market match_level=exact score=1.000
2026-04-28 05:12:40,959 | INFO | duplicate skipped candidate=2026-04-27-pv13-remaining-batch-01:pv13_revere_index_value:3:60:None match_level=exact score=1.000
2026-04-28 05:12:40,959 | INFO | duplicate skipped candidate=2026-04-27-pv13-remaining-batch-01:pv13_revere_index_value:3:60:Market match_level=exact score=1.000
2026-04-28 05:12:40,959 | INFO | duplicate skipped candidate=2026-04-27-pv13-remaining-batch-01:pv13_revere_index_value:3:120:None match_level=exact score=1.000
2026-04-28 05:12:40,959 | INFO | duplicate skipped candidate=2026-04-27-pv13-remaining-batch-01:pv13_revere_index_value:3:120:Market match_level=exact score=1.000
2026-04-28 05:12:41,098 | WARNING | similarity warning candidate=2026-04-27-pv13-remaining-batch-01:pv13_revere_index_value:4:20:None score=0.991 match_level=structural
2026-04-28 05:12:41,236 | WARNING | similarity warning candidate=2026-04-27-pv13-remaining-batch-01:pv13_revere_index_value:4:20:Market score=0.991 match_level=structural
2026-04-28 05:12:41,236 | INFO | duplicate skipped candidate=2026-04-27-pv13-remaining-batch-01:pv13_revere_index_value:4:60:None match_level=exact score=1.000
2026-04-28 05:12:41,236 | INFO | duplicate skipped candidate=2026-04-27-pv13-remaining-batch-01:pv13_revere_index_value:4:60:Market match_level=exact score=1.000
2026-04-28 05:12:41,376 | WARNING | similarity warning candidate=2026-04-27-pv13-remaining-batch-01:pv13_revere_index_value:4:120:None score=0.987 match_level=structural
2026-04-28 05:12:41,517 | WARNING | similarity warning candidate=2026-04-27-pv13-remaining-batch-01:pv13_revere_index_value:4:120:Market score=0.987 match_level=structural
2026-04-28 05:12:41,517 | INFO | dedupe summary total=240 duplicates=66 warnings=116 remaining=174
2026-04-28 05:12:41,518 | INFO | dry-run plan start
2026-04-28 05:12:41,518 | INFO | project_root=/Users/zpdedn/Documents/project/Worldquantbrain
2026-04-28 05:12:41,518 | INFO | fields_file=/Users/zpdedn/Documents/project/Worldquantbrain/runs/research-contracts/2026-04-27-pv13-remaining-field_candidates.json
2026-04-28 05:12:41,518 | INFO | ledger_rows=300
2026-04-28 05:12:41,518 | INFO | templates=ts_rank({field}, {decay}), ts_zscore({field}, {decay}), ts_mean({field}, {decay}), ts_rank(ts_mean({field}, 63), {decay})
2026-04-28 05:12:41,518 | INFO | decays=20, 60, 120
2026-04-28 05:12:41,518 | INFO | neutralizations=None, Market
2026-04-28 05:12:41,518 | INFO | planned_candidates=1
2026-04-28 05:12:41,518 | INFO | top_recommendations=1
2026-04-28 05:12:41,518 | INFO | top_field_cap=2
2026-04-28 05:12:41,518 | INFO | --- ranked plan ---
2026-04-28 05:12:41,518 | INFO | rank field                        decay neutralization tmp  alpha_cnt coverage complexity  score     expression
2026-04-28 05:12:41,519 | INFO | 1    pv13_revere_key_sector_total 60    Market     2    3318     1.000  1           0.500     ts_zscore(pv13_revere_key_sector_total, 60)
2026-04-28 05:12:41,519 | INFO | --- top 1 (field-capped) ---
2026-04-28 05:12:41,519 | INFO | top=1 candidate=2026-04-27-pv13-remaining-batch-01:pv13_revere_key_sector_total:2:60:Market score=0.500 expr=ts_zscore(pv13_revere_key_sector_total, 60)
2026-04-28 05:12:41,519 | INFO | dry-run plan end
2026-04-28 05:12:41,519 | INFO | summary={"mode": "dry", "planned": 1, "top": 1, "total_after_dedupe": 1}
2026-04-28 05:16:59,924 | INFO | loaded field candidate file=/Users/zpdedn/Documents/project/Worldquantbrain/runs/research-contracts/2026-04-27-pv13-remaining-field_candidates.json
2026-04-28 05:16:59,924 | INFO | batch_id=2026-04-27-pv13-remaining-batch-01
2026-04-28 05:16:59,924 | INFO | field_count=10
2026-04-28 05:16:59,925 | INFO | generated_candidates=240
2026-04-28 05:16:59,928 | INFO | duplicate skipped candidate=2026-04-27-pv13-remaining-batch-01:pv13_ustomergraphrank_auth_rank:1:20:None match_level=exact score=1.000
2026-04-28 05:16:59,928 | INFO | duplicate skipped candidate=2026-04-27-pv13-remaining-batch-01:pv13_ustomergraphrank_auth_rank:1:20:Market match_level=exact score=1.000
2026-04-28 05:17:00,078 | WARNING | similarity warning candidate=2026-04-27-pv13-remaining-batch-01:pv13_ustomergraphrank_auth_rank:1:60:None score=0.991 match_level=structural
2026-04-28 05:17:00,211 | WARNING | similarity warning candidate=2026-04-27-pv13-remaining-batch-01:pv13_ustomergraphrank_auth_rank:1:60:Market score=0.991 match_level=structural
2026-04-28 05:17:00,212 | INFO | duplicate skipped candidate=2026-04-27-pv13-remaining-batch-01:pv13_ustomergraphrank_auth_rank:1:120:None match_level=exact score=1.000
2026-04-28 05:17:00,212 | INFO | duplicate skipped candidate=2026-04-27-pv13-remaining-batch-01:pv13_ustomergraphrank_auth_rank:1:120:Market match_level=exact score=1.000
2026-04-28 05:17:00,349 | WARNING | similarity warning candidate=2026-04-27-pv13-remaining-batch-01:pv13_ustomergraphrank_auth_rank:2:20:None score=0.769 match_level=structural
2026-04-28 05:17:00,482 | WARNING | similarity warning candidate=2026-04-27-pv13-remaining-batch-01:pv13_ustomergraphrank_auth_rank:2:20:Market score=0.769 match_level=structural
2026-04-28 05:17:00,613 | WARNING | similarity warning candidate=2026-04-27-pv13-remaining-batch-01:pv13_ustomergraphrank_auth_rank:2:60:None score=0.760 match_level=structural
2026-04-28 05:17:00,745 | WARNING | similarity warning candidate=2026-04-27-pv13-remaining-batch-01:pv13_ustomergraphrank_auth_rank:2:60:Market score=0.760 match_level=structural
2026-04-28 05:17:00,878 | WARNING | similarity warning candidate=2026-04-27-pv13-remaining-batch-01:pv13_ustomergraphrank_auth_rank:2:120:None score=0.774 match_level=structural
2026-04-28 05:17:01,012 | WARNING | similarity warning candidate=2026-04-27-pv13-remaining-batch-01:pv13_ustomergraphrank_auth_rank:2:120:Market score=0.774 match_level=structural
2026-04-28 05:17:01,138 | WARNING | similarity warning candidate=2026-04-27-pv13-remaining-batch-01:pv13_ustomergraphrank_auth_rank:3:20:None score=0.736 match_level=structural
2026-04-28 05:17:01,265 | WARNING | similarity warning candidate=2026-04-27-pv13-remaining-batch-01:pv13_ustomergraphrank_auth_rank:3:20:Market score=0.736 match_level=structural
2026-04-28 05:17:01,391 | WARNING | similarity warning candidate=2026-04-27-pv13-remaining-batch-01:pv13_ustomergraphrank_auth_rank:3:60:None score=0.727 match_level=structural
2026-04-28 05:17:01,518 | WARNING | similarity warning candidate=2026-04-27-pv13-remaining-batch-01:pv13_ustomergraphrank_auth_rank:3:60:Market score=0.727 match_level=structural
2026-04-28 05:17:01,647 | WARNING | similarity warning candidate=2026-04-27-pv13-remaining-batch-01:pv13_ustomergraphrank_auth_rank:3:120:None score=0.742 match_level=structural
2026-04-28 05:17:01,775 | WARNING | similarity warning candidate=2026-04-27-pv13-remaining-batch-01:pv13_ustomergraphrank_auth_rank:3:120:Market score=0.742 match_level=structural
2026-04-28 05:17:01,936 | WARNING | similarity warning candidate=2026-04-27-pv13-remaining-batch-01:pv13_ustomergraphrank_auth_rank:4:20:None score=0.801 match_level=structural
2026-04-28 05:17:02,095 | WARNING | similarity warning candidate=2026-04-27-pv13-remaining-batch-01:pv13_ustomergraphrank_auth_rank:4:20:Market score=0.801 match_level=structural
2026-04-28 05:17:02,257 | WARNING | similarity warning candidate=2026-04-27-pv13-remaining-batch-01:pv13_ustomergraphrank_auth_rank:4:60:None score=0.793 match_level=structural
2026-04-28 05:17:02,417 | WARNING | similarity warning candidate=2026-04-27-pv13-remaining-batch-01:pv13_ustomergraphrank_auth_rank:4:60:Market score=0.793 match_level=structural
2026-04-28 05:17:02,578 | WARNING | similarity warning candidate=2026-04-27-pv13-remaining-batch-01:pv13_ustomergraphrank_auth_rank:4:120:None score=0.802 match_level=structural
2026-04-28 05:17:02,740 | WARNING | similarity warning candidate=2026-04-27-pv13-remaining-batch-01:pv13_ustomergraphrank_auth_rank:4:120:Market score=0.802 match_level=structural
2026-04-28 05:17:02,741 | INFO | duplicate skipped candidate=2026-04-27-pv13-remaining-batch-01:pv13_ustomergraphrank_hub_rank:1:20:None match_level=exact score=1.000
2026-04-28 05:17:02,741 | INFO | duplicate skipped candidate=2026-04-27-pv13-remaining-batch-01:pv13_ustomergraphrank_hub_rank:1:20:Market match_level=exact score=1.000
2026-04-28 05:17:02,865 | WARNING | similarity warning candidate=2026-04-27-pv13-remaining-batch-01:pv13_ustomergraphrank_hub_rank:1:60:None score=0.990 match_level=structural
2026-04-28 05:17:02,988 | WARNING | similarity warning candidate=2026-04-27-pv13-remaining-batch-01:pv13_ustomergraphrank_hub_rank:1:60:Market score=0.990 match_level=structural
2026-04-28 05:17:02,988 | INFO | duplicate skipped candidate=2026-04-27-pv13-remaining-batch-01:pv13_ustomergraphrank_hub_rank:1:120:None match_level=exact score=1.000
2026-04-28 05:17:02,988 | INFO | duplicate skipped candidate=2026-04-27-pv13-remaining-batch-01:pv13_ustomergraphrank_hub_rank:1:120:Market match_level=exact score=1.000
2026-04-28 05:17:03,118 | WARNING | similarity warning candidate=2026-04-27-pv13-remaining-batch-01:pv13_ustomergraphrank_hub_rank:2:20:None score=0.764 match_level=structural
2026-04-28 05:17:03,247 | WARNING | similarity warning candidate=2026-04-27-pv13-remaining-batch-01:pv13_ustomergraphrank_hub_rank:2:20:Market score=0.764 match_level=structural
2026-04-28 05:17:03,376 | WARNING | similarity warning candidate=2026-04-27-pv13-remaining-batch-01:pv13_ustomergraphrank_hub_rank:2:60:None score=0.764 match_level=structural
2026-04-28 05:17:03,505 | WARNING | similarity warning candidate=2026-04-27-pv13-remaining-batch-01:pv13_ustomergraphrank_hub_rank:2:60:Market score=0.764 match_level=structural
2026-04-28 05:17:03,636 | WARNING | similarity warning candidate=2026-04-27-pv13-remaining-batch-01:pv13_ustomergraphrank_hub_rank:2:120:None score=0.769 match_level=structural
2026-04-28 05:17:03,768 | WARNING | similarity warning candidate=2026-04-27-pv13-remaining-batch-01:pv13_ustomergraphrank_hub_rank:2:120:Market score=0.769 match_level=structural
2026-04-28 05:17:03,893 | WARNING | similarity warning candidate=2026-04-27-pv13-remaining-batch-01:pv13_ustomergraphrank_hub_rank:3:20:None score=0.759 match_level=structural
2026-04-28 05:17:04,018 | WARNING | similarity warning candidate=2026-04-27-pv13-remaining-batch-01:pv13_ustomergraphrank_hub_rank:3:20:Market score=0.759 match_level=structural
2026-04-28 05:17:04,142 | WARNING | similarity warning candidate=2026-04-27-pv13-remaining-batch-01:pv13_ustomergraphrank_hub_rank:3:60:None score=0.749 match_level=structural
2026-04-28 05:17:04,265 | WARNING | similarity warning candidate=2026-04-27-pv13-remaining-batch-01:pv13_ustomergraphrank_hub_rank:3:60:Market score=0.749 match_level=structural
2026-04-28 05:17:04,392 | WARNING | similarity warning candidate=2026-04-27-pv13-remaining-batch-01:pv13_ustomergraphrank_hub_rank:3:120:None score=0.764 match_level=structural
2026-04-28 05:17:04,519 | WARNING | similarity warning candidate=2026-04-27-pv13-remaining-batch-01:pv13_ustomergraphrank_hub_rank:3:120:Market score=0.764 match_level=structural
2026-04-28 05:17:04,675 | WARNING | similarity warning candidate=2026-04-27-pv13-remaining-batch-01:pv13_ustomergraphrank_hub_rank:4:20:None score=0.800 match_level=structural
2026-04-28 05:17:04,830 | WARNING | similarity warning candidate=2026-04-27-pv13-remaining-batch-01:pv13_ustomergraphrank_hub_rank:4:20:Market score=0.800 match_level=structural
2026-04-28 05:17:04,986 | WARNING | similarity warning candidate=2026-04-27-pv13-remaining-batch-01:pv13_ustomergraphrank_hub_rank:4:60:None score=0.792 match_level=structural
2026-04-28 05:17:05,142 | WARNING | similarity warning candidate=2026-04-27-pv13-remaining-batch-01:pv13_ustomergraphrank_hub_rank:4:60:Market score=0.792 match_level=structural
2026-04-28 05:17:05,302 | WARNING | similarity warning candidate=2026-04-27-pv13-remaining-batch-01:pv13_ustomergraphrank_hub_rank:4:120:None score=0.801 match_level=structural
2026-04-28 05:17:05,460 | WARNING | similarity warning candidate=2026-04-27-pv13-remaining-batch-01:pv13_ustomergraphrank_hub_rank:4:120:Market score=0.801 match_level=structural
2026-04-28 05:17:05,460 | INFO | duplicate skipped candidate=2026-04-27-pv13-remaining-batch-01:pv13_ompetitorgraphrank_hub_rank:1:20:None match_level=exact score=1.000
2026-04-28 05:17:05,460 | INFO | duplicate skipped candidate=2026-04-27-pv13-remaining-batch-01:pv13_ompetitorgraphrank_hub_rank:1:20:Market match_level=exact score=1.000
2026-04-28 05:17:05,589 | WARNING | similarity warning candidate=2026-04-27-pv13-remaining-batch-01:pv13_ompetitorgraphrank_hub_rank:1:60:None score=0.991 match_level=structural
2026-04-28 05:17:05,717 | WARNING | similarity warning candidate=2026-04-27-pv13-remaining-batch-01:pv13_ompetitorgraphrank_hub_rank:1:60:Market score=0.991 match_level=structural
2026-04-28 05:17:05,718 | INFO | duplicate skipped candidate=2026-04-27-pv13-remaining-batch-01:pv13_ompetitorgraphrank_hub_rank:1:120:None match_level=exact score=1.000
2026-04-28 05:17:05,718 | INFO | duplicate skipped candidate=2026-04-27-pv13-remaining-batch-01:pv13_ompetitorgraphrank_hub_rank:1:120:Market match_level=exact score=1.000
2026-04-28 05:17:05,854 | WARNING | similarity warning candidate=2026-04-27-pv13-remaining-batch-01:pv13_ompetitorgraphrank_hub_rank:2:20:None score=0.996 match_level=structural
2026-04-28 05:17:05,989 | WARNING | similarity warning candidate=2026-04-27-pv13-remaining-batch-01:pv13_ompetitorgraphrank_hub_rank:2:20:Market score=0.996 match_level=structural
2026-04-28 05:17:05,989 | INFO | duplicate skipped candidate=2026-04-27-pv13-remaining-batch-01:pv13_ompetitorgraphrank_hub_rank:2:60:None match_level=exact score=1.000
2026-04-28 05:17:05,989 | INFO | duplicate skipped candidate=2026-04-27-pv13-remaining-batch-01:pv13_ompetitorgraphrank_hub_rank:2:60:Market match_level=exact score=1.000
2026-04-28 05:17:05,989 | INFO | duplicate skipped candidate=2026-04-27-pv13-remaining-batch-01:pv13_ompetitorgraphrank_hub_rank:2:120:None match_level=exact score=1.000
2026-04-28 05:17:05,990 | INFO | duplicate skipped candidate=2026-04-27-pv13-remaining-batch-01:pv13_ompetitorgraphrank_hub_rank:2:120:Market match_level=exact score=1.000
2026-04-28 05:17:06,118 | WARNING | similarity warning candidate=2026-04-27-pv13-remaining-batch-01:pv13_ompetitorgraphrank_hub_rank:3:20:None score=0.996 match_level=structural
2026-04-28 05:17:06,246 | WARNING | similarity warning candidate=2026-04-27-pv13-remaining-batch-01:pv13_ompetitorgraphrank_hub_rank:3:20:Market score=0.996 match_level=structural
2026-04-28 05:17:06,375 | WARNING | similarity warning candidate=2026-04-27-pv13-remaining-batch-01:pv13_ompetitorgraphrank_hub_rank:3:60:None score=0.987 match_level=structural
2026-04-28 05:17:06,504 | WARNING | similarity warning candidate=2026-04-27-pv13-remaining-batch-01:pv13_ompetitorgraphrank_hub_rank:3:60:Market score=0.987 match_level=structural
2026-04-28 05:17:06,504 | INFO | duplicate skipped candidate=2026-04-27-pv13-remaining-batch-01:pv13_ompetitorgraphrank_hub_rank:3:120:None match_level=exact score=1.000
2026-04-28 05:17:06,504 | INFO | duplicate skipped candidate=2026-04-27-pv13-remaining-batch-01:pv13_ompetitorgraphrank_hub_rank:3:120:Market match_level=exact score=1.000
2026-04-28 05:17:06,667 | WARNING | similarity warning candidate=2026-04-27-pv13-remaining-batch-01:pv13_ompetitorgraphrank_hub_rank:4:20:None score=0.802 match_level=structural
2026-04-28 05:17:06,831 | WARNING | similarity warning candidate=2026-04-27-pv13-remaining-batch-01:pv13_ompetitorgraphrank_hub_rank:4:20:Market score=0.802 match_level=structural
2026-04-28 05:17:06,994 | WARNING | similarity warning candidate=2026-04-27-pv13-remaining-batch-01:pv13_ompetitorgraphrank_hub_rank:4:60:None score=0.794 match_level=structural
2026-04-28 05:17:07,155 | WARNING | similarity warning candidate=2026-04-27-pv13-remaining-batch-01:pv13_ompetitorgraphrank_hub_rank:4:60:Market score=0.794 match_level=structural
2026-04-28 05:17:07,320 | WARNING | similarity warning candidate=2026-04-27-pv13-remaining-batch-01:pv13_ompetitorgraphrank_hub_rank:4:120:None score=0.803 match_level=structural
2026-04-28 05:17:07,488 | WARNING | similarity warning candidate=2026-04-27-pv13-remaining-batch-01:pv13_ompetitorgraphrank_hub_rank:4:120:Market score=0.803 match_level=structural
2026-04-28 05:17:07,565 | WARNING | similarity warning candidate=2026-04-27-pv13-remaining-batch-01:rel_num_comp:1:20:None score=0.992 match_level=structural
2026-04-28 05:17:07,641 | WARNING | similarity warning candidate=2026-04-27-pv13-remaining-batch-01:rel_num_comp:1:20:Market score=0.992 match_level=structural
2026-04-28 05:17:07,718 | WARNING | similarity warning candidate=2026-04-27-pv13-remaining-batch-01:rel_num_comp:1:60:None score=0.976 match_level=structural
2026-04-28 05:17:07,795 | WARNING | similarity warning candidate=2026-04-27-pv13-remaining-batch-01:rel_num_comp:1:60:Market score=0.976 match_level=structural
2026-04-28 05:17:07,795 | INFO | duplicate skipped candidate=2026-04-27-pv13-remaining-batch-01:rel_num_comp:1:120:None match_level=exact score=1.000
2026-04-28 05:17:07,795 | INFO | duplicate skipped candidate=2026-04-27-pv13-remaining-batch-01:rel_num_comp:1:120:Market match_level=exact score=1.000
2026-04-28 05:17:08,879 | WARNING | similarity warning candidate=2026-04-27-pv13-remaining-batch-01:rel_num_comp:4:20:None score=0.765 match_level=structural
2026-04-28 05:17:08,990 | WARNING | similarity warning candidate=2026-04-27-pv13-remaining-batch-01:rel_num_comp:4:20:Market score=0.765 match_level=structural
2026-04-28 05:17:09,100 | WARNING | similarity warning candidate=2026-04-27-pv13-remaining-batch-01:rel_num_comp:4:60:None score=0.752 match_level=structural
2026-04-28 05:17:09,211 | WARNING | similarity warning candidate=2026-04-27-pv13-remaining-batch-01:rel_num_comp:4:60:Market score=0.752 match_level=structural
2026-04-28 05:17:09,326 | WARNING | similarity warning candidate=2026-04-27-pv13-remaining-batch-01:rel_num_comp:4:120:None score=0.773 match_level=structural
2026-04-28 05:17:09,439 | WARNING | similarity warning candidate=2026-04-27-pv13-remaining-batch-01:rel_num_comp:4:120:Market score=0.773 match_level=structural
2026-04-28 05:17:09,439 | INFO | duplicate skipped candidate=2026-04-27-pv13-remaining-batch-01:pv13_com_rk_au:1:20:None match_level=exact score=1.000
2026-04-28 05:17:09,439 | INFO | duplicate skipped candidate=2026-04-27-pv13-remaining-batch-01:pv13_com_rk_au:1:20:Market match_level=exact score=1.000
2026-04-28 05:17:09,439 | INFO | duplicate skipped candidate=2026-04-27-pv13-remaining-batch-01:pv13_com_rk_au:1:60:None match_level=exact score=1.000
2026-04-28 05:17:09,439 | INFO | duplicate skipped candidate=2026-04-27-pv13-remaining-batch-01:pv13_com_rk_au:1:60:Market match_level=exact score=1.000
2026-04-28 05:17:09,439 | INFO | duplicate skipped candidate=2026-04-27-pv13-remaining-batch-01:pv13_com_rk_au:1:120:None match_level=exact score=1.000
2026-04-28 05:17:09,439 | INFO | duplicate skipped candidate=2026-04-27-pv13-remaining-batch-01:pv13_com_rk_au:1:120:Market match_level=exact score=1.000
2026-04-28 05:17:09,527 | WARNING | similarity warning candidate=2026-04-27-pv13-remaining-batch-01:pv13_com_rk_au:2:20:None score=0.728 match_level=structural
2026-04-28 05:17:09,614 | WARNING | similarity warning candidate=2026-04-27-pv13-remaining-batch-01:pv13_com_rk_au:2:20:Market score=0.728 match_level=structural
2026-04-28 05:17:09,700 | WARNING | similarity warning candidate=2026-04-27-pv13-remaining-batch-01:pv13_com_rk_au:2:60:None score=0.715 match_level=structural
2026-04-28 05:17:09,788 | WARNING | similarity warning candidate=2026-04-27-pv13-remaining-batch-01:pv13_com_rk_au:2:60:Market score=0.715 match_level=structural
2026-04-28 05:17:09,878 | WARNING | similarity warning candidate=2026-04-27-pv13-remaining-batch-01:pv13_com_rk_au:2:120:None score=0.735 match_level=structural
2026-04-28 05:17:09,969 | WARNING | similarity warning candidate=2026-04-27-pv13-remaining-batch-01:pv13_com_rk_au:2:120:Market score=0.735 match_level=structural
2026-04-28 05:17:10,379 | WARNING | similarity warning candidate=2026-04-27-pv13-remaining-batch-01:pv13_com_rk_au:3:120:None score=0.700 match_level=structural
2026-04-28 05:17:10,463 | WARNING | similarity warning candidate=2026-04-27-pv13-remaining-batch-01:pv13_com_rk_au:3:120:Market score=0.700 match_level=structural
2026-04-28 05:17:10,578 | WARNING | similarity warning candidate=2026-04-27-pv13-remaining-batch-01:pv13_com_rk_au:4:20:None score=0.775 match_level=structural
2026-04-28 05:17:10,692 | WARNING | similarity warning candidate=2026-04-27-pv13-remaining-batch-01:pv13_com_rk_au:4:20:Market score=0.775 match_level=structural
2026-04-28 05:17:10,807 | WARNING | similarity warning candidate=2026-04-27-pv13-remaining-batch-01:pv13_com_rk_au:4:60:None score=0.775 match_level=structural
2026-04-28 05:17:10,923 | WARNING | similarity warning candidate=2026-04-27-pv13-remaining-batch-01:pv13_com_rk_au:4:60:Market score=0.775 match_level=structural
2026-04-28 05:17:11,051 | WARNING | similarity warning candidate=2026-04-27-pv13-remaining-batch-01:pv13_com_rk_au:4:120:None score=0.777 match_level=structural
2026-04-28 05:17:11,172 | WARNING | similarity warning candidate=2026-04-27-pv13-remaining-batch-01:pv13_com_rk_au:4:120:Market score=0.777 match_level=structural
2026-04-28 05:17:11,265 | WARNING | similarity warning candidate=2026-04-27-pv13-remaining-batch-01:rel_num_cust:1:20:None score=0.743 match_level=structural
2026-04-28 05:17:11,349 | WARNING | similarity warning candidate=2026-04-27-pv13-remaining-batch-01:rel_num_cust:1:20:Market score=0.743 match_level=structural
2026-04-28 05:17:11,430 | WARNING | similarity warning candidate=2026-04-27-pv13-remaining-batch-01:rel_num_cust:1:60:None score=0.727 match_level=structural
2026-04-28 05:17:11,508 | WARNING | similarity warning candidate=2026-04-27-pv13-remaining-batch-01:rel_num_cust:1:60:Market score=0.727 match_level=structural
2026-04-28 05:17:11,591 | WARNING | similarity warning candidate=2026-04-27-pv13-remaining-batch-01:rel_num_cust:1:120:None score=0.752 match_level=structural
2026-04-28 05:17:11,672 | WARNING | similarity warning candidate=2026-04-27-pv13-remaining-batch-01:rel_num_cust:1:120:Market score=0.752 match_level=structural
2026-04-28 05:17:13,402 | WARNING | similarity warning candidate=2026-04-27-pv13-remaining-batch-01:rel_ret_part:1:20:None score=0.992 match_level=structural
2026-04-28 05:17:13,481 | WARNING | similarity warning candidate=2026-04-27-pv13-remaining-batch-01:rel_ret_part:1:20:Market score=0.992 match_level=structural
2026-04-28 05:17:13,565 | WARNING | similarity warning candidate=2026-04-27-pv13-remaining-batch-01:rel_ret_part:1:60:None score=0.976 match_level=structural
2026-04-28 05:17:13,643 | WARNING | similarity warning candidate=2026-04-27-pv13-remaining-batch-01:rel_ret_part:1:60:Market score=0.976 match_level=structural
2026-04-28 05:17:13,644 | INFO | duplicate skipped candidate=2026-04-27-pv13-remaining-batch-01:rel_ret_part:1:120:None match_level=exact score=1.000
2026-04-28 05:17:13,644 | INFO | duplicate skipped candidate=2026-04-27-pv13-remaining-batch-01:rel_ret_part:1:120:Market match_level=exact score=1.000
2026-04-28 05:17:14,781 | WARNING | similarity warning candidate=2026-04-27-pv13-remaining-batch-01:rel_ret_part:4:20:None score=0.765 match_level=structural
2026-04-28 05:17:14,897 | WARNING | similarity warning candidate=2026-04-27-pv13-remaining-batch-01:rel_ret_part:4:20:Market score=0.765 match_level=structural
2026-04-28 05:17:15,032 | WARNING | similarity warning candidate=2026-04-27-pv13-remaining-batch-01:rel_ret_part:4:60:None score=0.752 match_level=structural
2026-04-28 05:17:15,151 | WARNING | similarity warning candidate=2026-04-27-pv13-remaining-batch-01:rel_ret_part:4:60:Market score=0.752 match_level=structural
2026-04-28 05:17:15,270 | WARNING | similarity warning candidate=2026-04-27-pv13-remaining-batch-01:rel_ret_part:4:120:None score=0.773 match_level=structural
2026-04-28 05:17:15,389 | WARNING | similarity warning candidate=2026-04-27-pv13-remaining-batch-01:rel_ret_part:4:120:Market score=0.773 match_level=structural
2026-04-28 05:17:15,389 | INFO | duplicate skipped candidate=2026-04-27-pv13-remaining-batch-01:pv13_revere_key_sector_total:1:20:None match_level=exact score=1.000
2026-04-28 05:17:15,390 | INFO | duplicate skipped candidate=2026-04-27-pv13-remaining-batch-01:pv13_revere_key_sector_total:1:20:Market match_level=exact score=1.000
2026-04-28 05:17:15,390 | INFO | duplicate skipped candidate=2026-04-27-pv13-remaining-batch-01:pv13_revere_key_sector_total:1:60:None match_level=exact score=1.000
2026-04-28 05:17:15,390 | INFO | duplicate skipped candidate=2026-04-27-pv13-remaining-batch-01:pv13_revere_key_sector_total:1:60:Market match_level=exact score=1.000
2026-04-28 05:17:15,390 | INFO | duplicate skipped candidate=2026-04-27-pv13-remaining-batch-01:pv13_revere_key_sector_total:1:120:None match_level=exact score=1.000
2026-04-28 05:17:15,390 | INFO | duplicate skipped candidate=2026-04-27-pv13-remaining-batch-01:pv13_revere_key_sector_total:1:120:Market match_level=exact score=1.000
2026-04-28 05:17:15,390 | INFO | duplicate skipped candidate=2026-04-27-pv13-remaining-batch-01:pv13_revere_key_sector_total:2:20:None match_level=exact score=1.000
2026-04-28 05:17:15,390 | INFO | duplicate skipped candidate=2026-04-27-pv13-remaining-batch-01:pv13_revere_key_sector_total:2:20:Market match_level=exact score=1.000
2026-04-28 05:17:15,524 | WARNING | similarity warning candidate=2026-04-27-pv13-remaining-batch-01:pv13_revere_key_sector_total:2:60:None score=0.990 match_level=structural
2026-04-28 05:17:15,653 | WARNING | similarity warning candidate=2026-04-27-pv13-remaining-batch-01:pv13_revere_key_sector_total:2:60:Market score=0.990 match_level=structural
2026-04-28 05:17:15,654 | INFO | duplicate skipped candidate=2026-04-27-pv13-remaining-batch-01:pv13_revere_key_sector_total:2:120:None match_level=exact score=1.000
2026-04-28 05:17:15,654 | INFO | duplicate skipped candidate=2026-04-27-pv13-remaining-batch-01:pv13_revere_key_sector_total:2:120:Market match_level=exact score=1.000
2026-04-28 05:17:15,784 | WARNING | similarity warning candidate=2026-04-27-pv13-remaining-batch-01:pv13_revere_key_sector_total:3:20:None score=0.995 match_level=structural
2026-04-28 05:17:15,906 | WARNING | similarity warning candidate=2026-04-27-pv13-remaining-batch-01:pv13_revere_key_sector_total:3:20:Market score=0.995 match_level=structural
2026-04-28 05:17:15,907 | INFO | duplicate skipped candidate=2026-04-27-pv13-remaining-batch-01:pv13_revere_key_sector_total:3:60:None match_level=exact score=1.000
2026-04-28 05:17:15,907 | INFO | duplicate skipped candidate=2026-04-27-pv13-remaining-batch-01:pv13_revere_key_sector_total:3:60:Market match_level=exact score=1.000
2026-04-28 05:17:15,907 | INFO | duplicate skipped candidate=2026-04-27-pv13-remaining-batch-01:pv13_revere_key_sector_total:3:120:None match_level=exact score=1.000
2026-04-28 05:17:15,907 | INFO | duplicate skipped candidate=2026-04-27-pv13-remaining-batch-01:pv13_revere_key_sector_total:3:120:Market match_level=exact score=1.000
2026-04-28 05:17:16,062 | WARNING | similarity warning candidate=2026-04-27-pv13-remaining-batch-01:pv13_revere_key_sector_total:4:20:None score=0.992 match_level=structural
2026-04-28 05:17:16,218 | WARNING | similarity warning candidate=2026-04-27-pv13-remaining-batch-01:pv13_revere_key_sector_total:4:20:Market score=0.992 match_level=structural
2026-04-28 05:17:16,218 | INFO | duplicate skipped candidate=2026-04-27-pv13-remaining-batch-01:pv13_revere_key_sector_total:4:60:None match_level=exact score=1.000
2026-04-28 05:17:16,218 | INFO | duplicate skipped candidate=2026-04-27-pv13-remaining-batch-01:pv13_revere_key_sector_total:4:60:Market match_level=exact score=1.000
2026-04-28 05:17:16,374 | WARNING | similarity warning candidate=2026-04-27-pv13-remaining-batch-01:pv13_revere_key_sector_total:4:120:None score=0.989 match_level=structural
2026-04-28 05:17:16,539 | WARNING | similarity warning candidate=2026-04-27-pv13-remaining-batch-01:pv13_revere_key_sector_total:4:120:Market score=0.989 match_level=structural
2026-04-28 05:17:16,618 | WARNING | similarity warning candidate=2026-04-27-pv13-remaining-batch-01:rel_num_part:1:20:None score=0.992 match_level=structural
2026-04-28 05:17:16,695 | WARNING | similarity warning candidate=2026-04-27-pv13-remaining-batch-01:rel_num_part:1:20:Market score=0.992 match_level=structural
2026-04-28 05:17:16,773 | WARNING | similarity warning candidate=2026-04-27-pv13-remaining-batch-01:rel_num_part:1:60:None score=0.976 match_level=structural
2026-04-28 05:17:16,850 | WARNING | similarity warning candidate=2026-04-27-pv13-remaining-batch-01:rel_num_part:1:60:Market score=0.976 match_level=structural
2026-04-28 05:17:16,850 | INFO | duplicate skipped candidate=2026-04-27-pv13-remaining-batch-01:rel_num_part:1:120:None match_level=exact score=1.000
2026-04-28 05:17:16,851 | INFO | duplicate skipped candidate=2026-04-27-pv13-remaining-batch-01:rel_num_part:1:120:Market match_level=exact score=1.000
2026-04-28 05:17:17,928 | WARNING | similarity warning candidate=2026-04-27-pv13-remaining-batch-01:rel_num_part:4:20:None score=0.765 match_level=structural
2026-04-28 05:17:18,039 | WARNING | similarity warning candidate=2026-04-27-pv13-remaining-batch-01:rel_num_part:4:20:Market score=0.765 match_level=structural
2026-04-28 05:17:18,150 | WARNING | similarity warning candidate=2026-04-27-pv13-remaining-batch-01:rel_num_part:4:60:None score=0.752 match_level=structural
2026-04-28 05:17:18,260 | WARNING | similarity warning candidate=2026-04-27-pv13-remaining-batch-01:rel_num_part:4:60:Market score=0.752 match_level=structural
2026-04-28 05:17:18,373 | WARNING | similarity warning candidate=2026-04-27-pv13-remaining-batch-01:rel_num_part:4:120:None score=0.773 match_level=structural
2026-04-28 05:17:18,487 | WARNING | similarity warning candidate=2026-04-27-pv13-remaining-batch-01:rel_num_part:4:120:Market score=0.773 match_level=structural
2026-04-28 05:17:18,487 | INFO | duplicate skipped candidate=2026-04-27-pv13-remaining-batch-01:pv13_revere_index_value:1:20:None match_level=exact score=1.000
2026-04-28 05:17:18,487 | INFO | duplicate skipped candidate=2026-04-27-pv13-remaining-batch-01:pv13_revere_index_value:1:20:Market match_level=exact score=1.000
2026-04-28 05:17:18,487 | INFO | duplicate skipped candidate=2026-04-27-pv13-remaining-batch-01:pv13_revere_index_value:1:60:None match_level=exact score=1.000
2026-04-28 05:17:18,487 | INFO | duplicate skipped candidate=2026-04-27-pv13-remaining-batch-01:pv13_revere_index_value:1:60:Market match_level=exact score=1.000
2026-04-28 05:17:18,487 | INFO | duplicate skipped candidate=2026-04-27-pv13-remaining-batch-01:pv13_revere_index_value:1:120:None match_level=exact score=1.000
2026-04-28 05:17:18,487 | INFO | duplicate skipped candidate=2026-04-27-pv13-remaining-batch-01:pv13_revere_index_value:1:120:Market match_level=exact score=1.000
2026-04-28 05:17:18,487 | INFO | duplicate skipped candidate=2026-04-27-pv13-remaining-batch-01:pv13_revere_index_value:2:20:None match_level=exact score=1.000
2026-04-28 05:17:18,487 | INFO | duplicate skipped candidate=2026-04-27-pv13-remaining-batch-01:pv13_revere_index_value:2:20:Market match_level=exact score=1.000
2026-04-28 05:17:18,487 | INFO | duplicate skipped candidate=2026-04-27-pv13-remaining-batch-01:pv13_revere_index_value:2:60:None match_level=exact score=1.000
2026-04-28 05:17:18,487 | INFO | duplicate skipped candidate=2026-04-27-pv13-remaining-batch-01:pv13_revere_index_value:2:60:Market match_level=exact score=1.000
2026-04-28 05:17:18,487 | INFO | duplicate skipped candidate=2026-04-27-pv13-remaining-batch-01:pv13_revere_index_value:2:120:None match_level=exact score=1.000
2026-04-28 05:17:18,487 | INFO | duplicate skipped candidate=2026-04-27-pv13-remaining-batch-01:pv13_revere_index_value:2:120:Market match_level=exact score=1.000
2026-04-28 05:17:18,488 | INFO | duplicate skipped candidate=2026-04-27-pv13-remaining-batch-01:pv13_revere_index_value:3:20:None match_level=exact score=1.000
2026-04-28 05:17:18,488 | INFO | duplicate skipped candidate=2026-04-27-pv13-remaining-batch-01:pv13_revere_index_value:3:20:Market match_level=exact score=1.000
2026-04-28 05:17:18,488 | INFO | duplicate skipped candidate=2026-04-27-pv13-remaining-batch-01:pv13_revere_index_value:3:60:None match_level=exact score=1.000
2026-04-28 05:17:18,488 | INFO | duplicate skipped candidate=2026-04-27-pv13-remaining-batch-01:pv13_revere_index_value:3:60:Market match_level=exact score=1.000
2026-04-28 05:17:18,488 | INFO | duplicate skipped candidate=2026-04-27-pv13-remaining-batch-01:pv13_revere_index_value:3:120:None match_level=exact score=1.000
2026-04-28 05:17:18,488 | INFO | duplicate skipped candidate=2026-04-27-pv13-remaining-batch-01:pv13_revere_index_value:3:120:Market match_level=exact score=1.000
2026-04-28 05:17:18,629 | WARNING | similarity warning candidate=2026-04-27-pv13-remaining-batch-01:pv13_revere_index_value:4:20:None score=0.991 match_level=structural
2026-04-28 05:17:18,769 | WARNING | similarity warning candidate=2026-04-27-pv13-remaining-batch-01:pv13_revere_index_value:4:20:Market score=0.991 match_level=structural
2026-04-28 05:17:18,769 | INFO | duplicate skipped candidate=2026-04-27-pv13-remaining-batch-01:pv13_revere_index_value:4:60:None match_level=exact score=1.000
2026-04-28 05:17:18,769 | INFO | duplicate skipped candidate=2026-04-27-pv13-remaining-batch-01:pv13_revere_index_value:4:60:Market match_level=exact score=1.000
2026-04-28 05:17:18,912 | WARNING | similarity warning candidate=2026-04-27-pv13-remaining-batch-01:pv13_revere_index_value:4:120:None score=0.987 match_level=structural
2026-04-28 05:17:19,058 | WARNING | similarity warning candidate=2026-04-27-pv13-remaining-batch-01:pv13_revere_index_value:4:120:Market score=0.987 match_level=structural
2026-04-28 05:17:19,058 | INFO | dedupe summary total=240 duplicates=66 warnings=116 remaining=174
2026-04-28 05:17:19,059 | INFO | dry-run plan start
2026-04-28 05:17:19,059 | INFO | project_root=/Users/zpdedn/Documents/project/Worldquantbrain
2026-04-28 05:17:19,059 | INFO | fields_file=/Users/zpdedn/Documents/project/Worldquantbrain/runs/research-contracts/2026-04-27-pv13-remaining-field_candidates.json
2026-04-28 05:17:19,060 | INFO | ledger_rows=300
2026-04-28 05:17:19,060 | INFO | templates=ts_rank({field}, {decay}), ts_zscore({field}, {decay}), ts_mean({field}, {decay}), ts_rank(ts_mean({field}, 63), {decay})
2026-04-28 05:17:19,060 | INFO | decays=20, 60, 120
2026-04-28 05:17:19,060 | INFO | neutralizations=None, Market
2026-04-28 05:17:19,060 | INFO | planned_candidates=1
2026-04-28 05:17:19,060 | INFO | top_recommendations=1
2026-04-28 05:17:19,060 | INFO | top_field_cap=2
2026-04-28 05:17:19,060 | INFO | --- ranked plan ---
2026-04-28 05:17:19,060 | INFO | rank field                        decay neutralization tmp  alpha_cnt coverage complexity  score     expression
2026-04-28 05:17:19,060 | INFO | 1    pv13_revere_key_sector_total 60    Market     2    3318     1.000  1           0.500     ts_zscore(pv13_revere_key_sector_total, 60)
2026-04-28 05:17:19,060 | INFO | --- top 1 (field-capped) ---
2026-04-28 05:17:19,060 | INFO | top=1 candidate=2026-04-27-pv13-remaining-batch-01:pv13_revere_key_sector_total:2:60:Market score=0.500 expr=ts_zscore(pv13_revere_key_sector_total, 60)
2026-04-28 05:17:19,060 | INFO | dry-run plan end
2026-04-28 05:17:19,060 | INFO | summary={"mode": "dry", "planned": 1, "top": 1, "total_after_dedupe": 1}
2026-04-28 05:51:20,215 | INFO | loaded field candidate file=/Users/zpdedn/Documents/project/Worldquantbrain/runs/evolution/generations/gen_000.batch.json
2026-04-28 05:51:20,216 | INFO | batch_id=None
2026-04-28 05:51:20,216 | INFO | field_count=6
2026-04-28 05:51:20,216 | INFO | generated_candidates=6
2026-04-28 05:51:20,223 | INFO | duplicate skipped candidate=batch:gen000-3940ea21738c:1:None:None match_level=exact score=1.000
2026-04-28 05:51:20,223 | INFO | duplicate skipped candidate=batch:gen000-98703f9fc70d:1:None:None match_level=exact score=1.000
2026-04-28 05:51:20,223 | INFO | duplicate skipped candidate=batch:gen000-8f4229a745ab:1:None:None match_level=exact score=1.000
2026-04-28 05:51:20,224 | INFO | duplicate skipped candidate=batch:gen000-2c01a5547503:1:None:None match_level=exact score=1.000
2026-04-28 05:51:20,224 | INFO | duplicate skipped candidate=batch:gen000-7ab21f653c53:1:None:None match_level=exact score=1.000
2026-04-28 05:51:20,224 | INFO | duplicate skipped candidate=batch:gen000-d47401f8f5b1:1:None:None match_level=exact score=1.000
2026-04-28 05:51:20,224 | INFO | dedupe summary total=6 duplicates=6 warnings=0 remaining=0
2026-04-28 05:51:20,224 | INFO | dry-run plan start
2026-04-28 05:51:20,224 | INFO | project_root=/Users/zpdedn/Documents/project/Worldquantbrain
2026-04-28 05:51:20,224 | INFO | fields_file=/Users/zpdedn/Documents/project/Worldquantbrain/runs/evolution/generations/gen_000.batch.json
2026-04-28 05:51:20,226 | INFO | ledger_rows=300
2026-04-28 05:51:20,226 | INFO | templates=ts_rank({field}, {decay}), ts_zscore({field}, {decay}), ts_mean({field}, {decay}), ts_rank(ts_mean({field}, 63), {decay})
2026-04-28 05:51:20,226 | INFO | decays=0
2026-04-28 05:51:20,226 | INFO | neutralizations=None
2026-04-28 05:51:20,226 | INFO | planned_candidates=0
2026-04-28 05:51:20,226 | INFO | top_recommendations=0
2026-04-28 05:51:20,226 | INFO | top_field_cap=2
2026-04-28 05:51:20,226 | INFO | --- ranked plan ---
2026-04-28 05:51:20,226 | INFO | rank field                        decay neutralization tmp  alpha_cnt coverage complexity  score     expression
2026-04-28 05:51:20,226 | INFO | dry-run plan end
2026-04-28 05:51:20,226 | INFO | summary={"mode": "dry", "planned": 0, "top": 0, "total_after_dedupe": 0}
2026-04-28 05:51:55,503 | INFO | loaded field candidate file=/Users/zpdedn/Documents/project/Worldquantbrain/runs/evolution/generations/gen_001.batch.json
2026-04-28 05:51:55,503 | INFO | batch_id=None
2026-04-28 05:51:55,503 | INFO | field_count=6
2026-04-28 05:51:55,503 | INFO | generated_candidates=6
2026-04-28 05:51:55,506 | INFO | duplicate skipped candidate=batch:gen001-9103be8a9045:1:None:None match_level=exact score=1.000
2026-04-28 05:51:55,761 | WARNING | similarity warning candidate=batch:gen001-a4952c2a3a95:1:None:None score=0.839 match_level=structural
2026-04-28 05:51:55,950 | WARNING | similarity warning candidate=batch:gen001-5eeb64812fdd:1:None:None score=0.812 match_level=structural
2026-04-28 05:51:56,142 | WARNING | similarity warning candidate=batch:gen001-fac93806830d:1:None:None score=0.726 match_level=structural
2026-04-28 05:51:56,338 | WARNING | similarity warning candidate=batch:gen001-f8bd3c5cd179:1:None:None score=0.835 match_level=structural
2026-04-28 05:51:56,339 | INFO | duplicate skipped candidate=batch:gen001-2e7876620db7:1:None:None match_level=exact score=1.000
2026-04-28 05:51:56,339 | INFO | dedupe summary total=6 duplicates=2 warnings=4 remaining=4
2026-04-28 05:51:56,339 | INFO | dry-run plan start
2026-04-28 05:51:56,339 | INFO | project_root=/Users/zpdedn/Documents/project/Worldquantbrain
2026-04-28 05:51:56,339 | INFO | fields_file=/Users/zpdedn/Documents/project/Worldquantbrain/runs/evolution/generations/gen_001.batch.json
2026-04-28 05:51:56,339 | INFO | ledger_rows=300
2026-04-28 05:51:56,339 | INFO | templates=ts_rank({field}, {decay}), ts_zscore({field}, {decay}), ts_mean({field}, {decay}), ts_rank(ts_mean({field}, 63), {decay})
2026-04-28 05:51:56,339 | INFO | decays=0
2026-04-28 05:51:56,339 | INFO | neutralizations=None
2026-04-28 05:51:56,339 | INFO | planned_candidates=1
2026-04-28 05:51:56,339 | INFO | top_recommendations=1
2026-04-28 05:51:56,339 | INFO | top_field_cap=2
2026-04-28 05:51:56,339 | INFO | --- ranked plan ---
2026-04-28 05:51:56,339 | INFO | rank field                        decay neutralization tmp  alpha_cnt coverage complexity  score     expression
2026-04-28 05:51:56,339 | INFO | 1    gen001-5eeb64812fdd          None  None       1    1        1.000  2           0.650     group_rank(ts_delta(anl4_afv4_median_eps/close, 120), industry)
2026-04-28 05:51:56,339 | INFO | --- top 1 (field-capped) ---
2026-04-28 05:51:56,339 | INFO | top=1 candidate=batch:gen001-5eeb64812fdd:1:None:None score=0.650 expr=group_rank(ts_delta(anl4_afv4_median_eps/close, 120), industry)
2026-04-28 05:51:56,339 | INFO | dry-run plan end
2026-04-28 05:51:56,340 | INFO | summary={"mode": "dry", "planned": 1, "top": 1, "total_after_dedupe": 1}
2026-04-28 06:00:50,250 | INFO | loaded field candidate file=/Users/zpdedn/Documents/project/Worldquantbrain/runs/evolution/generations/gen_001.batch.json
2026-04-28 06:00:50,250 | INFO | batch_id=None
2026-04-28 06:00:50,250 | INFO | field_count=6
2026-04-28 06:00:50,250 | INFO | generated_candidates=6
2026-04-28 06:00:50,253 | INFO | duplicate skipped candidate=batch:gen001-9103be8a9045:1:None:None match_level=exact score=1.000
2026-04-28 06:00:50,512 | WARNING | similarity warning candidate=batch:gen001-a4952c2a3a95:1:None:None score=0.839 match_level=structural
2026-04-28 06:00:50,710 | WARNING | similarity warning candidate=batch:gen001-5eeb64812fdd:1:None:None score=0.812 match_level=structural
2026-04-28 06:00:50,915 | WARNING | similarity warning candidate=batch:gen001-fac93806830d:1:None:None score=0.726 match_level=structural
2026-04-28 06:00:51,118 | WARNING | similarity warning candidate=batch:gen001-f8bd3c5cd179:1:None:None score=0.835 match_level=structural
2026-04-28 06:00:51,119 | INFO | duplicate skipped candidate=batch:gen001-2e7876620db7:1:None:None match_level=exact score=1.000
2026-04-28 06:00:51,119 | INFO | dedupe summary total=6 duplicates=2 warnings=4 remaining=4
2026-04-28 06:00:51,119 | INFO | dry-run plan start
2026-04-28 06:00:51,119 | INFO | project_root=/Users/zpdedn/Documents/project/Worldquantbrain
2026-04-28 06:00:51,119 | INFO | fields_file=/Users/zpdedn/Documents/project/Worldquantbrain/runs/evolution/generations/gen_001.batch.json
2026-04-28 06:00:51,119 | INFO | ledger_rows=300
2026-04-28 06:00:51,119 | INFO | templates=ts_rank({field}, {decay}), ts_zscore({field}, {decay}), ts_mean({field}, {decay}), ts_rank(ts_mean({field}, 63), {decay})
2026-04-28 06:00:51,119 | INFO | decays=0
2026-04-28 06:00:51,119 | INFO | neutralizations=None
2026-04-28 06:00:51,119 | INFO | planned_candidates=4
2026-04-28 06:00:51,119 | INFO | top_recommendations=4
2026-04-28 06:00:51,119 | INFO | top_field_cap=2
2026-04-28 06:00:51,120 | INFO | --- ranked plan ---
2026-04-28 06:00:51,120 | INFO | rank field                        decay neutralization tmp  alpha_cnt coverage complexity  score     expression
2026-04-28 06:00:51,120 | INFO | 1    gen001-5eeb64812fdd          None  None       1    1        1.000  2           0.650     group_rank(ts_delta(anl4_afv4_median_eps/close, 120), industry)
2026-04-28 06:00:51,120 | INFO | 2    gen001-a4952c2a3a95          None  None       1    1        1.000  2           0.650     group_rank(ts_rank(earnings_per_share_average/close, 120), anl4_afv4_median_eps)
2026-04-28 06:00:51,120 | INFO | 3    gen001-f8bd3c5cd179          None  None       1    1        1.000  2           0.650     zscore(group_rank(ts_rank(anl4_afv4_median_eps/close, 60), industry))
2026-04-28 06:00:51,120 | INFO | 4    gen001-fac93806830d          None  None       1    1        1.000  2           0.650     rank(group_rank(ts_delta(anl4_af_eps_value / close, 60), industry))
2026-04-28 06:00:51,120 | INFO | --- top 10 (field-capped) ---
2026-04-28 06:00:51,120 | INFO | top=1 candidate=batch:gen001-5eeb64812fdd:1:None:None score=0.650 expr=group_rank(ts_delta(anl4_afv4_median_eps/close, 120), industry)
2026-04-28 06:00:51,120 | INFO | top=2 candidate=batch:gen001-a4952c2a3a95:1:None:None score=0.650 expr=group_rank(ts_rank(earnings_per_share_average/close, 120), anl4_afv4_median_eps)
2026-04-28 06:00:51,120 | INFO | top=3 candidate=batch:gen001-f8bd3c5cd179:1:None:None score=0.650 expr=zscore(group_rank(ts_rank(anl4_afv4_median_eps/close, 60), industry))
2026-04-28 06:00:51,120 | INFO | top=4 candidate=batch:gen001-fac93806830d:1:None:None score=0.650 expr=rank(group_rank(ts_delta(anl4_af_eps_value / close, 60), industry))
2026-04-28 06:00:51,120 | INFO | dry-run plan end
2026-04-28 06:00:51,120 | INFO | summary={"mode": "dry", "planned": 4, "top": 4, "total_after_dedupe": 4}
2026-04-28 06:01:02,778 | INFO | loaded field candidate file=/Users/zpdedn/Documents/project/Worldquantbrain/runs/evolution/generations/gen_000.batch.json
2026-04-28 06:01:02,779 | INFO | batch_id=None
2026-04-28 06:01:02,779 | INFO | field_count=6
2026-04-28 06:01:02,779 | INFO | generated_candidates=6
2026-04-28 06:01:02,782 | INFO | duplicate skipped candidate=batch:gen000-3940ea21738c:1:None:None match_level=exact score=1.000
2026-04-28 06:01:02,782 | INFO | duplicate skipped candidate=batch:gen000-98703f9fc70d:1:None:None match_level=exact score=1.000
2026-04-28 06:01:02,782 | INFO | duplicate skipped candidate=batch:gen000-8f4229a745ab:1:None:None match_level=exact score=1.000
2026-04-28 06:01:02,783 | INFO | duplicate skipped candidate=batch:gen000-2c01a5547503:1:None:None match_level=exact score=1.000
2026-04-28 06:01:02,783 | INFO | duplicate skipped candidate=batch:gen000-7ab21f653c53:1:None:None match_level=exact score=1.000
2026-04-28 06:01:02,783 | INFO | duplicate skipped candidate=batch:gen000-d47401f8f5b1:1:None:None match_level=exact score=1.000
2026-04-28 06:01:02,783 | INFO | dedupe summary total=6 duplicates=6 warnings=0 remaining=0
2026-04-28 06:01:02,783 | INFO | dry-run plan start
2026-04-28 06:01:02,783 | INFO | project_root=/Users/zpdedn/Documents/project/Worldquantbrain
2026-04-28 06:01:02,783 | INFO | fields_file=/Users/zpdedn/Documents/project/Worldquantbrain/runs/evolution/generations/gen_000.batch.json
2026-04-28 06:01:02,784 | INFO | ledger_rows=300
2026-04-28 06:01:02,784 | INFO | templates=ts_rank({field}, {decay}), ts_zscore({field}, {decay}), ts_mean({field}, {decay}), ts_rank(ts_mean({field}, 63), {decay})
2026-04-28 06:01:02,784 | INFO | decays=0
2026-04-28 06:01:02,784 | INFO | neutralizations=None
2026-04-28 06:01:02,784 | INFO | planned_candidates=0
2026-04-28 06:01:02,784 | INFO | top_recommendations=0
2026-04-28 06:01:02,784 | INFO | top_field_cap=2
2026-04-28 06:01:02,784 | INFO | --- ranked plan ---
2026-04-28 06:01:02,784 | INFO | rank field                        decay neutralization tmp  alpha_cnt coverage complexity  score     expression
2026-04-28 06:01:02,784 | INFO | dry-run plan end
2026-04-28 06:01:02,785 | INFO | summary={"mode": "dry", "planned": 0, "top": 0, "total_after_dedupe": 0}
2026-04-28 06:27:59,214 | INFO | loaded field candidate file=/Users/zpdedn/Documents/project/Worldquantbrain/runs/evolution/generations/gen_001.batch.json
2026-04-28 06:27:59,214 | INFO | batch_id=None
2026-04-28 06:27:59,214 | INFO | field_count=50
2026-04-28 06:27:59,214 | INFO | generated_candidates=50
2026-04-28 06:27:59,515 | WARNING | similarity warning candidate=batch:gen001-4f0ee25657e8:1:None:None score=0.743 match_level=structural
2026-04-28 06:28:00,582 | WARNING | similarity warning candidate=batch:gen001-d05237c38bf3:1:None:None score=0.811 match_level=structural
2026-04-28 06:28:00,747 | WARNING | similarity warning candidate=batch:gen001-7c19a69e6e0d:1:None:None score=0.819 match_level=structural
2026-04-28 06:28:01,067 | WARNING | similarity warning candidate=batch:gen001-ae8254e6d325:1:None:None score=0.721 match_level=structural
2026-04-28 06:28:01,250 | WARNING | similarity warning candidate=batch:gen001-f6ebdb317c6f:1:None:None score=0.833 match_level=structural
2026-04-28 06:28:01,594 | WARNING | similarity warning candidate=batch:gen001-3a6a1248dfa5:1:None:None score=0.942 match_level=structural
2026-04-28 06:28:01,925 | WARNING | similarity warning candidate=batch:gen001-736e4a30667f:1:None:None score=0.775 match_level=structural
2026-04-28 06:28:02,158 | WARNING | similarity warning candidate=batch:gen001-e08121154b62:1:None:None score=0.770 match_level=structural
2026-04-28 06:28:02,562 | WARNING | similarity warning candidate=batch:gen001-276886f3ad6c:1:None:None score=0.742 match_level=structural
2026-04-28 06:28:02,755 | WARNING | similarity warning candidate=batch:gen001-f426115d8460:1:None:None score=0.833 match_level=structural
2026-04-28 06:28:03,031 | WARNING | similarity warning candidate=batch:gen001-4b9a6116c406:1:None:None score=0.757 match_level=structural
2026-04-28 06:28:03,201 | WARNING | similarity warning candidate=batch:gen001-c3cee8a3f574:1:None:None score=0.821 match_level=structural
2026-04-28 06:28:03,432 | WARNING | similarity warning candidate=batch:gen001-dc04ef7c9a92:1:None:None score=0.807 match_level=structural
2026-04-28 06:28:03,625 | WARNING | similarity warning candidate=batch:gen001-e4a68e11b174:1:None:None score=0.829 match_level=structural
2026-04-28 06:28:03,790 | WARNING | similarity warning candidate=batch:gen001-144b91673c1a:1:None:None score=0.827 match_level=structural
2026-04-28 06:28:04,108 | WARNING | similarity warning candidate=batch:gen001-6ded45066434:1:None:None score=0.820 match_level=structural
2026-04-28 06:28:04,292 | WARNING | similarity warning candidate=batch:gen001-5abc8a69a430:1:None:None score=0.844 match_level=structural
2026-04-28 06:28:04,617 | WARNING | similarity warning candidate=batch:gen001-29d10aacd330:1:None:None score=0.929 match_level=structural
2026-04-28 06:28:04,812 | WARNING | similarity warning candidate=batch:gen001-8e6239410473:1:None:None score=0.847 match_level=structural
2026-04-28 06:28:05,141 | WARNING | similarity warning candidate=batch:gen001-c8e489d07d0f:1:None:None score=0.829 match_level=structural
2026-04-28 06:28:05,455 | WARNING | similarity warning candidate=batch:gen001-72db0620b945:1:None:None score=0.843 match_level=structural
2026-04-28 06:28:05,670 | WARNING | similarity warning candidate=batch:gen001-c5d48fd931e0:1:None:None score=0.799 match_level=structural
2026-04-28 06:28:05,899 | WARNING | similarity warning candidate=batch:gen001-d7fcca382bb2:1:None:None score=0.791 match_level=structural
2026-04-28 06:28:06,332 | WARNING | similarity warning candidate=batch:gen001-a07a68cbcbb0:1:None:None score=0.895 match_level=structural
2026-04-28 06:28:06,560 | WARNING | similarity warning candidate=batch:gen001-448f41f02666:1:None:None score=0.858 match_level=structural
2026-04-28 06:28:06,979 | WARNING | similarity warning candidate=batch:gen001-7379229c178f:1:None:None score=0.864 match_level=structural
2026-04-28 06:28:07,143 | WARNING | similarity warning candidate=batch:gen001-bb4604275db8:1:None:None score=0.879 match_level=structural
2026-04-28 06:28:07,273 | WARNING | similarity warning candidate=batch:gen001-38b611b929c3:1:None:None score=0.820 match_level=structural
2026-04-28 06:28:07,449 | WARNING | similarity warning candidate=batch:gen001-f41b799717ee:1:None:None score=0.831 match_level=structural
2026-04-28 06:28:07,676 | WARNING | similarity warning candidate=batch:gen001-089e0fa5d4dd:1:None:None score=0.857 match_level=structural
2026-04-28 06:28:07,990 | WARNING | similarity warning candidate=batch:gen001-151c54794a63:1:None:None score=0.914 match_level=structural
2026-04-28 06:28:08,165 | WARNING | similarity warning candidate=batch:gen001-e2a9d2381af3:1:None:None score=0.897 match_level=structural
2026-04-28 06:28:08,340 | WARNING | similarity warning candidate=batch:gen001-75c0b4c7f264:1:None:None score=0.899 match_level=structural
2026-04-28 06:28:08,517 | WARNING | similarity warning candidate=batch:gen001-4dc32c460f51:1:None:None score=0.897 match_level=structural
2026-04-28 06:28:08,670 | WARNING | similarity warning candidate=batch:gen001-b908b0bddbb0:1:None:None score=0.893 match_level=structural
2026-04-28 06:28:08,800 | WARNING | similarity warning candidate=batch:gen001-cc5a67e02667:1:None:None score=0.869 match_level=structural
2026-04-28 06:28:08,957 | WARNING | similarity warning candidate=batch:gen001-7c2a2ab85065:1:None:None score=0.859 match_level=structural
2026-04-28 06:28:09,116 | WARNING | similarity warning candidate=batch:gen001-3ed90be5a6be:1:None:None score=0.860 match_level=structural
2026-04-28 06:28:09,260 | WARNING | similarity warning candidate=batch:gen001-1dcddcaae178:1:None:None score=0.821 match_level=structural
2026-04-28 06:28:09,400 | WARNING | similarity warning candidate=batch:gen001-ae322ca2dbcf:1:None:None score=0.830 match_level=structural
2026-04-28 06:28:09,400 | INFO | dedupe summary total=50 duplicates=0 warnings=40 remaining=50
2026-04-28 06:28:09,400 | INFO | dry-run plan start
2026-04-28 06:28:09,400 | INFO | project_root=/Users/zpdedn/Documents/project/Worldquantbrain
2026-04-28 06:28:09,400 | INFO | fields_file=/Users/zpdedn/Documents/project/Worldquantbrain/runs/evolution/generations/gen_001.batch.json
2026-04-28 06:28:09,401 | INFO | ledger_rows=300
2026-04-28 06:28:09,401 | INFO | templates=ts_rank({field}, {decay}), ts_zscore({field}, {decay}), ts_mean({field}, {decay}), ts_rank(ts_mean({field}, 63), {decay})
2026-04-28 06:28:09,401 | INFO | decays=0
2026-04-28 06:28:09,401 | INFO | neutralizations=None
2026-04-28 06:28:09,401 | INFO | planned_candidates=10
2026-04-28 06:28:09,401 | INFO | top_recommendations=5
2026-04-28 06:28:09,401 | INFO | top_field_cap=2
2026-04-28 06:28:09,401 | INFO | --- ranked plan ---
2026-04-28 06:28:09,401 | INFO | rank field                        decay neutralization tmp  alpha_cnt coverage complexity  score     expression
2026-04-28 06:28:09,401 | INFO | 1    gen001-386ced9e7038          None  None       1    1        1.000  1           0.750     ts_mean(operating_income, 108)
2026-04-28 06:28:09,401 | INFO | 2    gen001-4750e6c856bf          None  None       1    1        1.000  1           0.750     ts_rank(actual_eps_value_quarterly / close, 60)
2026-04-28 06:28:09,401 | INFO | 3    gen001-992a82816b5f          None  None       1    1        1.000  1           0.750     ts_rank(anl4_af_eps_value / close, 60)
2026-04-28 06:28:09,401 | INFO | 4    gen001-ae322ca2dbcf          None  None       1    1        1.000  1           0.750     group_rank(anl4_qfv4_median_eps/close, industry)
2026-04-28 06:28:09,401 | INFO | 5    gen001-c3b86188e6a9          None  None       1    1        1.000  1           0.750     ts_rank(earnings_per_share_average/close, 120)
2026-04-28 06:28:09,401 | INFO | 6    gen001-e3a5fb04e2b7          None  None       1    1        1.000  1           0.750     ts_rank(anl4_qfv4_median_eps/close, 60)
2026-04-28 06:28:09,401 | INFO | 7    gen001-f634950eb5d5          None  None       1    1        1.000  1           0.750     ts_rank(anl4_afv4_median_eps/close, 60)
2026-04-28 06:28:09,401 | INFO | 8    gen001-089e0fa5d4dd          None  None       1    1        1.000  2           0.650     group_rank(ts_rank(actual_eps_value_quarterly / anl4_af_eps_value, 60), subindustry)
2026-04-28 06:28:09,401 | INFO | 9    gen001-144b91673c1a          None  None       1    1        1.000  2           0.650     log(ts_rank(ts_mean(pv13_revere_key_sector_total, 63), 60))
2026-04-28 06:28:09,401 | INFO | 10   gen001-151c54794a63          None  None       1    1        1.000  2           0.650     group_rank(ts_rank(signed_power(ts_zscore(ts_mean(pcr_oi_720, 7), 126), 2), 20) + ts_rank(industry / close, 60), industry)
2026-04-28 06:28:09,401 | INFO | --- top 5 (field-capped) ---
2026-04-28 06:28:09,401 | INFO | top=1 candidate=batch:gen001-386ced9e7038:1:None:None score=0.750 expr=ts_mean(operating_income, 108)
2026-04-28 06:28:09,401 | INFO | top=2 candidate=batch:gen001-4750e6c856bf:1:None:None score=0.750 expr=ts_rank(actual_eps_value_quarterly / close, 60)
2026-04-28 06:28:09,401 | INFO | top=3 candidate=batch:gen001-992a82816b5f:1:None:None score=0.750 expr=ts_rank(anl4_af_eps_value / close, 60)
2026-04-28 06:28:09,401 | INFO | top=4 candidate=batch:gen001-ae322ca2dbcf:1:None:None score=0.750 expr=group_rank(anl4_qfv4_median_eps/close, industry)
2026-04-28 06:28:09,401 | INFO | top=5 candidate=batch:gen001-c3b86188e6a9:1:None:None score=0.750 expr=ts_rank(earnings_per_share_average/close, 120)
2026-04-28 06:28:09,401 | INFO | dry-run plan end
2026-04-28 06:28:09,401 | INFO | summary={"mode": "dry", "planned": 10, "top": 5, "total_after_dedupe": 10}
2026-04-28 06:29:38,738 | INFO | loaded field candidate file=/Users/zpdedn/Documents/project/Worldquantbrain/runs/evolution/generations/gen_002.batch.json
2026-04-28 06:29:38,738 | INFO | batch_id=None
2026-04-28 06:29:38,739 | INFO | field_count=50
2026-04-28 06:29:38,739 | INFO | generated_candidates=50
2026-04-28 06:29:43,927 | WARNING | similarity warning candidate=batch:gen002-a3e40ee738e4:1:None:None score=0.765 match_level=structural
2026-04-28 06:29:44,583 | WARNING | similarity warning candidate=batch:gen002-07cf3fb4279b:1:None:None score=0.703 match_level=structural
2026-04-28 06:29:45,096 | WARNING | similarity warning candidate=batch:gen002-6951f8bdbec3:1:None:None score=0.713 match_level=structural
2026-04-28 06:29:45,618 | WARNING | similarity warning candidate=batch:gen002-4efd53ba2711:1:None:None score=0.831 match_level=structural
2026-04-28 06:29:45,969 | WARNING | similarity warning candidate=batch:gen002-2c27514aa63e:1:None:None score=0.832 match_level=structural
2026-04-28 06:29:46,256 | WARNING | similarity warning candidate=batch:gen002-ed8bfb3ff696:1:None:None score=0.719 match_level=structural
2026-04-28 06:29:46,575 | WARNING | similarity warning candidate=batch:gen002-5799f8740d77:1:None:None score=0.829 match_level=structural
2026-04-28 06:29:47,092 | WARNING | similarity warning candidate=batch:gen002-5cd391aee5ae:1:None:None score=0.734 match_level=structural
2026-04-28 06:29:47,281 | WARNING | similarity warning candidate=batch:gen002-055413066a47:1:None:None score=0.797 match_level=structural
2026-04-28 06:29:47,458 | WARNING | similarity warning candidate=batch:gen002-0a060067ac87:1:None:None score=0.715 match_level=structural
2026-04-28 06:29:47,766 | WARNING | similarity warning candidate=batch:gen002-9229d703a552:1:None:None score=0.744 match_level=structural
2026-04-28 06:29:47,964 | WARNING | similarity warning candidate=batch:gen002-5713f2b0bc56:1:None:None score=0.815 match_level=structural
2026-04-28 06:29:48,882 | WARNING | similarity warning candidate=batch:gen002-ccc1f43f20af:1:None:None score=0.804 match_level=structural
2026-04-28 06:29:49,097 | WARNING | similarity warning candidate=batch:gen002-d5da730b7899:1:None:None score=0.832 match_level=structural
2026-04-28 06:29:49,289 | WARNING | similarity warning candidate=batch:gen002-e43a9dc7c9a2:1:None:None score=0.827 match_level=structural
2026-04-28 06:29:49,480 | WARNING | similarity warning candidate=batch:gen002-6d7cda166e19:1:None:None score=0.891 match_level=structural
2026-04-28 06:29:49,666 | WARNING | similarity warning candidate=batch:gen002-3bb980e2b1c4:1:None:None score=0.841 match_level=structural
2026-04-28 06:29:49,866 | WARNING | similarity warning candidate=batch:gen002-1d133518aa30:1:None:None score=0.842 match_level=structural
2026-04-28 06:29:49,866 | INFO | dedupe summary total=50 duplicates=0 warnings=18 remaining=50
2026-04-28 06:29:49,867 | INFO | dry-run plan start
2026-04-28 06:29:49,867 | INFO | project_root=/Users/zpdedn/Documents/project/Worldquantbrain
2026-04-28 06:29:49,867 | INFO | fields_file=/Users/zpdedn/Documents/project/Worldquantbrain/runs/evolution/generations/gen_002.batch.json
2026-04-28 06:29:49,867 | INFO | ledger_rows=300
2026-04-28 06:29:49,867 | INFO | templates=ts_rank({field}, {decay}), ts_zscore({field}, {decay}), ts_mean({field}, {decay}), ts_rank(ts_mean({field}, 63), {decay})
2026-04-28 06:29:49,867 | INFO | decays=0
2026-04-28 06:29:49,867 | INFO | neutralizations=None
2026-04-28 06:29:49,867 | INFO | planned_candidates=10
2026-04-28 06:29:49,867 | INFO | top_recommendations=5
2026-04-28 06:29:49,867 | INFO | top_field_cap=2
2026-04-28 06:29:49,867 | INFO | --- ranked plan ---
2026-04-28 06:29:49,867 | INFO | rank field                        decay neutralization tmp  alpha_cnt coverage complexity  score     expression
2026-04-28 06:29:49,867 | INFO | 1    gen002-1023b1fee7aa          None  None       1    1        1.000  1           0.750     ts_median(industry, 180)
2026-04-28 06:29:49,867 | INFO | 2    gen002-36f6a262eec6          None  None       1    1        1.000  1           0.750     ts_mean(implied_volatility_skew, 72)
2026-04-28 06:29:49,867 | INFO | 3    gen002-adbe53673323          None  None       1    1        1.000  1           0.750     ts_rank(anl4_qfv4_median_eps/industry, 60)
2026-04-28 06:29:49,867 | INFO | 4    gen002-ba67ac482fc9          None  None       1    1        1.000  1           0.750     ts_delay(socialmedia8-sentiment-value-industry-mean5, 84)
2026-04-28 06:29:49,868 | INFO | 5    gen002-bebe67aa61c0          None  None       1    1        1.000  1           0.750     ts_rank(close/close, 60)
2026-04-28 06:29:49,868 | INFO | 6    gen002-dc8edd9dfd3c          None  None       1    1        1.000  1           0.750     ts_median(actual_eps_value_quarterly_subindustry_probe, 180)
2026-04-28 06:29:49,868 | INFO | 7    gen002-050cfd37dcb4          None  None       1    1        1.000  2           0.650     ts_zscore(group_rank(ts_rank(anl4_af_eps_value / earnings_per_share_median_value, 60), industry), 20)
2026-04-28 06:29:49,868 | INFO | 8    gen002-055413066a47          None  None       1    1        1.000  2           0.650     group_rank(ts_median(pv13_ustomergraphrank_page_rank, 180), industry)
2026-04-28 06:29:49,868 | INFO | 9    gen002-07cf3fb4279b          None  None       1    1        1.000  2           0.650     group_rank(ts_rank(ts_mean(pv13_revere_index_value, 96), 504), close)
2026-04-28 06:29:49,868 | INFO | 10   gen002-0a060067ac87          None  None       1    1        1.000  2           0.650     ts_count_nans(group_rank(anl4_af_eps_value / close, industry), 90)
2026-04-28 06:29:49,868 | INFO | --- top 5 (field-capped) ---
2026-04-28 06:29:49,868 | INFO | top=1 candidate=batch:gen002-1023b1fee7aa:1:None:None score=0.750 expr=ts_median(industry, 180)
2026-04-28 06:29:49,868 | INFO | top=2 candidate=batch:gen002-36f6a262eec6:1:None:None score=0.750 expr=ts_mean(implied_volatility_skew, 72)
2026-04-28 06:29:49,868 | INFO | top=3 candidate=batch:gen002-adbe53673323:1:None:None score=0.750 expr=ts_rank(anl4_qfv4_median_eps/industry, 60)
2026-04-28 06:29:49,868 | INFO | top=4 candidate=batch:gen002-ba67ac482fc9:1:None:None score=0.750 expr=ts_delay(socialmedia8-sentiment-value-industry-mean5, 84)
2026-04-28 06:29:49,868 | INFO | top=5 candidate=batch:gen002-bebe67aa61c0:1:None:None score=0.750 expr=ts_rank(close/close, 60)
2026-04-28 06:29:49,868 | INFO | dry-run plan end
2026-04-28 06:29:49,868 | INFO | summary={"mode": "dry", "planned": 10, "top": 5, "total_after_dedupe": 10}
2026-04-28 06:29:49,992 | INFO | loaded field candidate file=/Users/zpdedn/Documents/project/Worldquantbrain/runs/evolution/generations/gen_003.batch.json
2026-04-28 06:29:49,992 | INFO | batch_id=None
2026-04-28 06:29:49,992 | INFO | field_count=50
2026-04-28 06:29:49,992 | INFO | generated_candidates=50
2026-04-28 06:29:54,741 | WARNING | similarity warning candidate=batch:gen003-1975cfd9c7e4:1:None:None score=0.708 match_level=structural
2026-04-28 06:29:59,982 | WARNING | similarity warning candidate=batch:gen003-9a6105f06fa5:1:None:None score=0.789 match_level=structural
2026-04-28 06:30:01,121 | WARNING | similarity warning candidate=batch:gen003-2ba3f101923d:1:None:None score=0.708 match_level=structural
2026-04-28 06:30:01,627 | WARNING | similarity warning candidate=batch:gen003-8907874c1a17:1:None:None score=0.788 match_level=structural
2026-04-28 06:30:01,863 | WARNING | similarity warning candidate=batch:gen003-360d6481b210:1:None:None score=0.723 match_level=structural
2026-04-28 06:30:02,120 | WARNING | similarity warning candidate=batch:gen003-d65038a48956:1:None:None score=0.729 match_level=structural
2026-04-28 06:30:02,120 | INFO | dedupe summary total=50 duplicates=0 warnings=6 remaining=50
2026-04-28 06:30:02,120 | INFO | dry-run plan start
2026-04-28 06:30:02,120 | INFO | project_root=/Users/zpdedn/Documents/project/Worldquantbrain
2026-04-28 06:30:02,120 | INFO | fields_file=/Users/zpdedn/Documents/project/Worldquantbrain/runs/evolution/generations/gen_003.batch.json
2026-04-28 06:30:02,121 | INFO | ledger_rows=300
2026-04-28 06:30:02,121 | INFO | templates=ts_rank({field}, {decay}), ts_zscore({field}, {decay}), ts_mean({field}, {decay}), ts_rank(ts_mean({field}, 63), {decay})
2026-04-28 06:30:02,121 | INFO | decays=0
2026-04-28 06:30:02,121 | INFO | neutralizations=None
2026-04-28 06:30:02,121 | INFO | planned_candidates=10
2026-04-28 06:30:02,121 | INFO | top_recommendations=5
2026-04-28 06:30:02,121 | INFO | top_field_cap=2
2026-04-28 06:30:02,121 | INFO | --- ranked plan ---
2026-04-28 06:30:02,121 | INFO | rank field                        decay neutralization tmp  alpha_cnt coverage complexity  score     expression
2026-04-28 06:30:02,121 | INFO | 1    gen003-0686e231f87d          None  None       1    1        1.000  1           0.750     ts_median(pcr_vol_90_b_stage_industry_mean5, 180)
2026-04-28 06:30:02,121 | INFO | 2    gen003-1687aade116d          None  None       1    1        1.000  1           0.750     ts_rank(socialmedia8-sentiment-value-industry-mean5, 84)
2026-04-28 06:30:02,121 | INFO | 3    gen003-1975cfd9c7e4          None  None       1    1        1.000  1           0.750     ts_median(pv13_revere_index_value, 180)
2026-04-28 06:30:02,121 | INFO | 4    gen003-1f60bd96c03e          None  None       1    1        1.000  1           0.750     ts_median(socialmedia8-sentiment-value-industry-pcr-oi-hybrid, 150)
2026-04-28 06:30:02,121 | INFO | 5    gen003-360d6481b210          None  None       1    1        1.000  1           0.750     group_rank(fundamental_model_slow_ratio_equity_cap_follow_up_batch_08/close, industry)
2026-04-28 06:30:02,121 | INFO | 6    gen003-76732bb7f50b          None  None       1    1        1.000  1           0.750     ts_mean(fundamental_model_slow_ratio_equity_cap_follow_up_batch_14_api_checks, 72)
2026-04-28 06:30:02,121 | INFO | 7    gen003-8cc26ef86065          None  None       1    1        1.000  1           0.750     ts_delay(socialmedia8-implied_volatility_skew-value-industry-mean5, 84)
2026-04-28 06:30:02,121 | INFO | 8    gen003-ac9b8bbae411          None  None       1    1        1.000  1           0.750     ts_rank(socialmedia8-sentiment-industry, 60)
2026-04-28 06:30:02,121 | INFO | 9    gen003-ca971aabdd73          None  None       1    1        1.000  1           0.750     ts_mean(socialmedia8-sentiment-value, 72)
2026-04-28 06:30:02,121 | INFO | 10   gen003-fbad187a5f87          None  None       1    1        1.000  1           0.750     subtract(implied_volatility_skew, 72)
2026-04-28 06:30:02,121 | INFO | --- top 5 (field-capped) ---
2026-04-28 06:30:02,121 | INFO | top=1 candidate=batch:gen003-0686e231f87d:1:None:None score=0.750 expr=ts_median(pcr_vol_90_b_stage_industry_mean5, 180)
2026-04-28 06:30:02,121 | INFO | top=2 candidate=batch:gen003-1687aade116d:1:None:None score=0.750 expr=ts_rank(socialmedia8-sentiment-value-industry-mean5, 84)
2026-04-28 06:30:02,121 | INFO | top=3 candidate=batch:gen003-1975cfd9c7e4:1:None:None score=0.750 expr=ts_median(pv13_revere_index_value, 180)
2026-04-28 06:30:02,121 | INFO | top=4 candidate=batch:gen003-1f60bd96c03e:1:None:None score=0.750 expr=ts_median(socialmedia8-sentiment-value-industry-pcr-oi-hybrid, 150)
2026-04-28 06:30:02,121 | INFO | top=5 candidate=batch:gen003-360d6481b210:1:None:None score=0.750 expr=group_rank(fundamental_model_slow_ratio_equity_cap_follow_up_batch_08/close, industry)
2026-04-28 06:30:02,121 | INFO | dry-run plan end
2026-04-28 06:30:02,121 | INFO | summary={"mode": "dry", "planned": 10, "top": 5, "total_after_dedupe": 10}
2026-04-28 06:36:55,065 | INFO | loaded field candidate file=/Users/zpdedn/Documents/project/Worldquantbrain/runs/evolution/generations/gen_002.batch.json
2026-04-28 06:36:55,065 | INFO | batch_id=None
2026-04-28 06:36:55,065 | INFO | field_count=20
2026-04-28 06:36:55,065 | INFO | generated_candidates=20
2026-04-28 06:36:58,372 | WARNING | similarity warning candidate=batch:gen002-4c6869454e58:1:None:None score=0.759 match_level=structural
2026-04-28 06:36:58,568 | WARNING | similarity warning candidate=batch:gen002-8f7dc9852c63:1:None:None score=0.719 match_level=structural
2026-04-28 06:36:58,788 | WARNING | similarity warning candidate=batch:gen002-00472bb6c3e8:1:None:None score=0.710 match_level=structural
2026-04-28 06:36:59,309 | INFO | dedupe summary total=20 duplicates=0 warnings=3 remaining=20
2026-04-28 06:36:59,309 | INFO | dry-run plan start
2026-04-28 06:36:59,309 | INFO | project_root=/Users/zpdedn/Documents/project/Worldquantbrain
2026-04-28 06:36:59,309 | INFO | fields_file=/Users/zpdedn/Documents/project/Worldquantbrain/runs/evolution/generations/gen_002.batch.json
2026-04-28 06:36:59,310 | INFO | ledger_rows=300
2026-04-28 06:36:59,310 | INFO | templates=ts_rank({field}, {decay}), ts_zscore({field}, {decay}), ts_mean({field}, {decay}), ts_rank(ts_mean({field}, 63), {decay})
2026-04-28 06:36:59,310 | INFO | decays=0
2026-04-28 06:36:59,310 | INFO | neutralizations=None
2026-04-28 06:36:59,310 | INFO | planned_candidates=10
2026-04-28 06:36:59,310 | INFO | top_recommendations=5
2026-04-28 06:36:59,310 | INFO | top_field_cap=2
2026-04-28 06:36:59,310 | INFO | --- ranked plan ---
2026-04-28 06:36:59,310 | INFO | rank field                        decay neutralization tmp  alpha_cnt coverage complexity  score     expression
2026-04-28 06:36:59,310 | INFO | 1    gen002-12abb19b167b          None  None       1    1        1.000  1           0.750     ts_mean(actual_eps_value_close_industry_subindustry_probe, 63)
2026-04-28 06:36:59,310 | INFO | 2    gen002-4abdc28e3567          None  None       1    1        1.000  1           0.750     ts_rank(industry/close, 60)
2026-04-28 06:36:59,310 | INFO | 3    gen002-6474f832eb0c          None  None       1    1        1.000  1           0.750     ts_rank(operating_income_smoothed_history_position_follow_up_batch_07/close, 60)
2026-04-28 06:36:59,310 | INFO | 4    gen002-9cac82eae61f          None  None       1    1        1.000  1           0.750     ts_rank(earnings_per_share_average/close, 60)
2026-04-28 06:36:59,310 | INFO | 5    gen002-a8495460ddad          None  None       1    1        1.000  1           0.750     group_neutralize(anl4_afv4_median_eps/close, 48)
2026-04-28 06:36:59,310 | INFO | 6    gen002-b3cc513d053c          None  None       1    1        1.000  1           0.750     ts_rank(earnings_per_share_median_value/socialmedia12, 60)
2026-04-28 06:36:59,310 | INFO | 7    gen002-00472bb6c3e8          None  None       1    1        1.000  2           0.650     group_neutralize(ts_rank(earnings_per_share_median_value/close, 60), subindustry)
2026-04-28 06:36:59,310 | INFO | 8    gen002-1e09fbfc99ec          None  None       1    1        1.000  2           0.650     abs(group_rank(ts_rank(actual_sales_delta_fundamental_batch_01_api_checks/close, 120), industry))
2026-04-28 06:36:59,310 | INFO | 9    gen002-20443d2cacb1          None  None       1    1        1.000  2           0.650     group_neutralize(ts_rank(anl4_af_eps_value / close, 60), actual_eps_value_close_industry_subindustry_probe)
2026-04-28 06:36:59,310 | INFO | 10   gen002-27ac7994430a          None  None       1    1        1.000  2           0.650     sqrt(group_neutralize(ts_rank(earnings_per_share_average/subindustry, 60), industry))
2026-04-28 06:36:59,310 | INFO | --- top 5 (field-capped) ---
2026-04-28 06:36:59,310 | INFO | top=1 candidate=batch:gen002-12abb19b167b:1:None:None score=0.750 expr=ts_mean(actual_eps_value_close_industry_subindustry_probe, 63)
2026-04-28 06:36:59,310 | INFO | top=2 candidate=batch:gen002-4abdc28e3567:1:None:None score=0.750 expr=ts_rank(industry/close, 60)
2026-04-28 06:36:59,310 | INFO | top=3 candidate=batch:gen002-6474f832eb0c:1:None:None score=0.750 expr=ts_rank(operating_income_smoothed_history_position_follow_up_batch_07/close, 60)
2026-04-28 06:36:59,310 | INFO | top=4 candidate=batch:gen002-9cac82eae61f:1:None:None score=0.750 expr=ts_rank(earnings_per_share_average/close, 60)
2026-04-28 06:36:59,310 | INFO | top=5 candidate=batch:gen002-a8495460ddad:1:None:None score=0.750 expr=group_neutralize(anl4_afv4_median_eps/close, 48)
2026-04-28 06:36:59,310 | INFO | dry-run plan end
2026-04-28 06:36:59,310 | INFO | summary={"mode": "dry", "planned": 10, "top": 5, "total_after_dedupe": 10}
2026-04-28 06:36:59,443 | INFO | loaded field candidate file=/Users/zpdedn/Documents/project/Worldquantbrain/runs/evolution/generations/gen_003.batch.json
2026-04-28 06:36:59,443 | INFO | batch_id=None
2026-04-28 06:36:59,443 | INFO | field_count=20
2026-04-28 06:36:59,443 | INFO | generated_candidates=20
2026-04-28 06:37:03,747 | WARNING | similarity warning candidate=batch:gen003-604d8ecfcfae:1:None:None score=0.812 match_level=structural
2026-04-28 06:37:03,747 | INFO | dedupe summary total=20 duplicates=0 warnings=1 remaining=20
2026-04-28 06:37:03,747 | INFO | dry-run plan start
2026-04-28 06:37:03,747 | INFO | project_root=/Users/zpdedn/Documents/project/Worldquantbrain
2026-04-28 06:37:03,747 | INFO | fields_file=/Users/zpdedn/Documents/project/Worldquantbrain/runs/evolution/generations/gen_003.batch.json
2026-04-28 06:37:03,747 | INFO | ledger_rows=300
2026-04-28 06:37:03,747 | INFO | templates=ts_rank({field}, {decay}), ts_zscore({field}, {decay}), ts_mean({field}, {decay}), ts_rank(ts_mean({field}, 63), {decay})
2026-04-28 06:37:03,747 | INFO | decays=0
2026-04-28 06:37:03,747 | INFO | neutralizations=None
2026-04-28 06:37:03,747 | INFO | planned_candidates=10
2026-04-28 06:37:03,747 | INFO | top_recommendations=5
2026-04-28 06:37:03,747 | INFO | top_field_cap=2
2026-04-28 06:37:03,747 | INFO | --- ranked plan ---
2026-04-28 06:37:03,747 | INFO | rank field                        decay neutralization tmp  alpha_cnt coverage complexity  score     expression
2026-04-28 06:37:03,747 | INFO | 1    gen003-09a1d5c80cd3          None  None       1    1        1.000  1           0.750     group_neutralize(s0/close, 48)
2026-04-28 06:37:03,748 | INFO | 2    gen003-1c4234ae337b          None  None       1    1        1.000  1           0.750     ts_rank(actual_eps_value_close_industry_subindustry_probe/close, 60)
2026-04-28 06:37:03,748 | INFO | 3    gen003-21bd78fb305c          None  None       1    1        1.000  1           0.750     ts_rank(actual_sales_delta_fundamental_batch_01_api_checks/close, 60)
2026-04-28 06:37:03,748 | INFO | 4    gen003-2a077155a36d          None  None       1    1        1.000  1           0.750     ts_mean(close, 63)
2026-04-28 06:37:03,748 | INFO | 5    gen003-56f0936d177b          None  None       1    1        1.000  1           0.750     ts_rank(anl4_qfv4_eps_mean/close, 60)
2026-04-28 06:37:03,748 | INFO | 6    gen003-924b2a470d7a          None  None       1    1        1.000  1           0.750     group_sum(anl4_afv4_median_eps/close, 48)
2026-04-28 06:37:03,748 | INFO | 7    gen003-bf8e1a112872          None  None       1    1        1.000  1           0.750     ts_mean(industry, 63)
2026-04-28 06:37:03,748 | INFO | 8    gen003-dc4bc6f2763c          None  None       1    1        1.000  1           0.750     ts_mean(s0, 63)
2026-04-28 06:37:03,748 | INFO | 9    gen003-0972a1de7ecc          None  None       1    1        1.000  2           0.650     group_rank(ts_backfill(earnings_per_share_median_value/socialmedia12-sentiment-fast-s0-recheck, 60), actual_eps_value_close_industry_subindustry_probe)
2026-04-28 06:37:03,748 | INFO | 10   gen003-1e43383faa5a          None  None       1    1        1.000  2           0.650     sqrt(group_neutralize(ts_rank(earnings_per_share_median_value/subindustry, 60), industry))
2026-04-28 06:37:03,748 | INFO | --- top 5 (field-capped) ---
2026-04-28 06:37:03,748 | INFO | top=1 candidate=batch:gen003-09a1d5c80cd3:1:None:None score=0.750 expr=group_neutralize(s0/close, 48)
2026-04-28 06:37:03,748 | INFO | top=2 candidate=batch:gen003-1c4234ae337b:1:None:None score=0.750 expr=ts_rank(actual_eps_value_close_industry_subindustry_probe/close, 60)
2026-04-28 06:37:03,748 | INFO | top=3 candidate=batch:gen003-21bd78fb305c:1:None:None score=0.750 expr=ts_rank(actual_sales_delta_fundamental_batch_01_api_checks/close, 60)
2026-04-28 06:37:03,748 | INFO | top=4 candidate=batch:gen003-2a077155a36d:1:None:None score=0.750 expr=ts_mean(close, 63)
2026-04-28 06:37:03,748 | INFO | top=5 candidate=batch:gen003-56f0936d177b:1:None:None score=0.750 expr=ts_rank(anl4_qfv4_eps_mean/close, 60)
2026-04-28 06:37:03,748 | INFO | dry-run plan end
2026-04-28 06:37:03,748 | INFO | summary={"mode": "dry", "planned": 10, "top": 5, "total_after_dedupe": 10}
2026-04-28 07:20:41,640 | INFO | loaded field candidate file=/Users/zpdedn/Documents/project/Worldquantbrain/runs/evolution/generations/gen_001.batch.json
2026-04-28 07:20:41,640 | INFO | batch_id=None
2026-04-28 07:20:41,640 | INFO | field_count=20
2026-04-28 07:20:41,640 | INFO | generated_candidates=20
2026-04-28 07:20:41,816 | WARNING | similarity warning candidate=batch:gen001-e618a26a23c2:1:None:None score=0.820 match_level=structural
2026-04-28 07:20:41,985 | WARNING | similarity warning candidate=batch:gen001-04156ff798ca:1:None:None score=0.831 match_level=structural
2026-04-28 07:20:42,392 | WARNING | similarity warning candidate=batch:gen001-acf220418a34:1:None:None score=0.841 match_level=structural
2026-04-28 07:20:42,694 | WARNING | similarity warning candidate=batch:gen001-0ad9a7e65dab:1:None:None score=0.768 match_level=structural
2026-04-28 07:20:42,900 | WARNING | similarity warning candidate=batch:gen001-29ca1b8675be:1:None:None score=0.837 match_level=structural
2026-04-28 07:20:43,105 | WARNING | similarity warning candidate=batch:gen001-9143243dcfba:1:None:None score=0.791 match_level=structural
2026-04-28 07:20:43,313 | WARNING | similarity warning candidate=batch:gen001-be491c77ebc3:1:None:None score=0.870 match_level=structural
2026-04-28 07:20:43,496 | WARNING | similarity warning candidate=batch:gen001-55fb89976528:1:None:None score=0.844 match_level=structural
2026-04-28 07:20:43,701 | WARNING | similarity warning candidate=batch:gen001-a374a26a7e09:1:None:None score=0.837 match_level=structural
2026-04-28 07:20:43,901 | WARNING | similarity warning candidate=batch:gen001-7e85e64de995:1:None:None score=0.842 match_level=structural
2026-04-28 07:20:44,093 | WARNING | similarity warning candidate=batch:gen001-cb97369f77df:1:None:None score=0.829 match_level=structural
2026-04-28 07:20:44,334 | WARNING | similarity warning candidate=batch:gen001-0c5e8247b0bd:1:None:None score=0.804 match_level=structural
2026-04-28 07:20:44,572 | WARNING | similarity warning candidate=batch:gen001-4547bc943d0a:1:None:None score=0.733 match_level=structural
2026-04-28 07:20:44,751 | WARNING | similarity warning candidate=batch:gen001-b70221d84e07:1:None:None score=0.856 match_level=structural
2026-04-28 07:20:44,876 | WARNING | similarity warning candidate=batch:gen001-8d089e14b7f9:1:None:None score=0.849 match_level=structural
2026-04-28 07:20:45,129 | WARNING | similarity warning candidate=batch:gen001-ee3cadf807a5:1:None:None score=0.799 match_level=structural
2026-04-28 07:20:45,361 | WARNING | similarity warning candidate=batch:gen001-0d82b922e039:1:None:None score=0.835 match_level=structural
2026-04-28 07:20:45,490 | WARNING | similarity warning candidate=batch:gen001-325aa8aef84c:1:None:None score=0.869 match_level=structural
2026-04-28 07:20:45,491 | INFO | dedupe summary total=20 duplicates=0 warnings=18 remaining=20
2026-04-28 07:20:45,491 | INFO | dry-run plan start
2026-04-28 07:20:45,491 | INFO | project_root=/Users/zpdedn/Documents/project/Worldquantbrain
2026-04-28 07:20:45,491 | INFO | fields_file=/Users/zpdedn/Documents/project/Worldquantbrain/runs/evolution/generations/gen_001.batch.json
2026-04-28 07:20:45,491 | INFO | ledger_rows=300
2026-04-28 07:20:45,491 | INFO | templates=ts_rank({field}, {decay}), ts_zscore({field}, {decay}), ts_mean({field}, {decay}), ts_rank(ts_mean({field}, 63), {decay})
2026-04-28 07:20:45,491 | INFO | decays=0
2026-04-28 07:20:45,491 | INFO | neutralizations=None
2026-04-28 07:20:45,491 | INFO | planned_candidates=10
2026-04-28 07:20:45,491 | INFO | top_recommendations=10
2026-04-28 07:20:45,491 | INFO | top_field_cap=2
2026-04-28 07:20:45,491 | INFO | --- ranked plan ---
2026-04-28 07:20:45,491 | INFO | rank field                        decay neutralization tmp  alpha_cnt coverage complexity  score     expression
2026-04-28 07:20:45,491 | INFO | 1    gen001-cdf044a1f8bc          None  None       1    1        1.000  1           0.750     ts_rank(anl4_af_eps_value / close, 120)
2026-04-28 07:20:45,492 | INFO | 2    gen001-04156ff798ca          None  None       1    1        1.000  2           0.650     group_mean(ts_rank(anl4_af_eps_value / close, 60), industry)
2026-04-28 07:20:45,492 | INFO | 3    gen001-0ad9a7e65dab          None  None       1    1        1.000  2           0.650     group_rank(ts_rank(anl4_qfv4_eps_mean/fundamental_model_slow_ratio_equity_cap_follow_up_batch_04, 60), industry)
2026-04-28 07:20:45,492 | INFO | 4    gen001-0c5e8247b0bd          None  None       1    1        1.000  2           0.650     ts_decay_linear(group_rank(ts_rank(actual_eps_value_quarterly / close, 60), industry), 120)
2026-04-28 07:20:45,492 | INFO | 5    gen001-0d82b922e039          None  None       1    1        1.000  2           0.650     group_rank(ts_rank(earnings_per_share_average/pv13_revere_index_value, 60), industry)
2026-04-28 07:20:45,492 | INFO | 6    gen001-29ca1b8675be          None  None       1    1        1.000  2           0.650     zscore(group_rank(ts_rank(earnings_per_share_average/close, 60), industry))
2026-04-28 07:20:45,492 | INFO | 7    gen001-325aa8aef84c          None  None       1    1        1.000  2           0.650     group_rank(ts_rank(close/close, 60), industry)
2026-04-28 07:20:45,492 | INFO | 8    gen001-4547bc943d0a          None  None       1    1        1.000  2           0.650     log(group_rank(group_rank(ts_rank(anl4_af_eps_value / close, 60), subindustry), industry))
2026-04-28 07:20:45,492 | INFO | 9    gen001-55fb89976528          None  None       1    1        1.000  2           0.650     log(group_rank(ts_rank(anl4_qfv4_median_eps/close, 60), industry))
2026-04-28 07:20:45,492 | INFO | 10   gen001-7e85e64de995          None  None       1    1        1.000  2           0.650     rank(ts_rank(group_rank(shareholders_equity_total_2 / cap, industry), 84))
2026-04-28 07:20:45,492 | INFO | --- top 10 (field-capped) ---
2026-04-28 07:20:45,492 | INFO | top=1 candidate=batch:gen001-cdf044a1f8bc:1:None:None score=0.750 expr=ts_rank(anl4_af_eps_value / close, 120)
2026-04-28 07:20:45,492 | INFO | top=2 candidate=batch:gen001-04156ff798ca:1:None:None score=0.650 expr=group_mean(ts_rank(anl4_af_eps_value / close, 60), industry)
2026-04-28 07:20:45,492 | INFO | top=3 candidate=batch:gen001-0ad9a7e65dab:1:None:None score=0.650 expr=group_rank(ts_rank(anl4_qfv4_eps_mean/fundamental_model_slow_ratio_equity_cap_follow_up_batch_04, 60), industry)
2026-04-28 07:20:45,492 | INFO | top=4 candidate=batch:gen001-0c5e8247b0bd:1:None:None score=0.650 expr=ts_decay_linear(group_rank(ts_rank(actual_eps_value_quarterly / close, 60), industry), 120)
2026-04-28 07:20:45,492 | INFO | top=5 candidate=batch:gen001-0d82b922e039:1:None:None score=0.650 expr=group_rank(ts_rank(earnings_per_share_average/pv13_revere_index_value, 60), industry)
2026-04-28 07:20:45,492 | INFO | top=6 candidate=batch:gen001-29ca1b8675be:1:None:None score=0.650 expr=zscore(group_rank(ts_rank(earnings_per_share_average/close, 60), industry))
2026-04-28 07:20:45,492 | INFO | top=7 candidate=batch:gen001-325aa8aef84c:1:None:None score=0.650 expr=group_rank(ts_rank(close/close, 60), industry)
2026-04-28 07:20:45,492 | INFO | top=8 candidate=batch:gen001-4547bc943d0a:1:None:None score=0.650 expr=log(group_rank(group_rank(ts_rank(anl4_af_eps_value / close, 60), subindustry), industry))
2026-04-28 07:20:45,492 | INFO | top=9 candidate=batch:gen001-55fb89976528:1:None:None score=0.650 expr=log(group_rank(ts_rank(anl4_qfv4_median_eps/close, 60), industry))
2026-04-28 07:20:45,492 | INFO | top=10 candidate=batch:gen001-7e85e64de995:1:None:None score=0.650 expr=rank(ts_rank(group_rank(shareholders_equity_total_2 / cap, industry), 84))
2026-04-28 07:20:45,492 | INFO | dry-run plan end
2026-04-28 07:20:45,492 | INFO | summary={"mode": "dry", "planned": 10, "top": 10, "total_after_dedupe": 10}
2026-04-28 07:34:07,482 | WARNING | similarity warning candidate=batch:gen001-e618a26a23c2:1:None:None score=0.820 match_level=structural
2026-04-28 07:34:07,659 | WARNING | similarity warning candidate=batch:gen001-04156ff798ca:1:None:None score=0.831 match_level=structural
2026-04-28 07:34:08,070 | WARNING | similarity warning candidate=batch:gen001-acf220418a34:1:None:None score=0.841 match_level=structural
2026-04-28 07:34:08,372 | WARNING | similarity warning candidate=batch:gen001-0ad9a7e65dab:1:None:None score=0.768 match_level=structural
2026-04-28 07:34:08,579 | WARNING | similarity warning candidate=batch:gen001-29ca1b8675be:1:None:None score=0.837 match_level=structural
2026-04-28 07:34:08,784 | WARNING | similarity warning candidate=batch:gen001-9143243dcfba:1:None:None score=0.791 match_level=structural
2026-04-28 07:34:08,992 | WARNING | similarity warning candidate=batch:gen001-be491c77ebc3:1:None:None score=0.870 match_level=structural
2026-04-28 07:34:09,175 | WARNING | similarity warning candidate=batch:gen001-55fb89976528:1:None:None score=0.844 match_level=structural
2026-04-28 07:34:09,381 | WARNING | similarity warning candidate=batch:gen001-a374a26a7e09:1:None:None score=0.837 match_level=structural
2026-04-28 07:34:09,580 | WARNING | similarity warning candidate=batch:gen001-7e85e64de995:1:None:None score=0.842 match_level=structural
2026-04-28 07:34:09,773 | WARNING | similarity warning candidate=batch:gen001-cb97369f77df:1:None:None score=0.829 match_level=structural
2026-04-28 07:34:10,013 | WARNING | similarity warning candidate=batch:gen001-0c5e8247b0bd:1:None:None score=0.804 match_level=structural
2026-04-28 07:34:10,253 | WARNING | similarity warning candidate=batch:gen001-4547bc943d0a:1:None:None score=0.733 match_level=structural
2026-04-28 07:34:10,432 | WARNING | similarity warning candidate=batch:gen001-b70221d84e07:1:None:None score=0.856 match_level=structural
2026-04-28 07:34:10,557 | WARNING | similarity warning candidate=batch:gen001-8d089e14b7f9:1:None:None score=0.849 match_level=structural
2026-04-28 07:34:10,814 | WARNING | similarity warning candidate=batch:gen001-ee3cadf807a5:1:None:None score=0.799 match_level=structural
2026-04-28 07:34:11,051 | WARNING | similarity warning candidate=batch:gen001-0d82b922e039:1:None:None score=0.835 match_level=structural
2026-04-28 07:34:11,185 | WARNING | similarity warning candidate=batch:gen001-325aa8aef84c:1:None:None score=0.869 match_level=structural
2026-04-28 07:34:11,185 | INFO | dedupe summary total=20 duplicates=0 warnings=18 remaining=20
2026-04-28 07:35:38,187 | WARNING | similarity warning candidate=batch:gen001-e618a26a23c2:1:None:None score=0.820 match_level=structural
2026-04-28 07:35:38,359 | WARNING | similarity warning candidate=batch:gen001-04156ff798ca:1:None:None score=0.831 match_level=structural
2026-04-28 07:35:38,767 | WARNING | similarity warning candidate=batch:gen001-acf220418a34:1:None:None score=0.841 match_level=structural
2026-04-28 07:35:39,068 | WARNING | similarity warning candidate=batch:gen001-0ad9a7e65dab:1:None:None score=0.768 match_level=structural
2026-04-28 07:35:39,275 | WARNING | similarity warning candidate=batch:gen001-29ca1b8675be:1:None:None score=0.837 match_level=structural
2026-04-28 07:35:39,480 | WARNING | similarity warning candidate=batch:gen001-9143243dcfba:1:None:None score=0.791 match_level=structural
2026-04-28 07:35:39,687 | WARNING | similarity warning candidate=batch:gen001-be491c77ebc3:1:None:None score=0.870 match_level=structural
2026-04-28 07:35:39,870 | WARNING | similarity warning candidate=batch:gen001-55fb89976528:1:None:None score=0.844 match_level=structural
2026-04-28 07:35:40,077 | WARNING | similarity warning candidate=batch:gen001-a374a26a7e09:1:None:None score=0.837 match_level=structural
2026-04-28 07:35:40,275 | WARNING | similarity warning candidate=batch:gen001-7e85e64de995:1:None:None score=0.842 match_level=structural
2026-04-28 07:35:40,467 | WARNING | similarity warning candidate=batch:gen001-cb97369f77df:1:None:None score=0.829 match_level=structural
2026-04-28 07:35:40,708 | WARNING | similarity warning candidate=batch:gen001-0c5e8247b0bd:1:None:None score=0.804 match_level=structural
2026-04-28 07:35:40,947 | WARNING | similarity warning candidate=batch:gen001-4547bc943d0a:1:None:None score=0.733 match_level=structural
2026-04-28 07:35:41,126 | WARNING | similarity warning candidate=batch:gen001-b70221d84e07:1:None:None score=0.856 match_level=structural
2026-04-28 07:35:41,250 | WARNING | similarity warning candidate=batch:gen001-8d089e14b7f9:1:None:None score=0.849 match_level=structural
2026-04-28 07:35:41,502 | WARNING | similarity warning candidate=batch:gen001-ee3cadf807a5:1:None:None score=0.799 match_level=structural
2026-04-28 07:35:41,732 | WARNING | similarity warning candidate=batch:gen001-0d82b922e039:1:None:None score=0.835 match_level=structural
2026-04-28 07:35:41,861 | WARNING | similarity warning candidate=batch:gen001-325aa8aef84c:1:None:None score=0.869 match_level=structural
2026-04-28 07:35:41,861 | INFO | dedupe summary total=20 duplicates=0 warnings=18 remaining=20
2026-04-28 07:46:03,235 | INFO | loaded field candidate file=/Users/zpdedn/Documents/project/Worldquantbrain/runs/evolution/generations/opt-r1/gen_001.batch.json
2026-04-28 07:46:03,236 | INFO | batch_id=None
2026-04-28 07:46:03,236 | INFO | field_count=20
2026-04-28 07:46:03,236 | INFO | generated_candidates=20
2026-04-28 07:46:04,209 | WARNING | similarity warning candidate=batch:gen001-5caf569d9422:1:None:None score=0.763 match_level=structural
2026-04-28 07:46:04,429 | WARNING | similarity warning candidate=batch:gen001-232ac5c76bd9:1:None:None score=0.989 match_level=structural
2026-04-28 07:46:04,836 | WARNING | similarity warning candidate=batch:gen001-8344235797bd:1:None:None score=0.823 match_level=structural
2026-04-28 07:46:05,313 | WARNING | similarity warning candidate=batch:gen001-bba7a731f511:1:None:None score=0.821 match_level=structural
2026-04-28 07:46:05,503 | WARNING | similarity warning candidate=batch:gen001-91f319d7416f:1:None:None score=0.799 match_level=structural
2026-04-28 07:46:05,676 | WARNING | similarity warning candidate=batch:gen001-b7435ad57ee5:1:None:None score=0.890 match_level=structural
2026-04-28 07:46:05,889 | WARNING | similarity warning candidate=batch:gen001-7bb07f9b2ffa:1:None:None score=0.809 match_level=structural
2026-04-28 07:46:06,134 | WARNING | similarity warning candidate=batch:gen001-d10733162255:1:None:None score=0.839 match_level=structural
2026-04-28 07:46:06,357 | WARNING | similarity warning candidate=batch:gen001-158310cc493c:1:None:None score=0.809 match_level=structural
2026-04-28 07:46:06,548 | WARNING | similarity warning candidate=batch:gen001-fe4e5d8dcb70:1:None:None score=0.901 match_level=structural
2026-04-28 07:46:06,685 | WARNING | similarity warning candidate=batch:gen001-7ad09ab1f8f6:1:None:None score=0.841 match_level=structural
2026-04-28 07:46:06,685 | INFO | dedupe summary total=20 duplicates=0 warnings=11 remaining=20
2026-04-28 07:46:06,685 | INFO | dry-run plan start
2026-04-28 07:46:06,685 | INFO | project_root=/Users/zpdedn/Documents/project/Worldquantbrain
2026-04-28 07:46:06,685 | INFO | fields_file=/Users/zpdedn/Documents/project/Worldquantbrain/runs/evolution/generations/opt-r1/gen_001.batch.json
2026-04-28 07:46:06,685 | INFO | ledger_rows=300
2026-04-28 07:46:06,686 | INFO | templates=ts_rank({field}, {decay}), ts_zscore({field}, {decay}), ts_mean({field}, {decay}), ts_rank(ts_mean({field}, 63), {decay})
2026-04-28 07:46:06,686 | INFO | decays=0
2026-04-28 07:46:06,686 | INFO | neutralizations=None
2026-04-28 07:46:06,686 | INFO | planned_candidates=10
2026-04-28 07:46:06,686 | INFO | top_recommendations=10
2026-04-28 07:46:06,686 | INFO | top_field_cap=2
2026-04-28 07:46:06,686 | INFO | --- ranked plan ---
2026-04-28 07:46:06,686 | INFO | rank field                        decay neutralization tmp  alpha_cnt coverage complexity  score     expression
2026-04-28 07:46:06,686 | INFO | 1    gen001-18712db91872          None  None       1    1        1.000  1           0.750     ts_rank(sentiment_focus_rank, 60)
2026-04-28 07:46:06,686 | INFO | 2    gen001-232ac5c76bd9          None  None       1    1        1.000  1           0.750     ts_mean(pv13_revere_index_value, 63)
2026-04-28 07:46:06,686 | INFO | 3    gen001-3fd59d915c2f          None  None       1    1        1.000  1           0.750     ts_count_nans(pv13_revere_index_value, 60)
2026-04-28 07:46:06,686 | INFO | 4    gen001-5024e428367d          None  None       1    1        1.000  1           0.750     ts_rank(anl4_qfv4_median_eps/close, 60)
2026-04-28 07:46:06,686 | INFO | 5    gen001-8c5bbca421a8          None  None       1    1        1.000  1           0.750     ts_rank(anl4_af_eps_value / close, 60)
2026-04-28 07:46:06,686 | INFO | 6    gen001-92a9530b91f6          None  None       1    1        1.000  1           0.750     ts_rank(earnings_per_share_average/close, 120)
2026-04-28 07:46:06,686 | INFO | 7    gen001-af24b0eee1d1          None  None       1    1        1.000  1           0.750     ts_rank(anl4_afv4_median_eps/close, 60)
2026-04-28 07:46:06,686 | INFO | 8    gen001-ff353e8040c3          None  None       1    1        1.000  1           0.750     bucket(pv13_revere_index_value, 61)
2026-04-28 07:46:06,686 | INFO | 9    gen001-158310cc493c          None  None       1    1        1.000  2           0.650     group_rank(ts_rank(anl4_af_eps_value / close, 120), pv13_ustomergraphrank_page_rank)
2026-04-28 07:46:06,686 | INFO | 10   gen001-5caf569d9422          None  None       1    1        1.000  2           0.650     group_rank(ts_rank(fundamental_model_slow_ratio_equity_cap_follow_up_batch_06/close, 120), industry)
2026-04-28 07:46:06,686 | INFO | --- top 10 (field-capped) ---
2026-04-28 07:46:06,686 | INFO | top=1 candidate=batch:gen001-18712db91872:1:None:None score=0.750 expr=ts_rank(sentiment_focus_rank, 60)
2026-04-28 07:46:06,686 | INFO | top=2 candidate=batch:gen001-232ac5c76bd9:1:None:None score=0.750 expr=ts_mean(pv13_revere_index_value, 63)
2026-04-28 07:46:06,686 | INFO | top=3 candidate=batch:gen001-3fd59d915c2f:1:None:None score=0.750 expr=ts_count_nans(pv13_revere_index_value, 60)
2026-04-28 07:46:06,686 | INFO | top=4 candidate=batch:gen001-5024e428367d:1:None:None score=0.750 expr=ts_rank(anl4_qfv4_median_eps/close, 60)
2026-04-28 07:46:06,686 | INFO | top=5 candidate=batch:gen001-8c5bbca421a8:1:None:None score=0.750 expr=ts_rank(anl4_af_eps_value / close, 60)
2026-04-28 07:46:06,686 | INFO | top=6 candidate=batch:gen001-92a9530b91f6:1:None:None score=0.750 expr=ts_rank(earnings_per_share_average/close, 120)
2026-04-28 07:46:06,686 | INFO | top=7 candidate=batch:gen001-af24b0eee1d1:1:None:None score=0.750 expr=ts_rank(anl4_afv4_median_eps/close, 60)
2026-04-28 07:46:06,686 | INFO | top=8 candidate=batch:gen001-ff353e8040c3:1:None:None score=0.750 expr=bucket(pv13_revere_index_value, 61)
2026-04-28 07:46:06,686 | INFO | top=9 candidate=batch:gen001-158310cc493c:1:None:None score=0.650 expr=group_rank(ts_rank(anl4_af_eps_value / close, 120), pv13_ustomergraphrank_page_rank)
2026-04-28 07:46:06,686 | INFO | top=10 candidate=batch:gen001-5caf569d9422:1:None:None score=0.650 expr=group_rank(ts_rank(fundamental_model_slow_ratio_equity_cap_follow_up_batch_06/close, 120), industry)
2026-04-28 07:46:06,686 | INFO | dry-run plan end
2026-04-28 07:46:06,686 | INFO | summary={"mode": "dry", "planned": 10, "top": 10, "total_after_dedupe": 10}
2026-04-28 07:46:40,545 | WARNING | similarity warning candidate=batch:gen001-5caf569d9422:1:None:None score=0.763 match_level=structural
2026-04-28 07:46:40,764 | WARNING | similarity warning candidate=batch:gen001-232ac5c76bd9:1:None:None score=0.989 match_level=structural
2026-04-28 07:46:41,172 | WARNING | similarity warning candidate=batch:gen001-8344235797bd:1:None:None score=0.823 match_level=structural
2026-04-28 07:46:41,650 | WARNING | similarity warning candidate=batch:gen001-bba7a731f511:1:None:None score=0.821 match_level=structural
2026-04-28 07:46:41,839 | WARNING | similarity warning candidate=batch:gen001-91f319d7416f:1:None:None score=0.799 match_level=structural
2026-04-28 07:46:42,011 | WARNING | similarity warning candidate=batch:gen001-b7435ad57ee5:1:None:None score=0.890 match_level=structural
2026-04-28 07:46:42,224 | WARNING | similarity warning candidate=batch:gen001-7bb07f9b2ffa:1:None:None score=0.809 match_level=structural
2026-04-28 07:46:42,465 | WARNING | similarity warning candidate=batch:gen001-d10733162255:1:None:None score=0.839 match_level=structural
2026-04-28 07:46:42,689 | WARNING | similarity warning candidate=batch:gen001-158310cc493c:1:None:None score=0.809 match_level=structural
2026-04-28 07:46:42,878 | WARNING | similarity warning candidate=batch:gen001-fe4e5d8dcb70:1:None:None score=0.901 match_level=structural
2026-04-28 07:46:43,016 | WARNING | similarity warning candidate=batch:gen001-7ad09ab1f8f6:1:None:None score=0.841 match_level=structural
2026-04-28 07:46:43,016 | INFO | dedupe summary total=20 duplicates=0 warnings=11 remaining=20
2026-04-28 07:49:27,161 | WARNING | similarity warning candidate=batch:gen001-5caf569d9422:1:None:None score=0.763 match_level=structural
2026-04-28 07:49:27,381 | WARNING | similarity warning candidate=batch:gen001-232ac5c76bd9:1:None:None score=0.989 match_level=structural
2026-04-28 07:49:27,788 | WARNING | similarity warning candidate=batch:gen001-8344235797bd:1:None:None score=0.823 match_level=structural
2026-04-28 07:49:28,267 | WARNING | similarity warning candidate=batch:gen001-bba7a731f511:1:None:None score=0.821 match_level=structural
2026-04-28 07:49:28,456 | WARNING | similarity warning candidate=batch:gen001-91f319d7416f:1:None:None score=0.799 match_level=structural
2026-04-28 07:49:28,628 | WARNING | similarity warning candidate=batch:gen001-b7435ad57ee5:1:None:None score=0.890 match_level=structural
2026-04-28 07:49:28,841 | WARNING | similarity warning candidate=batch:gen001-7bb07f9b2ffa:1:None:None score=0.809 match_level=structural
2026-04-28 07:49:29,079 | WARNING | similarity warning candidate=batch:gen001-d10733162255:1:None:None score=0.839 match_level=structural
2026-04-28 07:49:29,303 | WARNING | similarity warning candidate=batch:gen001-158310cc493c:1:None:None score=0.809 match_level=structural
2026-04-28 07:49:29,492 | WARNING | similarity warning candidate=batch:gen001-fe4e5d8dcb70:1:None:None score=0.901 match_level=structural
2026-04-28 07:49:29,630 | WARNING | similarity warning candidate=batch:gen001-7ad09ab1f8f6:1:None:None score=0.841 match_level=structural
2026-04-28 07:49:29,630 | INFO | dedupe summary total=20 duplicates=0 warnings=11 remaining=20
